celda,d_v,rep,d_est,ok,SF,SFv,DCDi,DCD+,DCD+v,DCD-,DCD-v,par,no_adecuado,falla,cierre_adecuado,lr_neg,testigo_neg,d_pol,d_kpss,d_adf
ruido,0,3,0,1,—,,—,∇^1 θ̂+1.0000 LR0.000,cancela,—,,sin par,0,,1,0,0,0,0,0
ruido,0,3,1,1,—,,—,∇^2 θ̂+1.0000 LR0.000,cancela,θ̂+1.0000 LR0.000,cancelada,sin par,1,ruido blanco (Q): p mínimo = 0.0000,0,0,0,0,0,0
ruido,0,0,0,1,—,,—,∇^1 θ̂+1.0000 LR-0.000,cancela,—,,sin par,0,,1,0,0,0,0,0
ruido,0,0,1,1,—,,—,∇^2 θ̂+1.0000 LR0.000,cancela,θ̂+1.0000 LR-0.000,cancelada,sin par,1,ruido blanco (Q): p mínimo = 0.0000,0,0,0,0,0,0
ruido,0,1,0,1,—,,—,∇^1 θ̂+0.9454 LR3.231,,—,,sin par,0,,0,0,0,0,0,0
ruido,0,1,1,1,—,,—,∇^2 θ̂+1.0000 LR0.000,cancela,θ̂+0.9454 LR3.231,genuina,sin par,1,ruido blanco (Q): p mínimo = 0.0000,0,0,0,0,0,0
ruido,0,2,0,1,—,,—,∇^1 θ̂+1.0000 LR0.000,cancela,—,,sin par,0,,1,0,0,0,0,0
ruido,0,2,1,1,—,,—,∇^2 θ̂+1.0000 LR0.000,cancela,θ̂+1.0000 LR0.000,cancelada,sin par,1,ruido blanco (Q): p mínimo = 0.0000,0,0,0,0,0,0
ruido,0,5,0,1,—,,—,∇^1 θ̂+0.9652 LR1.091,cancela,—,,sin par,0,,1,0,0,0,0,0
ruido,0,5,1,1,—,,—,∇^2 θ̂+1.0000 LR0.000,cancela,θ̂+0.9652 LR1.091,cancelada,sin par,1,ruido blanco (Q): p mínimo = 0.0000,0,0,0,0,0,0
ruido,0,4,0,1,—,,—,∇^1 θ̂+0.9683 LR4.567,,—,,sin par,0,,0,0,0,0,1,0
ruido,0,4,1,1,—,,—,∇^2 θ̂+1.0000 LR0.000,cancela,θ̂+0.9683 LR4.567,genuina,sin par,1,ruido blanco (Q): p mínimo = 0.0000,0,0,0,0,1,0
ruido,0,6,0,1,—,,—,∇^1 θ̂+0.9749 LR0.716,cancela,—,,sin par,0,,1,0,0,0,0,0
ruido,0,6,1,1,—,,—,∇^2 θ̂+1.0000 LR0.000,cancela,θ̂+0.9749 LR0.716,cancelada,sin par,1,ruido blanco (Q): p mínimo = 0.0000,0,0,0,0,0,0
ruido,0,7,0,1,—,,—,∇^1 θ̂+1.0000 LR-0.000,cancela,—,,sin par,1,"normalidad (JB): 8.664, p = 0.0131",0,0,0,0,0,0
ruido,0,7,1,1,—,,—,∇^2 θ̂+1.0000 LR0.000,cancela,θ̂+1.0000 LR-0.000,cancelada,sin par,1,ruido blanco (Q): p mínimo = 0.0000,0,0,0,0,0,0
ruido,0,9,0,1,—,,—,∇^1 θ̂+1.0000 LR0.000,cancela,—,,sin par,1,estacionalidad en los residuos (p = 0.0131),0,0,0,0,0,0
ruido,0,9,1,1,—,,—,∇^2 θ̂+1.0000 LR0.000,cancela,θ̂+1.0000 LR0.000,cancelada,sin par,1,ruido blanco (Q): p mínimo = 0.0000; estacionalidad en los r,0,0,0,0,0,0
ruido,0,8,0,1,—,,—,∇^1 θ̂+1.0000 LR0.000,cancela,—,,sin par,0,,1,0,0,0,0,0
ruido,0,8,1,1,—,,—,∇^2 θ̂+1.0000 LR0.000,cancela,θ̂+1.0000 LR0.000,cancelada,sin par,1,ruido blanco (Q): p mínimo = 0.0000,0,0,0,0,0,0
ruido,0,10,0,1,—,,—,∇^1 θ̂+1.0000 LR-0.000,cancela,—,,sin par,1,estacionalidad en los residuos (p = 0.0448),0,0,0,0,0,0
ruido,0,10,1,1,—,,—,∇^2 θ̂+1.0000 LR0.000,cancela,θ̂+1.0000 LR-0.000,cancelada,sin par,1,ruido blanco (Q): p mínimo = 0.0000,0,0,0,0,0,0
ruido,0,11,0,1,—,,—,∇^1 θ̂+1.0000 LR0.000,cancela,—,,sin par,0,,1,0,0,0,0,0
ruido,0,11,1,1,—,,—,∇^2 θ̂+1.0000 LR0.000,cancela,θ̂+1.0000 LR0.000,cancelada,sin par,1,ruido blanco (Q): p mínimo = 0.0000; estacionalidad en los r,0,0,0,0,0,0
ruido,0,12,0,1,—,,—,∇^1 θ̂+0.9907 LR0.057,cancela,—,,sin par,0,,1,0,0,0,0,0
ruido,0,12,1,1,—,,—,∇^2 θ̂+1.0000 LR0.000,cancela,θ̂+0.9907 LR0.057,cancelada,sin par,1,ruido blanco (Q): p mínimo = 0.0000,0,0,0,0,0,0
ruido,0,13,0,1,—,,—,∇^1 θ̂+0.9522 LR0.277,cancela,—,,sin par,0,,1,0,0,0,0,0
ruido,0,13,1,1,—,,—,∇^2 θ̂+1.0000 LR0.000,cancela,θ̂+0.9522 LR0.277,cancelada,sin par,1,ruido blanco (Q): p mínimo = 0.0000,0,0,0,0,0,0
ruido,0,14,0,1,—,,—,∇^1 θ̂+0.9885 LR0.200,cancela,—,,sin par,0,,1,0,0,0,0,0
ruido,0,14,1,1,—,,—,∇^2 θ̂+1.0000 LR0.000,cancela,θ̂+0.9885 LR0.200,cancelada,sin par,1,ruido blanco (Q): p mínimo = 0.0000,0,0,0,0,0,0
ruido,0,15,0,1,—,,—,∇^1 θ̂+1.0000 LR0.000,cancela,—,,sin par,1,estacionalidad en los residuos (p = 0.0270),0,0,0,0,0,0
ruido,0,15,1,1,—,,—,∇^2 θ̂+1.0000 LR0.000,cancela,θ̂+1.0000 LR0.000,cancelada,sin par,1,ruido blanco (Q): p mínimo = 0.0000; estacionalidad en los r,0,0,0,0,0,0
ruido,0,16,0,1,—,,—,∇^1 θ̂+1.0000 LR0.000,cancela,—,,sin par,0,,1,0,0,0,0,0
ruido,0,16,1,1,—,,—,∇^2 θ̂+1.0000 LR0.000,cancela,θ̂+1.0000 LR0.000,cancelada,sin par,1,ruido blanco (Q): p mínimo = 0.0000,0,0,0,0,0,0
ruido,0,17,0,1,—,,—,∇^1 θ̂+1.0000 LR-0.000,cancela,—,,sin par,0,,1,0,0,0,0,0
ruido,0,17,1,1,—,,—,∇^2 θ̂+1.0000 LR-0.000,cancela,θ̂+1.0000 LR-0.000,cancelada,sin par,1,ruido blanco (Q): p mínimo = 0.0000,0,0,0,0,0,0
ruido,0,19,0,1,—,,—,∇^1 θ̂+1.0000 LR0.000,cancela,—,,sin par,1,"normalidad (JB): 7.910, p = 0.0192",0,0,0,0,0,0
ruido,0,19,1,1,—,,—,∇^2 θ̂+1.0000 LR-0.000,cancela,θ̂+1.0000 LR0.000,cancelada,sin par,1,ruido blanco (Q): p mínimo = 0.0000,0,0,0,0,0,0
ruido,0,18,0,1,—,,—,∇^1 θ̂+1.0000 LR0.000,cancela,—,,sin par,1,estacionalidad en los residuos (p = 0.0118),0,0,0,0,0,0
ruido,0,18,1,1,—,,—,∇^2 θ̂+1.0000 LR0.000,cancela,θ̂+1.0000 LR0.000,cancelada,sin par,1,ruido blanco (Q): p mínimo = 0.0000,0,0,0,0,0,0
ruido,0,20,0,1,—,,—,∇^1 θ̂+0.9922 LR0.010,cancela,—,,sin par,0,,1,0,0,0,0,0
ruido,0,20,1,1,—,,—,∇^2 θ̂+1.0000 LR-0.000,cancela,θ̂+0.9922 LR0.010,cancelada,sin par,1,ruido blanco (Q): p mínimo = 0.0000,0,0,0,0,0,0
ruido,0,21,0,1,—,,—,∇^1 θ̂+1.0000 LR0.000,cancela,—,,sin par,0,,1,0,0,0,0,0
ruido,0,21,1,1,—,,—,∇^2 θ̂+1.0000 LR0.000,cancela,θ̂+1.0000 LR0.000,cancelada,sin par,1,ruido blanco (Q): p mínimo = 0.0000,0,0,0,0,0,0
ruido,0,23,0,1,—,,—,∇^1 θ̂+1.0000 LR0.000,cancela,—,,sin par,0,,1,0,0,0,0,0
ruido,0,23,1,1,—,,—,∇^2 θ̂+1.0000 LR0.000,cancela,θ̂+1.0000 LR0.000,cancelada,sin par,1,ruido blanco (Q): p mínimo = 0.0000,0,0,0,0,0,0
ruido,0,22,0,1,—,,—,∇^1 θ̂+1.0000 LR-0.000,cancela,—,,sin par,1,"normalidad (JB): 9.601, p = 0.0082",0,0,0,0,0,0
ruido,0,22,1,1,—,,—,∇^2 θ̂+1.0000 LR0.000,cancela,θ̂+1.0000 LR-0.000,cancelada,sin par,1,ruido blanco (Q): p mínimo = 0.0000,0,0,0,0,0,0
ruido,0,24,0,1,—,,—,∇^1 θ̂+1.0000 LR0.000,cancela,—,,sin par,0,,1,0,0,0,0,0
ruido,0,24,1,1,—,,—,∇^2 θ̂+1.0000 LR0.000,cancela,θ̂+1.0000 LR0.000,cancelada,sin par,1,ruido blanco (Q): p mínimo = 0.0000,0,0,0,0,0,0
ruido,0,25,0,1,—,,—,∇^1 θ̂+1.0000 LR0.000,cancela,—,,sin par,0,,1,0,0,0,0,0
ruido,0,25,1,1,—,,—,∇^2 θ̂+1.0000 LR-0.000,cancela,θ̂+1.0000 LR0.000,cancelada,sin par,1,ruido blanco (Q): p mínimo = 0.0000,0,0,0,0,0,0
ruido,0,26,0,1,—,,—,∇^1 θ̂+1.0000 LR0.000,cancela,—,,sin par,0,,1,0,0,0,0,0
ruido,0,26,1,1,—,,—,∇^2 θ̂+1.0000 LR0.000,cancela,θ̂+1.0000 LR0.000,cancelada,sin par,1,ruido blanco (Q): p mínimo = 0.0000,0,0,0,0,0,0
ruido,0,28,0,1,—,,—,∇^1 θ̂+1.0000 LR-0.000,cancela,—,,sin par,0,,1,0,0,0,0,0
ruido,0,28,1,1,—,,—,∇^2 θ̂+1.0000 LR0.000,cancela,θ̂+1.0000 LR-0.000,cancelada,sin par,1,ruido blanco (Q): p mínimo = 0.0000,0,0,0,0,0,0
ruido,0,27,0,1,—,,—,∇^1 θ̂+1.0000 LR-0.000,cancela,—,,sin par,1,"normalidad (JB): 11.241, p = 0.0036",0,0,0,0,0,0
ruido,0,27,1,1,—,,—,∇^2 θ̂+1.0000 LR0.000,cancela,θ̂+1.0000 LR-0.000,cancelada,sin par,1,ruido blanco (Q): p mínimo = 0.0000,0,0,0,0,0,0
ruido,0,29,0,1,—,,—,∇^1 θ̂+0.9820 LR0.474,cancela,—,,sin par,0,,1,0,0,0,0,0
ruido,0,29,1,1,—,,—,∇^2 θ̂+1.0000 LR-0.000,cancela,θ̂+0.9820 LR0.474,cancelada,sin par,1,ruido blanco (Q): p mínimo = 0.0000,0,0,0,0,0,0
ruido,0,31,0,1,—,,—,∇^1 θ̂+1.0000 LR-0.000,cancela,—,,sin par,0,,1,0,0,0,0,0
ruido,0,31,1,1,—,,—,∇^2 θ̂+1.0000 LR0.000,cancela,θ̂+1.0000 LR-0.000,cancelada,sin par,1,ruido blanco (Q): p mínimo = 0.0000,0,0,0,0,0,0
ruido,0,30,0,1,—,,—,∇^1 θ̂+0.9871 LR0.324,cancela,—,,sin par,0,,1,0,0,0,0,0
ruido,0,30,1,1,—,,—,∇^2 θ̂+1.0000 LR0.000,cancela,θ̂+0.9871 LR0.324,cancelada,sin par,1,ruido blanco (Q): p mínimo = 0.0000,0,0,0,0,0,0
ruido,0,32,0,1,—,,—,∇^1 θ̂+1.0000 LR0.000,cancela,—,,sin par,0,,1,0,0,0,0,0
ruido,0,32,1,1,—,,—,∇^2 θ̂+1.0000 LR0.000,cancela,θ̂+1.0000 LR0.000,cancelada,sin par,1,ruido blanco (Q): p mínimo = 0.0000,0,0,0,0,0,0
ruido,0,33,0,1,—,,—,∇^1 θ̂+0.9871 LR0.163,cancela,—,,sin par,0,,1,0,0,0,0,0
ruido,0,33,1,1,—,,—,∇^2 θ̂+1.0000 LR0.000,cancela,θ̂+0.9871 LR0.163,cancelada,sin par,1,"ruido blanco (Q): p mínimo = 0.0000; normalidad (JB): 7.077,",0,0,0,0,0,0
ruido,0,34,0,1,—,,—,∇^1 θ̂+1.0000 LR0.000,cancela,—,,sin par,0,,1,0,0,0,0,0
ruido,0,34,1,1,—,,—,∇^2 θ̂+1.0000 LR0.000,cancela,θ̂+1.0000 LR0.000,cancelada,sin par,1,ruido blanco (Q): p mínimo = 0.0000,0,0,0,0,0,0
ruido,0,35,0,1,—,,—,∇^1 θ̂+0.9909 LR0.081,cancela,—,,sin par,0,,1,0,0,0,0,0
ruido,0,35,1,1,—,,—,∇^2 θ̂+1.0000 LR0.000,cancela,θ̂+0.9909 LR0.081,cancelada,sin par,1,"ruido blanco (Q): p mínimo = 0.0000; normalidad (JB): 6.146,",0,0,0,0,0,0
ruido,0,36,0,1,—,,—,∇^1 θ̂+0.9644 LR5.758,,—,,sin par,0,,0,0,0,0,1,0
ruido,0,36,1,1,—,,—,∇^2 θ̂+1.0000 LR0.000,cancela,θ̂+0.9644 LR5.758,genuina,sin par,1,ruido blanco (Q): p mínimo = 0.0000,0,0,0,0,1,0
ruido,0,37,0,1,—,,—,∇^1 θ̂+1.0000 LR-0.000,cancela,—,,sin par,0,,1,0,0,0,0,0
ruido,0,37,1,1,—,,—,∇^2 θ̂+1.0000 LR0.000,cancela,θ̂+1.0000 LR-0.000,cancelada,sin par,1,ruido blanco (Q): p mínimo = 0.0000,0,0,0,0,0,0
ruido,0,38,0,1,—,,—,∇^1 θ̂+0.9858 LR0.316,cancela,—,,sin par,0,,1,0,0,0,0,0
ruido,0,38,1,1,—,,—,∇^2 θ̂+1.0000 LR0.000,cancela,θ̂+0.9858 LR0.316,cancelada,sin par,1,ruido blanco (Q): p mínimo = 0.0000,0,0,0,0,0,0
ruido,0,39,0,1,—,,—,∇^1 θ̂+1.0000 LR-0.000,cancela,—,,sin par,0,,1,0,0,0,0,0
ruido,0,39,1,1,—,,—,∇^2 θ̂+1.0000 LR0.000,cancela,θ̂+1.0000 LR-0.000,cancelada,sin par,1,ruido blanco (Q): p mínimo = 0.0000,0,0,0,0,0,0
ruido,0,40,0,1,—,,—,∇^1 θ̂+0.9860 LR0.245,cancela,—,,sin par,1,estacionalidad en los residuos (p = 0.0490),0,0,0,0,0,0
ruido,0,40,1,1,—,,—,∇^2 θ̂+1.0000 LR0.000,cancela,θ̂+0.9860 LR0.245,cancelada,sin par,1,ruido blanco (Q): p mínimo = 0.0000; estacionalidad en los r,0,0,0,0,0,0
ruido,0,42,0,1,—,,—,∇^1 θ̂+1.0000 LR0.000,cancela,—,,sin par,0,,1,0,0,0,0,0
ruido,0,42,1,1,—,,—,∇^2 θ̂+1.0000 LR0.000,cancela,θ̂+1.0000 LR0.000,cancelada,sin par,1,ruido blanco (Q): p mínimo = 0.0000,0,0,0,0,0,0
ruido,0,41,0,1,—,,—,∇^1 θ̂+1.0000 LR0.000,cancela,—,,sin par,0,,1,0,0,0,0,0
ruido,0,41,1,1,—,,—,∇^2 θ̂+1.0000 LR0.000,cancela,θ̂+1.0000 LR0.000,cancelada,sin par,1,ruido blanco (Q): p mínimo = 0.0000,0,0,0,0,0,0
ruido,0,43,0,1,—,,—,∇^1 θ̂+1.0000 LR0.000,cancela,—,,sin par,0,,1,0,0,0,0,0
ruido,0,43,1,1,—,,—,∇^2 θ̂+1.0000 LR0.000,cancela,θ̂+1.0000 LR0.000,cancelada,sin par,1,ruido blanco (Q): p mínimo = 0.0000,0,0,0,0,0,0
ruido,0,44,0,1,—,,—,∇^1 θ̂+1.0000 LR0.000,cancela,—,,sin par,0,,1,0,0,0,0,0
ruido,0,44,1,1,—,,—,∇^2 θ̂+1.0000 LR0.000,cancela,θ̂+1.0000 LR0.000,cancelada,sin par,1,ruido blanco (Q): p mínimo = 0.0000,0,0,0,0,0,0
ruido,0,45,0,1,—,,—,∇^1 θ̂+0.9387 LR2.529,,—,,sin par,0,,0,0,0,0,0,0
ruido,0,45,1,1,—,,—,∇^2 θ̂+1.0000 LR0.000,cancela,θ̂+0.9387 LR2.529,genuina,sin par,1,ruido blanco (Q): p mínimo = 0.0000,0,0,0,0,0,0
ruido,0,46,0,1,—,,—,∇^1 θ̂+1.0000 LR-0.000,cancela,—,,sin par,0,,1,0,0,0,0,0
ruido,0,46,1,1,—,,—,∇^2 θ̂+1.0000 LR0.000,cancela,θ̂+1.0000 LR-0.000,cancelada,sin par,1,ruido blanco (Q): p mínimo = 0.0000,0,0,0,0,0,0
ruido,0,47,0,1,—,,—,∇^1 θ̂+0.9868 LR0.080,cancela,—,,sin par,0,,1,0,0,0,0,0
ruido,0,47,1,1,—,,—,∇^2 θ̂+1.0000 LR0.000,cancela,θ̂+0.9868 LR0.080,cancelada,sin par,1,ruido blanco (Q): p mínimo = 0.0001,0,0,0,0,0,0
ruido,0,48,0,1,—,,—,∇^1 θ̂+1.0000 LR0.000,cancela,—,,sin par,0,,1,0,0,0,0,0
ruido,0,48,1,1,—,,—,∇^2 θ̂+1.0000 LR0.000,cancela,θ̂+1.0000 LR0.000,cancelada,sin par,1,ruido blanco (Q): p mínimo = 0.0000,0,0,0,0,0,0
ruido,0,49,0,1,—,,—,∇^1 θ̂+1.0000 LR0.000,cancela,—,,sin par,0,,1,0,0,0,0,0
ruido,0,49,1,1,—,,—,∇^2 θ̂+1.0000 LR0.000,cancela,θ̂+1.0000 LR0.000,cancelada,sin par,1,ruido blanco (Q): p mínimo = 0.0000,0,0,0,0,0,0
AR(1) .5,0,0,0,1,SF,estac.,—,∇^1 θ̂+1.0000 LR-0.000,cancela,—,,coinciden,0,,1,0,0,0,0,0
AR(1) .5,0,0,1,1,—,,—,∇^2 θ̂+1.0000 LR0.000,cancela,θ̂+1.0000 LR0.000,cancelada,sin par,1,ruido blanco (Q): p mínimo = 0.0006,0,0,0,0,0,0
AR(1) .5,0,1,0,1,SF,estac.,—,∇^1 θ̂+0.9812 LR0.987,cancela,—,,coinciden,0,,1,0,0,0,1,0
AR(1) .5,0,1,1,1,—,,—,∇^2 θ̂+1.0000 LR-0.000,cancela,θ̂+0.9812 LR0.987,cancelada,sin par,1,ruido blanco (Q): p mínimo = 0.0001,0,0,0,0,1,0
AR(1) .5,0,3,0,1,SF,estac.,—,∇^1 θ̂+1.0000 LR0.000,cancela,—,,coinciden,0,,1,0,0,0,0,0
AR(1) .5,0,3,1,1,—,,—,∇^2 θ̂+1.0000 LR-0.000,cancela,θ̂+1.0000 LR-0.000,cancelada,sin par,0,,1,0,0,0,0,0
AR(1) .5,0,2,0,1,SF,estac.,—,∇^1 θ̂+1.0000 LR-0.000,cancela,—,,coinciden,1,ruido blanco (Q): p mínimo = 0.0009,0,0,0,0,0,0
AR(1) .5,0,2,1,1,—,,—,∇^2 θ̂+1.0000 LR-0.000,cancela,θ̂+1.0000 LR0.000,cancelada,sin par,1,ruido blanco (Q): p mínimo = 0.0000,0,0,0,0,0,0
AR(1) .5,0,4,0,1,SF,estac.,—,∇^1 θ̂+1.0000 LR-0.000,cancela,—,,coinciden,0,,1,0,0,0,0,0
AR(1) .5,0,4,1,1,—,,—,∇^2 θ̂+1.0000 LR0.000,cancela,θ̂+1.0000 LR0.000,cancelada,sin par,0,,1,0,0,0,0,0
AR(1) .5,0,5,0,1,SF,estac.,—,∇^1 θ̂+1.0000 LR-0.000,cancela,—,,coinciden,0,,1,0,0,0,0,0
AR(1) .5,0,5,1,1,—,,—,∇^2 θ̂+1.0000 LR0.000,cancela,θ̂+1.0000 LR0.000,cancelada,sin par,1,ruido blanco (Q): p mínimo = 0.0000,0,0,0,0,0,0
AR(1) .5,0,6,0,1,SF,estac.,—,∇^1 θ̂+1.0000 LR0.000,cancela,—,,coinciden,0,,1,0,0,0,0,0
AR(1) .5,0,6,1,1,—,,—,∇^2 θ̂+1.0000 LR-0.000,cancela,θ̂+1.0000 LR0.000,cancelada,sin par,0,,1,0,0,0,0,0
AR(1) .5,0,7,0,1,SF,estac.,—,∇^1 θ̂+0.9780 LR0.872,cancela,—,,coinciden,0,,1,0,0,0,0,0
AR(1) .5,0,7,1,1,—,,—,∇^2 θ̂+1.0000 LR-0.000,cancela,θ̂+0.9780 LR0.872,cancelada,sin par,1,ruido blanco (Q): p mínimo = 0.0063,0,0,0,0,0,0
AR(1) .5,0,8,0,1,SF,estac.,—,∇^1 θ̂+1.0000 LR0.000,cancela,—,,coinciden,0,,1,0,0,0,0,0
AR(1) .5,0,8,1,1,—,,—,∇^2 θ̂+1.0000 LR0.000,cancela,θ̂+1.0000 LR-0.000,cancelada,sin par,0,,1,0,0,0,0,0
AR(1) .5,0,9,0,1,SF,estac.,—,∇^1 θ̂+1.0000 LR0.000,cancela,—,,coinciden,0,,1,0,0,0,0,0
AR(1) .5,0,9,1,1,—,,—,∇^2 θ̂+1.0000 LR0.000,cancela,θ̂+1.0000 LR-0.000,cancelada,sin par,0,,1,0,0,0,0,0
AR(1) .5,0,10,0,1,SF,estac.,—,∇^1 θ̂+1.0000 LR-0.000,cancela,—,,coinciden,1,estacionalidad en los residuos (p = 0.0298),0,0,0,0,0,0
AR(1) .5,0,10,1,1,—,,—,∇^2 θ̂+1.0000 LR0.000,cancela,θ̂+1.0000 LR0.000,cancelada,sin par,1,ruido blanco (Q): p mínimo = 0.0011; estacionalidad en los r,0,0,0,0,0,0
AR(1) .5,0,11,0,1,SF,estac.,—,∇^1 θ̂+1.0000 LR-0.000,cancela,—,,coinciden,0,,1,0,0,0,0,0
AR(1) .5,0,11,1,1,—,,—,∇^2 θ̂+1.0000 LR-0.000,cancela,θ̂+1.0000 LR0.000,cancelada,sin par,0,,1,0,0,0,0,0
AR(1) .5,0,12,0,1,SF,estac.,—,∇^1 θ̂+0.9871 LR0.161,cancela,—,,coinciden,0,,1,0,0,0,0,0
AR(1) .5,0,12,1,1,—,,—,∇^2 θ̂+1.0000 LR-0.000,cancela,θ̂+0.9871 LR0.161,cancelada,sin par,0,,1,0,0,0,0,0
AR(1) .5,0,13,0,1,SF,estac.,—,∇^1 θ̂+1.0000 LR-0.000,cancela,—,,coinciden,0,,1,0,0,0,0,0
AR(1) .5,0,13,1,1,—,,—,∇^2 θ̂+1.0000 LR0.000,cancela,θ̂+1.0000 LR0.000,cancelada,sin par,1,ruido blanco (Q): p mínimo = 0.0081,0,0,0,0,0,0
AR(1) .5,0,15,0,1,SF,estac.,—,∇^1 θ̂+1.0000 LR-0.000,cancela,—,,coinciden,0,,1,0,0,0,0,0
AR(1) .5,0,15,1,1,—,,—,∇^2 θ̂+1.0000 LR0.000,cancela,θ̂+1.0000 LR0.000,cancelada,sin par,1,ruido blanco (Q): p mínimo = 0.0058,0,0,0,0,0,0
AR(1) .5,0,16,0,1,SF,estac.,—,∇^1 θ̂+0.9327 LR2.369,genuina,—,,discrepan,0,,0,0,0,0,0,1
AR(1) .5,0,16,1,1,—,,—,∇^2 θ̂+1.0000 LR-0.000,cancela,θ̂+0.9327 LR2.369,genuina,sin par,0,,1,0,0,0,0,1
AR(1) .5,0,14,0,1,SF,estac.,—,∇^1 θ̂+0.9888 LR0.154,cancela,—,,coinciden,0,,1,0,0,0,0,0
AR(1) .5,0,14,1,1,—,,—,∇^2 θ̂+1.0000 LR0.000,cancela,θ̂+0.9888 LR0.154,cancelada,sin par,0,,1,0,0,0,0,0
AR(1) .5,0,17,0,1,SF,estac.,—,∇^1 θ̂+1.0000 LR-0.000,cancela,—,,coinciden,0,,1,0,0,0,0,0
AR(1) .5,0,17,1,1,—,,—,∇^2 θ̂+1.0000 LR0.000,cancela,θ̂+1.0000 LR-0.000,cancelada,sin par,0,,1,0,0,0,0,0
AR(1) .5,0,18,0,1,SF,estac.,—,∇^1 θ̂+0.9869 LR0.082,cancela,—,,coinciden,0,,1,0,0,0,0,0
AR(1) .5,0,18,1,1,—,,—,∇^2 θ̂+1.0000 LR0.000,cancela,θ̂+0.9869 LR0.082,cancelada,sin par,0,,1,0,0,0,0,0
AR(1) .5,0,19,0,1,SF,estac.,—,∇^1 θ̂+1.0000 LR0.000,cancela,—,,coinciden,0,,1,0,0,0,0,0
AR(1) .5,0,19,1,1,—,,—,∇^2 θ̂+1.0000 LR-0.000,cancela,θ̂+1.0000 LR-0.000,cancelada,sin par,1,ruido blanco (Q): p mínimo = 0.0094; estacionalidad en los r,0,0,0,0,0,0
AR(1) .5,0,20,0,1,SF,estac.,—,∇^1 θ̂+0.9688 LR3.334,genuina,—,,discrepan,0,,0,0,0,0,1,0
AR(1) .5,0,20,1,1,—,,—,∇^2 θ̂+1.0000 LR-0.000,cancela,θ̂+0.9688 LR3.334,genuina,sin par,1,ruido blanco (Q): p mínimo = 0.0131,0,0,0,0,1,0
AR(1) .5,0,21,0,1,SF,estac.,—,∇^1 θ̂+1.0000 LR-0.000,cancela,—,,coinciden,0,,1,0,0,0,0,0
AR(1) .5,0,21,1,1,—,,—,∇^2 θ̂+1.0000 LR-0.000,cancela,θ̂+1.0000 LR-0.000,cancelada,sin par,1,ruido blanco (Q): p mínimo = 0.0001,0,0,0,0,0,0
AR(1) .5,0,22,0,1,SF,estac.,—,∇^1 θ̂+1.0000 LR-0.000,cancela,—,,coinciden,0,,1,0,0,0,0,0
AR(1) .5,0,22,1,1,—,,—,∇^2 θ̂+1.0000 LR0.000,cancela,θ̂+1.0000 LR-0.000,cancelada,sin par,1,ruido blanco (Q): p mínimo = 0.0054,0,0,0,0,0,0
AR(1) .5,0,24,0,1,SF,estac.,—,∇^1 θ̂+1.0000 LR0.000,cancela,—,,coinciden,1,"normalidad (JB): 8.570, p = 0.0138; estacionalidad en los re",0,0,0,0,0,0
AR(1) .5,0,24,1,1,—,,—,∇^2 θ̂+1.0000 LR0.000,cancela,θ̂+1.0000 LR-0.000,cancelada,sin par,1,estacionalidad en los residuos (p = 0.0017),0,0,0,0,0,0
AR(1) .5,0,23,0,1,SF,estac.,—,∇^1 θ̂+1.0000 LR0.000,cancela,—,,coinciden,0,,1,0,0,0,0,0
AR(1) .5,0,23,1,1,—,,—,∇^2 θ̂+1.0000 LR-0.000,cancela,θ̂+1.0000 LR0.000,cancelada,sin par,0,,1,0,0,0,0,0
AR(1) .5,0,25,0,1,SF,estac.,—,∇^1 θ̂+1.0000 LR0.000,cancela,—,,coinciden,0,,1,0,0,0,0,0
AR(1) .5,0,25,1,1,—,,—,∇^2 θ̂+1.0000 LR0.000,cancela,θ̂+1.0000 LR0.000,cancelada,sin par,0,,1,0,0,0,0,0
AR(1) .5,0,26,0,1,SF,estac.,—,∇^1 θ̂+1.0000 LR0.000,cancela,—,,coinciden,0,,1,0,0,0,0,0
AR(1) .5,0,26,1,1,—,,—,∇^2 θ̂+1.0000 LR0.000,cancela,θ̂+1.0000 LR-0.000,cancelada,sin par,1,ruido blanco (Q): p mínimo = 0.0058,0,0,0,0,0,0
AR(1) .5,0,27,0,1,SF,estac.,—,∇^1 θ̂+1.0000 LR0.000,cancela,—,,coinciden,0,,1,0,0,0,0,0
AR(1) .5,0,27,1,1,—,,—,∇^2 θ̂+1.0000 LR0.000,cancela,θ̂+1.0000 LR0.000,cancelada,sin par,0,,1,0,0,0,0,0
AR(1) .5,0,28,0,1,SF,estac.,—,∇^1 θ̂+1.0000 LR0.000,cancela,—,,coinciden,0,,1,0,0,0,0,0
AR(1) .5,0,28,1,1,—,,—,∇^2 θ̂+1.0000 LR-0.000,cancela,θ̂+1.0000 LR-0.000,cancelada,sin par,0,,1,0,0,0,0,0
AR(1) .5,0,29,0,1,SF,estac.,—,∇^1 θ̂+1.0000 LR-0.000,cancela,—,,coinciden,0,,1,0,0,0,0,0
AR(1) .5,0,29,1,1,—,,—,∇^2 θ̂+1.0000 LR0.000,cancela,θ̂+1.0000 LR-0.000,cancelada,sin par,1,"normalidad (JB): 6.077, p = 0.0479",0,0,0,0,0,0
AR(1) .5,0,30,0,1,SF,estac.,—,∇^1 θ̂+0.9472 LR2.723,genuina,—,,discrepan,0,,0,0,0,0,0,0
AR(1) .5,0,30,1,1,—,,—,∇^2 θ̂+1.0000 LR-0.000,cancela,θ̂+0.9472 LR2.723,genuina,sin par,0,,1,0,0,0,0,0
AR(1) .5,0,32,0,1,SF,estac.,—,∇^1 θ̂+1.0000 LR-0.000,cancela,—,,coinciden,0,,1,0,0,0,0,0
AR(1) .5,0,32,1,1,—,,—,∇^2 θ̂+1.0000 LR-0.000,cancela,θ̂+1.0000 LR-0.000,cancelada,sin par,1,ruido blanco (Q): p mínimo = 0.0001,0,0,0,0,0,0
AR(1) .5,0,31,0,1,SF,estac.,—,∇^1 θ̂+0.9624 LR1.817,cancela,—,,coinciden,0,,1,0,0,0,1,0
AR(1) .5,0,31,1,1,—,,—,∇^2 θ̂+1.0000 LR0.000,cancela,θ̂+0.9624 LR1.817,cancelada,sin par,1,estacionalidad en los residuos (p = 0.0307),0,0,0,0,1,0
AR(1) .5,0,33,0,1,SF,estac.,—,∇^1 θ̂+1.0000 LR-0.000,cancela,—,,coinciden,1,ruido blanco (Q): p mínimo = 0.0009,0,0,0,0,0,0
AR(1) .5,0,33,1,1,—,,—,∇^2 θ̂+1.0000 LR0.000,cancela,θ̂+1.0000 LR-0.000,cancelada,sin par,1,ruido blanco (Q): p mínimo = 0.0007,0,0,0,0,0,0
AR(1) .5,0,34,0,1,SF,estac.,—,∇^1 θ̂+1.0000 LR0.000,cancela,—,,coinciden,0,,1,0,0,0,0,0
AR(1) .5,0,34,1,1,—,,—,∇^2 θ̂+1.0000 LR0.000,cancela,θ̂+1.0000 LR-0.000,cancelada,sin par,1,ruido blanco (Q): p mínimo = 0.0175,0,0,0,0,0,0
AR(1) .5,0,35,0,1,SF,estac.,—,∇^1 θ̂+1.0000 LR-0.000,cancela,—,,coinciden,0,,1,0,0,0,0,0
AR(1) .5,0,35,1,1,—,,—,∇^2 θ̂+1.0000 LR-0.000,cancela,θ̂+1.0000 LR0.000,cancelada,sin par,1,ruido blanco (Q): p mínimo = 0.0002,0,0,0,0,0,0
AR(1) .5,0,38,0,1,SF,estac.,—,∇^1 θ̂+1.0000 LR-0.000,cancela,—,,coinciden,1,estacionalidad en los residuos (p = 0.0234),0,0,0,0,0,0
AR(1) .5,0,38,1,1,—,,—,∇^2 θ̂+1.0000 LR-0.000,cancela,θ̂+1.0000 LR-0.000,cancelada,sin par,1,ruido blanco (Q): p mínimo = 0.0005; estacionalidad en los r,0,0,0,0,0,0
AR(1) .5,0,36,0,1,SF,estac.,—,∇^1 θ̂+1.0000 LR0.000,cancela,—,,coinciden,0,,1,0,0,0,0,0
AR(1) .5,0,36,1,1,—,,—,∇^2 θ̂+1.0000 LR0.000,cancela,θ̂+1.0000 LR0.000,cancelada,sin par,0,,1,0,0,0,0,0
AR(1) .5,0,37,0,1,SF,estac.,—,∇^1 θ̂+0.9937 LR0.021,cancela,—,,coinciden,0,,1,0,0,0,0,0
AR(1) .5,0,37,1,1,—,,—,∇^2 θ̂+1.0000 LR0.000,cancela,θ̂+0.9937 LR0.021,cancelada,sin par,1,ruido blanco (Q): p mínimo = 0.0010,0,0,0,0,0,0
AR(1) .5,0,42,0,1,SF,estac.,—,∇^1 θ̂+1.0000 LR-0.000,cancela,—,,coinciden,0,,1,0,0,0,0,0
AR(1) .5,0,42,1,1,—,,—,∇^2 θ̂+1.0000 LR0.000,cancela,θ̂+1.0000 LR-0.000,cancelada,sin par,0,,1,0,0,0,0,0
AR(1) .5,0,39,0,1,SF,estac.,—,∇^1 θ̂+1.0000 LR0.000,cancela,—,,coinciden,0,,1,0,0,0,0,0
AR(1) .5,0,39,1,1,—,,—,∇^2 θ̂+1.0000 LR-0.000,cancela,θ̂+1.0000 LR0.000,cancelada,sin par,1,ruido blanco (Q): p mínimo = 0.0019,0,0,0,0,0,0
AR(1) .5,0,40,0,1,SF,estac.,—,∇^1 θ̂+0.9831 LR0.686,cancela,—,,coinciden,0,,1,0,0,0,1,0
AR(1) .5,0,40,1,1,—,,—,∇^2 θ̂+1.0000 LR0.000,cancela,θ̂+0.9831 LR0.686,cancelada,sin par,0,,1,0,0,0,1,0
AR(1) .5,0,41,0,1,SF,estac.,—,∇^1 θ̂+0.9733 LR0.361,cancela,—,,coinciden,0,,1,0,0,0,0,0
AR(1) .5,0,41,1,1,—,,—,∇^2 θ̂+1.0000 LR-0.000,cancela,θ̂+0.9733 LR0.361,cancelada,sin par,1,ruido blanco (Q): p mínimo = 0.0021,0,0,0,0,0,0
AR(1) .5,0,43,0,1,SF,estac.,—,∇^1 θ̂+0.9859 LR0.383,cancela,—,,coinciden,0,,1,0,0,0,1,0
AR(1) .5,0,43,1,1,—,,—,∇^2 θ̂+1.0000 LR0.000,cancela,θ̂+0.9859 LR0.383,cancelada,sin par,1,ruido blanco (Q): p mínimo = 0.0269,0,0,0,0,1,0
AR(1) .5,0,44,0,1,SF,estac.,—,∇^1 θ̂+0.9875 LR0.225,cancela,—,,coinciden,0,,1,0,0,0,0,0
AR(1) .5,0,44,1,1,—,,—,∇^2 θ̂+1.0000 LR-0.000,cancela,θ̂+0.9875 LR0.225,cancelada,sin par,1,ruido blanco (Q): p mínimo = 0.0002,0,0,0,0,0,0
AR(1) .5,0,45,0,1,SF,estac.,—,∇^1 θ̂+1.0000 LR0.000,cancela,—,,coinciden,0,,1,0,0,0,0,0
AR(1) .5,0,45,1,1,—,,—,∇^2 θ̂+1.0000 LR-0.000,cancela,θ̂+1.0000 LR0.000,cancelada,sin par,1,ruido blanco (Q): p mínimo = 0.0218,0,0,0,0,0,0
AR(1) .5,0,46,0,1,SF,estac.,—,∇^1 θ̂+1.0000 LR0.000,cancela,—,,coinciden,1,"normalidad (JB): 10.320, p = 0.0057",0,0,0,0,0,0
AR(1) .5,0,46,1,1,—,,—,∇^2 θ̂+1.0000 LR0.000,cancela,θ̂+1.0000 LR-0.000,cancelada,sin par,0,,1,0,0,0,0,0
AR(1) .5,0,48,0,1,SF,estac.,—,∇^1 θ̂+1.0000 LR-0.000,cancela,—,,coinciden,0,,1,0,0,0,0,0
AR(1) .5,0,48,1,1,—,,—,∇^2 θ̂+1.0000 LR-0.000,cancela,θ̂+1.0000 LR-0.000,cancelada,sin par,0,,1,0,0,0,0,0
AR(1) .5,0,47,0,1,SF,estac.,—,∇^1 θ̂+0.9848 LR0.191,cancela,—,,coinciden,0,,1,0,0,0,0,0
AR(1) .5,0,47,1,1,—,,—,∇^2 θ̂+1.0000 LR0.000,cancela,θ̂+0.9848 LR0.191,cancelada,sin par,1,ruido blanco (Q): p mínimo = 0.0019,0,0,0,0,0,0
AR(1) .5,0,49,0,1,SF,estac.,—,∇^1 θ̂+1.0000 LR-0.000,cancela,—,,coinciden,0,,1,0,0,0,0,0
AR(1) .5,0,49,1,1,—,,—,∇^2 θ̂+1.0000 LR0.000,cancela,θ̂+1.0000 LR-0.000,cancelada,sin par,1,ruido blanco (Q): p mínimo = 0.0049,0,0,0,0,0,0
MA(1) .5,0,0,0,1,—,,sí,∇^1 θ̂+1.0000 LR0.000,cancela,—,,sin par,0,,1,0,0,0,0,0
MA(1) .5,0,0,1,1,—,,sí,∇^2 θ̂+1.0000 LR0.000,cancela,θ̂+1.0000 LR0.000,cancelada,sin par,1,ruido blanco (Q): p mínimo = 0.0000,0,0,0,0,0,0
MA(1) .5,0,1,0,1,—,,sí,∇^1 θ̂+1.0000 LR0.000,cancela,—,,sin par,0,,1,0,0,0,0,0
MA(1) .5,0,1,1,1,—,,sí,∇^2 θ̂+1.0000 LR0.000,cancela,θ̂+1.0000 LR0.000,cancelada,sin par,1,ruido blanco (Q): p mínimo = 0.0000,0,0,0,0,0,0
MA(1) .5,0,2,0,1,—,,sí,∇^1 θ̂+1.0000 LR0.000,cancela,—,,sin par,0,,1,0,0,0,0,0
MA(1) .5,0,2,1,1,—,,sí,∇^2 θ̂+1.0000 LR0.000,cancela,θ̂+1.0000 LR0.000,cancelada,sin par,1,"ruido blanco (Q): p mínimo = 0.0004; normalidad (JB): 6.853,",0,0,0,0,0,0
MA(1) .5,0,3,0,1,—,,sí,∇^1 θ̂+1.0000 LR0.000,cancela,—,,sin par,0,,1,0,0,0,0,0
MA(1) .5,0,3,1,1,—,,sí,∇^2 θ̂+1.0000 LR0.000,cancela,θ̂+1.0000 LR0.000,cancelada,sin par,1,ruido blanco (Q): p mínimo = 0.0001,0,0,0,0,0,0
MA(1) .5,0,4,0,1,—,,sí,∇^1 θ̂+1.0000 LR-0.000,cancela,—,,sin par,0,,1,0,0,0,0,0
MA(1) .5,0,4,1,1,—,,sí,∇^2 θ̂+1.0000 LR0.000,cancela,θ̂+1.0000 LR0.000,cancelada,sin par,1,ruido blanco (Q): p mínimo = 0.0000,0,0,0,0,0,0
MA(1) .5,0,5,0,1,—,,sí,∇^1 θ̂+1.0000 LR0.000,cancela,—,,sin par,0,,1,0,0,0,0,0
MA(1) .5,0,5,1,1,—,,sí,∇^2 θ̂+1.0000 LR0.000,cancela,θ̂+1.0000 LR0.000,cancelada,sin par,1,ruido blanco (Q): p mínimo = 0.0000,0,0,0,0,0,0
MA(1) .5,0,6,0,1,—,,sí,∇^1 θ̂+1.0000 LR0.000,cancela,—,,sin par,1,estacionalidad en los residuos (p = 0.0203),0,0,0,0,0,0
MA(1) .5,0,6,1,1,—,,sí,∇^2 θ̂+1.0000 LR0.000,cancela,θ̂+1.0000 LR0.000,cancelada,sin par,1,ruido blanco (Q): p mínimo = 0.0002; estacionalidad en los r,0,0,0,0,0,0
MA(1) .5,0,7,0,1,—,,sí,∇^1 θ̂+1.0000 LR-0.000,cancela,—,,sin par,0,,1,0,0,0,0,0
MA(1) .5,0,7,1,1,—,,sí,∇^2 θ̂+1.0000 LR0.000,cancela,θ̂+1.0000 LR0.000,cancelada,sin par,1,ruido blanco (Q): p mínimo = 0.0000,0,0,0,0,0,0
MA(1) .5,0,8,0,1,—,,sí,∇^1 θ̂+1.0000 LR-0.000,cancela,—,,sin par,0,,1,0,0,0,0,0
MA(1) .5,0,8,1,1,—,,sí,∇^2 θ̂+1.0000 LR0.000,cancela,θ̂+1.0000 LR0.000,cancelada,sin par,1,ruido blanco (Q): p mínimo = 0.0000,0,0,0,0,0,0
MA(1) .5,0,9,0,1,—,,sí,∇^1 θ̂+1.0000 LR0.000,cancela,—,,sin par,1,ruido blanco (Q): p mínimo = 0.0002,0,0,0,0,0,0
MA(1) .5,0,9,1,1,—,,sí,∇^2 θ̂+1.0000 LR0.000,cancela,θ̂+1.0000 LR0.000,cancelada,sin par,1,ruido blanco (Q): p mínimo = 0.0000,0,0,0,0,0,0
MA(1) .5,0,10,0,1,—,,sí,∇^1 θ̂+1.0000 LR0.000,cancela,—,,sin par,0,,1,0,0,0,0,0
MA(1) .5,0,10,1,1,—,,sí,∇^2 θ̂+1.0000 LR0.000,cancela,θ̂+1.0000 LR0.000,cancelada,sin par,1,ruido blanco (Q): p mínimo = 0.0000,0,0,0,0,0,0
MA(1) .5,0,11,0,1,—,,sí,∇^1 θ̂+1.0000 LR-0.000,cancela,—,,sin par,0,,1,0,0,0,0,0
MA(1) .5,0,11,1,1,—,,sí,∇^2 θ̂+1.0000 LR0.000,cancela,θ̂+1.0000 LR0.000,cancelada,sin par,1,ruido blanco (Q): p mínimo = 0.0002,0,0,0,0,0,0
MA(1) .5,0,12,0,1,—,,sí,∇^1 θ̂+1.0000 LR-0.000,cancela,—,,sin par,0,,1,0,0,0,0,0
MA(1) .5,0,12,1,1,—,,sí,∇^2 θ̂+1.0000 LR0.000,cancela,θ̂+1.0000 LR0.000,cancelada,sin par,1,ruido blanco (Q): p mínimo = 0.0000,0,0,0,0,0,0
MA(1) .5,0,13,0,1,—,,sí,∇^1 θ̂+1.0000 LR0.000,cancela,—,,sin par,0,,1,0,0,0,0,0
MA(1) .5,0,13,1,1,—,,sí,∇^2 θ̂+1.0000 LR0.000,cancela,θ̂+1.0000 LR0.000,cancelada,sin par,1,ruido blanco (Q): p mínimo = 0.0000,0,0,0,0,0,0
MA(1) .5,0,15,0,1,—,,sí,∇^1 θ̂+1.0000 LR0.000,cancela,—,,sin par,0,,1,0,0,0,0,0
MA(1) .5,0,15,1,1,—,,sí,∇^2 θ̂+1.0000 LR0.000,cancela,θ̂+1.0000 LR0.000,cancelada,sin par,1,ruido blanco (Q): p mínimo = 0.0000,0,0,0,0,0,0
MA(1) .5,0,14,0,1,—,,sí,∇^1 θ̂+1.0000 LR-0.000,cancela,—,,sin par,0,,1,0,0,0,0,0
MA(1) .5,0,14,1,1,—,,sí,∇^2 θ̂+1.0000 LR0.000,cancela,θ̂+1.0000 LR0.000,cancelada,sin par,1,ruido blanco (Q): p mínimo = 0.0000,0,0,0,0,0,0
MA(1) .5,0,16,0,1,—,,sí,∇^1 θ̂+1.0000 LR-0.000,cancela,—,,sin par,0,,1,0,0,0,0,0
MA(1) .5,0,16,1,1,—,,sí,∇^2 θ̂+1.0000 LR-0.000,cancela,θ̂+1.0000 LR0.000,cancelada,sin par,1,ruido blanco (Q): p mínimo = 0.0102,0,0,0,0,0,0
MA(1) .5,0,17,0,1,—,,sí,∇^1 θ̂+1.0000 LR-0.000,cancela,—,,sin par,1,estacionalidad en los residuos (p = 0.0191),0,0,0,0,0,0
MA(1) .5,0,17,1,1,—,,sí,∇^2 θ̂+1.0000 LR0.000,cancela,θ̂+1.0000 LR0.000,cancelada,sin par,1,ruido blanco (Q): p mínimo = 0.0000; estacionalidad en los r,0,0,0,0,0,0
MA(1) .5,0,18,0,1,—,,sí,∇^1 θ̂+1.0000 LR0.000,cancela,—,,sin par,0,,1,0,0,0,0,0
MA(1) .5,0,18,1,1,—,,sí,∇^2 θ̂+1.0000 LR0.000,cancela,θ̂+1.0000 LR0.000,cancelada,sin par,1,ruido blanco (Q): p mínimo = 0.0000,0,0,0,0,0,0
MA(1) .5,0,20,0,1,—,,sí,∇^1 θ̂+1.0000 LR0.000,cancela,—,,sin par,0,,1,0,0,0,0,0
MA(1) .5,0,20,1,1,—,,sí,∇^2 θ̂+1.0000 LR0.000,cancela,θ̂+1.0000 LR0.000,cancelada,sin par,1,ruido blanco (Q): p mínimo = 0.0000,0,0,0,0,0,0
MA(1) .5,0,19,0,1,—,,sí,∇^1 θ̂+1.0000 LR-0.000,cancela,—,,sin par,1,estacionalidad en los residuos (p = 0.0073),0,0,0,0,0,0
MA(1) .5,0,19,1,1,—,,sí,∇^2 θ̂+1.0000 LR-0.000,cancela,θ̂+1.0000 LR0.000,cancelada,sin par,1,ruido blanco (Q): p mínimo = 0.0000; estacionalidad en los r,0,0,0,0,0,0
MA(1) .5,0,21,0,1,—,,sí,∇^1 θ̂+1.0000 LR0.000,cancela,—,,sin par,0,,1,0,0,0,0,0
MA(1) .5,0,21,1,1,—,,sí,∇^2 θ̂+1.0000 LR0.000,cancela,θ̂+1.0000 LR0.000,cancelada,sin par,1,ruido blanco (Q): p mínimo = 0.0000,0,0,0,0,0,0
MA(1) .5,0,22,0,1,—,,sí,∇^1 θ̂+1.0000 LR-0.000,cancela,—,,sin par,0,,1,0,0,0,0,0
MA(1) .5,0,22,1,1,—,,sí,∇^2 θ̂+1.0000 LR0.000,cancela,θ̂+1.0000 LR0.000,cancelada,sin par,1,ruido blanco (Q): p mínimo = 0.0000,0,0,0,0,0,0
MA(1) .5,0,23,0,1,—,,sí,∇^1 θ̂+1.0000 LR0.000,cancela,—,,sin par,0,,1,0,0,0,0,0
MA(1) .5,0,23,1,1,—,,sí,∇^2 θ̂+1.0000 LR0.000,cancela,θ̂+1.0000 LR0.000,cancelada,sin par,1,ruido blanco (Q): p mínimo = 0.0000,0,0,0,0,0,0
MA(1) .5,0,24,0,1,—,,sí,∇^1 θ̂+1.0000 LR0.000,cancela,—,,sin par,0,,1,0,0,0,0,0
MA(1) .5,0,24,1,1,—,,sí,∇^2 θ̂+1.0000 LR0.000,cancela,θ̂+1.0000 LR0.000,cancelada,sin par,1,ruido blanco (Q): p mínimo = 0.0000,0,0,0,0,0,0
MA(1) .5,0,25,0,1,—,,sí,∇^1 θ̂+1.0000 LR0.000,cancela,—,,sin par,0,,1,0,0,0,0,0
MA(1) .5,0,25,1,1,—,,sí,∇^2 θ̂+1.0000 LR0.000,cancela,θ̂+1.0000 LR0.000,cancelada,sin par,1,ruido blanco (Q): p mínimo = 0.0001,0,0,0,0,0,0
MA(1) .5,0,26,0,1,—,,sí,∇^1 θ̂+1.0000 LR-0.000,cancela,—,,sin par,0,,1,0,0,0,0,0
MA(1) .5,0,26,1,1,—,,sí,∇^2 θ̂+1.0000 LR0.000,cancela,θ̂+1.0000 LR0.000,cancelada,sin par,0,,0,0,0,0,0,0
MA(1) .5,0,27,0,1,—,,sí,∇^1 θ̂+1.0000 LR0.000,cancela,—,,sin par,1,"normalidad (JB): 6.273, p = 0.0434",0,0,0,0,0,0
MA(1) .5,0,27,1,1,—,,sí,∇^2 θ̂+1.0000 LR0.000,cancela,θ̂+1.0000 LR0.000,cancelada,sin par,1,"ruido blanco (Q): p mínimo = 0.0000; normalidad (JB): 7.215,",0,0,0,0,0,0
MA(1) .5,0,28,0,1,—,,sí,∇^1 θ̂+1.0000 LR0.000,cancela,—,,sin par,0,,1,0,0,0,0,0
MA(1) .5,0,28,1,1,—,,sí,∇^2 θ̂+1.0000 LR0.000,cancela,θ̂+1.0000 LR0.000,cancelada,sin par,1,ruido blanco (Q): p mínimo = 0.0000,0,0,0,0,0,0
MA(1) .5,0,29,0,1,—,,sí,∇^1 θ̂+1.0000 LR0.000,cancela,—,,sin par,0,,1,0,0,0,0,0
MA(1) .5,0,29,1,1,—,,sí,∇^2 θ̂+1.0000 LR0.000,cancela,θ̂+1.0000 LR0.000,cancelada,sin par,1,ruido blanco (Q): p mínimo = 0.0000,0,0,0,0,0,0
MA(1) .5,0,30,0,1,—,,sí,∇^1 θ̂+1.0000 LR0.000,cancela,—,,sin par,0,,1,0,0,0,0,0
MA(1) .5,0,30,1,1,—,,sí,∇^2 θ̂+1.0000 LR0.000,cancela,θ̂+1.0000 LR0.000,cancelada,sin par,1,ruido blanco (Q): p mínimo = 0.0000,0,0,0,0,0,0
MA(1) .5,0,31,0,1,—,,sí,∇^1 θ̂+1.0000 LR0.000,cancela,—,,sin par,0,,1,0,0,0,0,0
MA(1) .5,0,31,1,1,—,,sí,∇^2 θ̂+1.0000 LR0.000,cancela,θ̂+1.0000 LR0.000,cancelada,sin par,1,ruido blanco (Q): p mínimo = 0.0014,0,0,0,0,0,0
MA(1) .5,0,33,0,1,—,,sí,∇^1 θ̂+1.0000 LR-0.000,cancela,—,,sin par,0,,1,0,0,0,0,0
MA(1) .5,0,33,1,1,—,,sí,∇^2 θ̂+1.0000 LR0.000,cancela,θ̂+1.0000 LR0.000,cancelada,sin par,1,ruido blanco (Q): p mínimo = 0.0000,0,0,0,0,0,0
MA(1) .5,0,32,0,1,—,,sí,∇^1 θ̂+1.0000 LR0.000,cancela,—,,sin par,0,,1,0,0,0,0,0
MA(1) .5,0,32,1,1,—,,sí,∇^2 θ̂+1.0000 LR0.000,cancela,θ̂+1.0000 LR0.000,cancelada,sin par,1,ruido blanco (Q): p mínimo = 0.0000,0,0,0,0,0,0
MA(1) .5,0,35,0,1,—,,sí,∇^1 θ̂+1.0000 LR-0.000,cancela,—,,sin par,1,ruido blanco (Q): p mínimo = 0.0001,0,0,0,0,0,0
MA(1) .5,0,35,1,1,—,,sí,∇^2 θ̂+1.0000 LR0.000,cancela,θ̂+1.0000 LR0.000,cancelada,sin par,1,ruido blanco (Q): p mínimo = 0.0000,0,0,0,0,0,0
MA(1) .5,0,34,0,1,—,,sí,∇^1 θ̂+1.0000 LR0.000,cancela,—,,sin par,0,,1,0,0,0,0,0
MA(1) .5,0,34,1,1,—,,sí,∇^2 θ̂+1.0000 LR0.000,cancela,θ̂+1.0000 LR0.000,cancelada,sin par,1,ruido blanco (Q): p mínimo = 0.0000,0,0,0,0,0,0
MA(1) .5,0,36,0,1,—,,sí,∇^1 θ̂+1.0000 LR0.000,cancela,—,,sin par,1,ruido blanco (Q): p mínimo = 0.0139,0,0,0,0,0,0
MA(1) .5,0,36,1,1,—,,sí,∇^2 θ̂+1.0000 LR0.000,cancela,θ̂+1.0000 LR0.000,cancelada,sin par,1,ruido blanco (Q): p mínimo = 0.0000,0,0,0,0,0,0
MA(1) .5,0,37,0,1,—,,sí,∇^1 θ̂+1.0000 LR0.000,cancela,—,,sin par,1,estacionalidad en los residuos (p = 0.0397),0,0,0,0,0,0
MA(1) .5,0,37,1,1,—,,sí,∇^2 θ̂+1.0000 LR-0.000,cancela,θ̂+1.0000 LR0.000,cancelada,sin par,1,ruido blanco (Q): p mínimo = 0.0000; estacionalidad en los r,0,0,0,0,0,0
MA(1) .5,0,39,0,1,—,,sí,∇^1 θ̂+1.0000 LR-0.000,cancela,—,,sin par,0,,1,0,0,0,0,0
MA(1) .5,0,39,1,1,—,,sí,∇^2 θ̂+1.0000 LR0.000,cancela,θ̂+1.0000 LR0.000,cancelada,sin par,1,ruido blanco (Q): p mínimo = 0.0000,0,0,0,0,0,0
MA(1) .5,0,38,0,1,—,,sí,∇^1 θ̂+1.0000 LR0.000,cancela,—,,sin par,0,,1,0,0,0,0,0
MA(1) .5,0,38,1,1,—,,sí,∇^2 θ̂+1.0000 LR0.000,cancela,θ̂+1.0000 LR0.000,cancelada,sin par,1,ruido blanco (Q): p mínimo = 0.0000,0,0,0,0,0,0
MA(1) .5,0,42,0,1,—,,sí,∇^1 θ̂+1.0000 LR0.000,cancela,—,,sin par,0,,1,0,0,0,0,0
MA(1) .5,0,42,1,1,—,,sí,∇^2 θ̂+1.0000 LR0.000,cancela,θ̂+1.0000 LR0.000,cancelada,sin par,1,ruido blanco (Q): p mínimo = 0.0000,0,0,0,0,0,0
MA(1) .5,0,43,0,1,—,,sí,∇^1 θ̂+1.0000 LR0.000,cancela,—,,sin par,0,,1,0,0,0,0,0
MA(1) .5,0,43,1,1,—,,sí,∇^2 θ̂+1.0000 LR0.000,cancela,θ̂+1.0000 LR0.000,cancelada,sin par,1,ruido blanco (Q): p mínimo = 0.0002,0,0,0,0,0,0
MA(1) .5,0,41,0,1,—,,sí,∇^1 θ̂+1.0000 LR0.000,cancela,—,,sin par,1,"normalidad (JB): 18.765, p = 0.0001",0,0,0,0,0,0
MA(1) .5,0,41,1,1,—,,sí,∇^2 θ̂+1.0000 LR0.000,cancela,θ̂+1.0000 LR0.000,cancelada,sin par,1,ruido blanco (Q): p mínimo = 0.0000,0,0,0,0,0,0
MA(1) .5,0,40,0,1,—,,sí,∇^1 θ̂+1.0000 LR0.000,cancela,—,,sin par,1,ruido blanco (Q): p mínimo = 0.0434,0,0,0,0,0,0
MA(1) .5,0,40,1,1,—,,sí,∇^2 θ̂+1.0000 LR0.000,cancela,θ̂+1.0000 LR0.000,cancelada,sin par,1,ruido blanco (Q): p mínimo = 0.0000,0,0,0,0,0,0
MA(1) .5,0,44,0,1,—,,sí,∇^1 θ̂+1.0000 LR-0.000,cancela,—,,sin par,0,,1,0,0,0,0,0
MA(1) .5,0,44,1,1,—,,sí,∇^2 θ̂+1.0000 LR0.000,cancela,θ̂+1.0000 LR0.000,cancelada,sin par,1,ruido blanco (Q): p mínimo = 0.0000; estacionalidad en los r,0,0,0,0,0,0
MA(1) .5,0,46,0,1,—,,sí,∇^1 θ̂+1.0000 LR0.000,cancela,—,,sin par,0,,1,0,0,0,0,0
MA(1) .5,0,46,1,1,—,,sí,∇^2 θ̂+1.0000 LR0.000,cancela,θ̂+1.0000 LR0.000,cancelada,sin par,1,ruido blanco (Q): p mínimo = 0.0000,0,0,0,0,0,0
MA(1) .5,0,45,0,1,—,,sí,∇^1 θ̂+1.0000 LR-0.000,cancela,—,,sin par,0,,1,0,0,0,0,0
MA(1) .5,0,45,1,1,—,,sí,∇^2 θ̂+1.0000 LR0.000,cancela,θ̂+1.0000 LR0.000,cancelada,sin par,1,ruido blanco (Q): p mínimo = 0.0000,0,0,0,0,0,0
MA(1) .5,0,47,0,1,—,,sí,∇^1 θ̂+1.0000 LR-0.000,cancela,—,,sin par,0,,1,0,0,0,0,0
MA(1) .5,0,47,1,1,—,,sí,∇^2 θ̂+1.0000 LR0.000,cancela,θ̂+1.0000 LR0.000,cancelada,sin par,1,ruido blanco (Q): p mínimo = 0.0000,0,0,0,0,0,0
MA(1) .5,0,48,0,1,—,,sí,∇^1 θ̂+1.0000 LR-0.000,cancela,—,,sin par,0,,1,0,0,0,0,0
MA(1) .5,0,48,1,1,—,,sí,∇^2 θ̂+1.0000 LR0.000,cancela,θ̂+1.0000 LR0.000,cancelada,sin par,1,ruido blanco (Q): p mínimo = 0.0000,0,0,0,0,0,0
"ARMA(1,1) .6/.3",0,0,0,1,SF,estac.,sí,∇^1 θ̂+1.0000 LR-0.000,cancela,—,,coinciden,0,,1,0,0,0,0,0
"ARMA(1,1) .6/.3",0,0,1,1,SF,estac.,sí,∇^2 θ̂+1.0000 LR-0.000,cancela,θ̂+1.0000 LR0.000,cancelada,coinciden,0,,0,0,0,0,0,0
MA(1) .5,0,49,0,1,—,,sí,∇^1 θ̂+1.0000 LR0.000,cancela,—,,sin par,0,,1,0,0,0,0,0
MA(1) .5,0,49,1,1,—,,sí,∇^2 θ̂+1.0000 LR-0.000,cancela,θ̂+1.0000 LR0.000,cancelada,sin par,1,ruido blanco (Q): p mínimo = 0.0000,0,0,0,0,0,0
"ARMA(1,1) .6/.3",0,1,0,1,SF,estac.,sí,∇^1 θ̂+0.9890 LR0.101,cancela,—,,coinciden,0,,1,0,0,0,0,0
"ARMA(1,1) .6/.3",0,1,1,1,SF,estac.,sí,∇^2 θ̂+1.0000 LR-0.000,cancela,θ̂+0.9890 LR0.101,cancelada,coinciden,0,,0,0,0,0,0,0
"ARMA(1,1) .6/.3",0,3,0,1,SF,estac.,sí,∇^1 θ̂+1.0000 LR-0.000,cancela,—,,coinciden,0,,1,0,0,0,0,0
"ARMA(1,1) .6/.3",0,3,1,1,SF,estac.,sí,∇^2 θ̂+1.0000 LR0.000,cancela,θ̂+1.0000 LR0.000,cancelada,coinciden,0,,0,0,0,0,0,0
"ARMA(1,1) .6/.3",0,2,0,1,SF,estac.,sí,∇^1 θ̂+1.0000 LR0.000,cancela,—,,coinciden,0,,1,0,0,0,0,0
"ARMA(1,1) .6/.3",0,2,1,1,SF,estac.,sí,∇^2 θ̂+1.0000 LR0.000,cancela,θ̂+1.0000 LR0.000,cancelada,coinciden,0,,0,0,0,0,0,0
"ARMA(1,1) .6/.3",0,4,0,1,SF,estac.,sí,∇^1 θ̂+0.8929 LR-0.471,cancela,—,,coinciden,0,,1,1,0,0,0,0
"ARMA(1,1) .6/.3",0,4,1,1,SF,estac.,sí,∇^2 θ̂+1.0000 LR0.000,cancela,θ̂+0.8929 LR-0.471,cancelada,coinciden,0,,0,1,0,0,0,0
"ARMA(1,1) .6/.3",0,5,0,1,SF,estac.,sí,∇^1 θ̂+1.0000 LR-0.000,cancela,—,,coinciden,0,,1,0,0,0,0,0
"ARMA(1,1) .6/.3",0,5,1,1,SF,estac.,sí,∇^2 θ̂+1.0000 LR0.000,cancela,θ̂+1.0000 LR0.000,cancelada,coinciden,0,,0,0,0,0,0,0
"ARMA(1,1) .6/.3",0,6,0,1,SF,estac.,sí,∇^1 θ̂+0.9811 LR0.247,cancela,—,,coinciden,0,,1,0,0,0,0,0
"ARMA(1,1) .6/.3",0,6,1,1,SF,estac.,sí,∇^2 θ̂+1.0000 LR-0.000,cancela,θ̂+0.9811 LR0.247,cancelada,coinciden,0,,0,0,0,0,0,0
"ARMA(1,1) .6/.3",0,7,0,1,SF,estac.,sí,∇^1 θ̂+0.9704 LR0.080,cancela,—,,coinciden,0,,1,0,0,0,0,0
"ARMA(1,1) .6/.3",0,7,1,1,SF,estac.,sí,∇^2 θ̂+1.0000 LR0.000,cancela,θ̂+0.9704 LR0.080,cancelada,coinciden,0,,0,0,0,0,0,0
"ARMA(1,1) .6/.3",0,8,0,1,SF,estac.,sí,∇^1 θ̂+0.8330 LR10.370,genuina,—,,discrepan,0,,0,0,0,0,0,1
"ARMA(1,1) .6/.3",0,8,1,1,SF,estac.,sí,∇^2 θ̂+1.0000 LR-0.000,cancela,θ̂+0.8330 LR10.370,genuina,coinciden,0,,1,0,0,0,0,1
"ARMA(1,1) .6/.3",0,10,0,1,SF,estac.,sí,∇^1 θ̂+1.0000 LR0.000,cancela,—,,coinciden,0,,1,0,0,0,0,0
"ARMA(1,1) .6/.3",0,10,1,1,SF,estac.,sí,∇^2 θ̂+1.0000 LR-0.000,cancela,θ̂+1.0000 LR-0.000,cancelada,coinciden,0,,0,0,0,0,0,0
"ARMA(1,1) .6/.3",0,9,0,1,SF,estac.,sí,∇^1 θ̂+1.0000 LR-0.000,cancela,—,,coinciden,0,,1,0,0,0,0,0
"ARMA(1,1) .6/.3",0,9,1,1,SF,estac.,sí,∇^2 θ̂+1.0000 LR-0.000,cancela,θ̂+1.0000 LR0.000,cancelada,coinciden,0,,0,0,0,0,0,0
"ARMA(1,1) .6/.3",0,11,0,1,SF,estac.,sí,∇^1 θ̂+0.9929 LR0.023,cancela,—,,coinciden,0,,1,0,0,0,0,0
"ARMA(1,1) .6/.3",0,11,1,1,SF,estac.,sí,∇^2 θ̂+1.0000 LR0.000,cancela,θ̂+0.9929 LR0.023,cancelada,coinciden,0,,0,0,0,0,0,0
"ARMA(1,1) .6/.3",0,12,0,1,SF,estac.,sí,∇^1 θ̂+1.0000 LR-0.000,cancela,—,,coinciden,0,,1,0,0,0,0,0
"ARMA(1,1) .6/.3",0,12,1,1,SF,estac.,sí,∇^2 θ̂+1.0000 LR-0.000,cancela,θ̂+1.0000 LR-0.000,cancelada,coinciden,0,,0,0,0,0,0,0
"ARMA(1,1) .6/.3",0,13,0,1,SF,estac.,sí,∇^1 θ̂+1.0000 LR0.000,cancela,—,,coinciden,0,,1,0,0,0,0,0
"ARMA(1,1) .6/.3",0,13,1,1,SF,estac.,sí,∇^2 θ̂+1.0000 LR0.000,cancela,θ̂+1.0000 LR0.000,cancelada,coinciden,0,,0,0,0,0,0,0
"ARMA(1,1) .6/.3",0,14,0,1,SF,estac.,sí,∇^1 θ̂+1.0000 LR-0.000,cancela,—,,coinciden,0,,1,0,0,0,0,0
"ARMA(1,1) .6/.3",0,14,1,1,SF,estac.,sí,∇^2 θ̂+1.0000 LR0.000,cancela,θ̂+1.0000 LR0.000,cancelada,coinciden,0,,0,0,0,0,0,0
"ARMA(1,1) .6/.3",0,15,0,1,SF,estac.,sí,∇^1 θ̂+0.9904 LR0.040,cancela,—,,coinciden,0,,1,0,0,0,0,0
"ARMA(1,1) .6/.3",0,15,1,1,SF,estac.,sí,∇^2 θ̂+1.0000 LR0.000,cancela,θ̂+0.9904 LR0.040,cancelada,coinciden,0,,0,0,0,0,0,0
"ARMA(1,1) .6/.3",0,17,0,1,SF,estac.,sí,∇^1 θ̂+1.0000 LR0.000,cancela,—,,coinciden,1,ruido blanco (Q): p mínimo = 0.0158,0,0,0,0,0,0
"ARMA(1,1) .6/.3",0,17,1,1,SF,estac.,sí,∇^2 θ̂+1.0000 LR-0.000,cancela,θ̂+1.0000 LR0.000,cancelada,coinciden,1,ruido blanco (Q): p mínimo = 0.0285,0,0,0,0,0,0
"ARMA(1,1) .6/.3",0,16,0,1,SF,estac.,sí,∇^1 θ̂+1.0000 LR0.000,cancela,—,,coinciden,1,estacionalidad en los residuos (p = 0.0424),0,0,0,0,0,0
"ARMA(1,1) .6/.3",0,16,1,1,SF,estac.,sí,∇^2 θ̂+1.0000 LR0.000,cancela,θ̂+1.0000 LR0.000,cancelada,coinciden,1,estacionalidad en los residuos (p = 0.0475),0,0,0,0,0,0
"ARMA(1,1) .6/.3",0,18,0,1,SF,estac.,sí,∇^1 θ̂+1.0000 LR0.000,cancela,—,,coinciden,0,,1,0,0,0,0,0
"ARMA(1,1) .6/.3",0,18,1,1,SF,estac.,sí,∇^2 θ̂+1.0000 LR-0.000,cancela,θ̂+1.0000 LR-0.000,cancelada,coinciden,0,,0,0,0,0,0,0
"ARMA(1,1) .6/.3",0,19,0,1,SF,estac.,sí,∇^1 θ̂+1.0000 LR-0.000,cancela,—,,coinciden,0,,1,0,0,0,0,0
"ARMA(1,1) .6/.3",0,19,1,1,SF,estac.,sí,∇^2 θ̂+1.0000 LR-0.000,cancela,θ̂+1.0000 LR0.000,cancelada,coinciden,0,,0,0,0,0,0,0
"ARMA(1,1) .6/.3",0,21,0,1,SF,estac.,sí,∇^1 θ̂+0.9720 LR0.977,cancela,—,,coinciden,0,,1,0,0,0,0,0
"ARMA(1,1) .6/.3",0,21,1,1,SF,estac.,sí,∇^2 θ̂+1.0000 LR0.000,cancela,θ̂+0.9720 LR0.977,cancelada,coinciden,0,,0,0,0,0,0,0
"ARMA(1,1) .6/.3",0,20,0,1,SF,estac.,sí,∇^1 θ̂+1.0000 LR0.000,cancela,—,,coinciden,0,,1,0,0,0,0,0
"ARMA(1,1) .6/.3",0,20,1,1,SF,estac.,sí,∇^2 θ̂+1.0000 LR0.000,cancela,θ̂+1.0000 LR-0.000,cancelada,coinciden,1,ruido blanco (Q): p mínimo = 0.0069,0,0,0,0,0,0
"ARMA(1,1) .6/.3",0,22,0,1,SF,estac.,sí,∇^1 θ̂+1.0000 LR0.000,cancela,—,,coinciden,1,estacionalidad en los residuos (p = 0.0328),0,0,0,0,0,0
"ARMA(1,1) .6/.3",0,22,1,1,SF,estac.,sí,∇^2 θ̂+1.0000 LR-0.000,cancela,θ̂+1.0000 LR-0.000,cancelada,coinciden,1,estacionalidad en los residuos (p = 0.0310),0,0,0,0,0,0
"ARMA(1,1) .6/.3",0,23,0,1,SF,estac.,sí,∇^1 θ̂+0.8691 LR-0.316,cancela,—,,coinciden,0,,1,1,0,0,0,0
"ARMA(1,1) .6/.3",0,23,1,1,SF,estac.,sí,∇^2 θ̂+1.0000 LR-0.000,cancela,θ̂+0.8691 LR-0.316,cancelada,coinciden,0,,0,1,0,0,0,0
"ARMA(1,1) .6/.3",0,24,0,1,SF,estac.,sí,∇^1 θ̂+0.9905 LR0.078,cancela,—,,coinciden,0,,1,0,0,0,0,0
"ARMA(1,1) .6/.3",0,24,1,1,SF,estac.,sí,∇^2 θ̂+1.0000 LR-0.000,cancela,θ̂+0.9905 LR0.078,cancelada,coinciden,0,,0,0,0,0,0,0
"ARMA(1,1) .6/.3",0,26,0,1,SF,estac.,sí,∇^1 θ̂+1.0000 LR0.000,cancela,—,,coinciden,0,,1,0,0,0,0,0
"ARMA(1,1) .6/.3",0,26,1,1,SF,estac.,sí,∇^2 θ̂+1.0000 LR-0.000,cancela,θ̂+1.0000 LR0.000,cancelada,coinciden,1,ruido blanco (Q): p mínimo = 0.0046,0,0,0,0,0,0
"ARMA(1,1) .6/.3",0,25,0,1,SF,estac.,sí,∇^1 θ̂+0.9743 LR0.713,cancela,—,,coinciden,0,,1,0,0,0,0,0
"ARMA(1,1) .6/.3",0,25,1,1,SF,estac.,sí,∇^2 θ̂+1.0000 LR0.000,cancela,θ̂+0.9743 LR0.713,cancelada,coinciden,0,,0,0,0,0,0,0
"ARMA(1,1) .6/.3",0,28,0,1,SF,estac.,sí,∇^1 θ̂+1.0000 LR0.000,cancela,—,,coinciden,0,,1,0,0,0,0,0
"ARMA(1,1) .6/.3",0,28,1,1,SF,estac.,sí,∇^2 θ̂+1.0000 LR-0.000,cancela,θ̂+1.0000 LR0.000,cancelada,coinciden,0,,0,0,0,0,0,0
"ARMA(1,1) .6/.3",0,27,0,1,SF,estac.,sí,∇^1 θ̂+0.8197 LR5.750,genuina,—,,discrepan,0,,0,0,0,0,0,0
"ARMA(1,1) .6/.3",0,27,1,1,SF,estac.,sí,∇^2 θ̂+1.0000 LR-0.000,cancela,θ̂+0.8197 LR5.750,genuina,coinciden,0,,1,0,0,0,0,0
"ARMA(1,1) .6/.3",0,29,0,1,SF,estac.,sí,∇^1 θ̂+0.9476 LR3.986,genuina,—,,discrepan,0,,0,0,0,0,1,0
"ARMA(1,1) .6/.3",0,29,1,1,SF,estac.,sí,∇^2 θ̂+1.0000 LR0.000,cancela,θ̂+0.9476 LR3.986,genuina,coinciden,0,,1,0,0,0,1,0
"ARMA(1,1) .6/.3",0,30,0,1,SF,estac.,sí,∇^1 θ̂+0.9905 LR0.061,cancela,—,,coinciden,0,,1,0,0,0,0,0
"ARMA(1,1) .6/.3",0,30,1,1,SF,estac.,sí,∇^2 θ̂+1.0000 LR0.000,cancela,θ̂+0.9905 LR0.061,cancelada,coinciden,0,,0,0,0,0,0,0
"ARMA(1,1) .6/.3",0,31,0,1,SF,estac.,sí,∇^1 θ̂+1.0000 LR-0.000,cancela,—,,coinciden,0,,1,0,0,0,0,0
"ARMA(1,1) .6/.3",0,31,1,1,SF,estac.,sí,∇^2 θ̂+1.0000 LR0.000,cancela,θ̂+1.0000 LR0.000,cancelada,coinciden,0,,0,0,0,0,0,0
"ARMA(1,1) .6/.3",0,32,0,1,SF,estac.,sí,∇^1 θ̂+0.9810 LR0.717,cancela,—,,coinciden,1,"ruido blanco (Q): p mínimo = 0.0131; normalidad (JB): 6.493,",0,0,0,0,0,0
"ARMA(1,1) .6/.3",0,32,1,1,SF,estac.,sí,∇^2 θ̂+1.0000 LR0.000,cancela,θ̂+0.9810 LR0.717,cancelada,coinciden,1,ruido blanco (Q): p mínimo = 0.0034,0,0,0,0,0,0
"ARMA(1,1) .6/.3",0,34,0,1,SF,estac.,sí,∇^1 θ̂+0.9705 LR0.796,cancela,—,,coinciden,0,,1,0,0,0,0,0
"ARMA(1,1) .6/.3",0,34,1,1,SF,estac.,sí,∇^2 θ̂+1.0000 LR0.000,cancela,θ̂+0.9705 LR0.796,cancelada,coinciden,0,,0,0,0,0,0,0
"ARMA(1,1) .6/.3",0,33,0,1,SF,estac.,sí,∇^1 θ̂+0.9759 LR1.639,cancela,—,,coinciden,0,,1,0,0,0,1,0
"ARMA(1,1) .6/.3",0,33,1,1,SF,estac.,sí,∇^2 θ̂+1.0000 LR-0.000,cancela,θ̂+0.9759 LR1.639,cancelada,coinciden,0,,0,0,0,0,1,0
"ARMA(1,1) .6/.3",0,35,0,1,SF,estac.,sí,∇^1 θ̂+0.9964 LR0.002,cancela,—,,coinciden,0,,1,0,0,0,0,0
"ARMA(1,1) .6/.3",0,35,1,1,SF,estac.,sí,∇^2 θ̂+1.0000 LR0.000,cancela,θ̂+0.9964 LR0.002,cancelada,coinciden,0,,0,0,0,0,0,0
"ARMA(1,1) .6/.3",0,36,0,1,SF,estac.,sí,∇^1 θ̂+1.0000 LR0.000,cancela,—,,coinciden,0,,1,0,0,0,0,0
"ARMA(1,1) .6/.3",0,36,1,1,SF,estac.,sí,∇^2 θ̂+1.0000 LR0.000,cancela,θ̂+1.0000 LR0.000,cancelada,coinciden,0,,0,0,0,0,0,0
"ARMA(1,1) .6/.3",0,37,0,1,SF,raíz,sí,∇^1 θ̂+0.9073 LR5.576,genuina,—,,coinciden,0,,0,0,0,0,0,0
"ARMA(1,1) .6/.3",0,37,1,1,SF,estac.,sí,∇^2 θ̂+1.0000 LR-0.000,cancela,θ̂+0.9073 LR5.576,genuina,coinciden,0,,1,0,0,0,0,0
"ARMA(1,1) .6/.3",0,39,0,1,SF,estac.,sí,∇^1 θ̂+1.0000 LR0.000,cancela,—,,coinciden,0,,1,0,0,0,0,0
"ARMA(1,1) .6/.3",0,39,1,1,SF,estac.,sí,∇^2 θ̂+1.0000 LR0.000,cancela,θ̂+1.0000 LR-0.000,cancelada,coinciden,0,,0,0,0,0,0,0
"ARMA(1,1) .6/.3",0,38,0,1,SF,estac.,sí,∇^1 θ̂+0.9824 LR0.506,cancela,—,,coinciden,0,,1,0,0,0,0,0
"ARMA(1,1) .6/.3",0,38,1,1,SF,estac.,sí,∇^2 θ̂+1.0000 LR-0.000,cancela,θ̂+0.9824 LR0.506,cancelada,coinciden,0,,0,0,0,0,0,0
"ARMA(1,1) .6/.3",0,40,0,1,SF,estac.,sí,∇^1 θ̂+0.9907 LR0.056,cancela,—,,coinciden,0,,1,0,0,0,0,0
"ARMA(1,1) .6/.3",0,40,1,1,SF,estac.,sí,∇^2 θ̂+1.0000 LR0.000,cancela,θ̂+0.9907 LR0.056,cancelada,coinciden,0,,0,0,0,0,0,0
"ARMA(1,1) .6/.3",0,41,0,1,SF,estac.,sí,∇^1 θ̂+1.0000 LR0.000,cancela,—,,coinciden,0,,1,0,0,0,0,0
"ARMA(1,1) .6/.3",0,41,1,1,SF,estac.,sí,∇^2 θ̂+1.0000 LR0.000,cancela,θ̂+1.0000 LR0.000,cancelada,coinciden,0,,0,0,0,0,0,0
"ARMA(1,1) .6/.3",0,42,0,1,SF,estac.,sí,∇^1 θ̂+1.0000 LR0.000,cancela,—,,coinciden,0,,1,0,0,0,0,0
"ARMA(1,1) .6/.3",0,42,1,1,SF,estac.,sí,∇^2 θ̂+1.0000 LR-0.000,cancela,θ̂+1.0000 LR0.000,cancelada,coinciden,0,,0,0,0,0,0,0
"ARMA(1,1) .6/.3",0,44,0,1,SF,estac.,sí,∇^1 θ̂+0.9696 LR0.339,cancela,—,,coinciden,0,,1,0,0,0,0,0
"ARMA(1,1) .6/.3",0,44,1,1,SF,estac.,sí,∇^2 θ̂+1.0000 LR-0.000,cancela,θ̂+0.9696 LR0.339,cancelada,coinciden,1,ruido blanco (Q): p mínimo = 0.0210,0,0,0,0,0,0
"ARMA(1,1) .6/.3",0,43,0,1,SF,estac.,sí,∇^1 θ̂+1.0000 LR-0.000,cancela,—,,coinciden,0,,1,0,0,0,0,0
"ARMA(1,1) .6/.3",0,43,1,1,SF,estac.,sí,∇^2 θ̂+1.0000 LR0.000,cancela,θ̂+1.0000 LR0.000,cancelada,coinciden,0,,0,0,0,0,0,0
"ARMA(1,1) .6/.3",0,45,0,1,SF,estac.,sí,∇^1 θ̂+0.9805 LR0.739,cancela,—,,coinciden,0,,1,0,0,0,0,0
"ARMA(1,1) .6/.3",0,45,1,1,SF,estac.,sí,∇^2 θ̂+1.0000 LR0.000,cancela,θ̂+0.9805 LR0.739,cancelada,coinciden,0,,0,0,0,0,0,0
"ARMA(1,1) .6/.3",0,46,0,1,SF,estac.,sí,∇^1 θ̂+1.0000 LR0.000,cancela,—,,coinciden,0,,1,0,0,0,0,0
"ARMA(1,1) .6/.3",0,46,1,1,SF,estac.,sí,∇^2 θ̂+1.0000 LR0.000,cancela,θ̂+1.0000 LR-0.000,cancelada,coinciden,0,,0,0,0,0,0,0
"ARMA(1,1) .6/.3",0,48,0,1,SF,estac.,sí,∇^1 θ̂+1.0000 LR0.000,cancela,—,,coinciden,0,,1,0,0,0,0,0
"ARMA(1,1) .6/.3",0,48,1,1,SF,estac.,sí,∇^2 θ̂+1.0000 LR-0.000,cancela,θ̂+1.0000 LR0.000,cancelada,coinciden,0,,0,0,0,0,0,0
"ARMA(1,1) .6/.3",0,47,0,1,SF,estac.,sí,∇^1 θ̂+0.9817 LR0.614,cancela,—,,coinciden,0,,1,0,0,0,0,0
"ARMA(1,1) .6/.3",0,47,1,1,SF,estac.,sí,∇^2 θ̂+1.0000 LR-0.000,cancela,θ̂+0.9817 LR0.614,cancelada,coinciden,0,,0,0,0,0,0,0
"ARMA(1,1) .6/.3",0,49,0,1,SF,estac.,sí,∇^1 θ̂+0.9673 LR1.551,cancela,—,,coinciden,0,,1,0,0,0,0,0
"ARMA(1,1) .6/.3",0,49,1,1,SF,estac.,sí,∇^2 θ̂+1.0000 LR0.000,cancela,θ̂+0.9673 LR1.551,cancelada,coinciden,0,,0,0,0,0,0,0
"AR(2) reales .5,.3",0,0,0,1,SF,estac.,—,∇^1 θ̂+0.9951 LR0.006,cancela,—,,coinciden,0,,1,0,0,0,0,1
"AR(2) reales .5,.3",0,0,1,1,—,,—,∇^2 θ̂+1.0000 LR-0.000,cancela,θ̂+0.9951 LR0.006,cancelada,sin par,1,estacionalidad en los residuos (p = 0.0370),0,0,0,0,0,1
"AR(2) reales .5,.3",0,1,0,1,SF,estac.,—,∇^1 θ̂+0.9949 LR0.004,cancela,—,,coinciden,0,,1,0,0,0,1,0
"AR(2) reales .5,.3",0,1,1,1,—,,—,∇^2 θ̂+1.0000 LR0.000,cancela,θ̂-0.5294 LR-7.008,cancelada,sin par,0,,1,1,1,0,1,0
"AR(2) reales .5,.3",0,3,0,1,SF,estac.,—,∇^1 θ̂+0.9862 LR0.314,cancela,—,,coinciden,1,"normalidad (JB): 8.190, p = 0.0167",0,0,0,0,1,0
"AR(2) reales .5,.3",0,3,1,1,—,,—,∇^2 θ̂+1.0000 LR-0.000,cancela,θ̂+0.9862 LR0.314,cancelada,sin par,1,"normalidad (JB): 11.537, p = 0.0031",0,0,0,0,1,0
"AR(2) reales .5,.3",0,2,0,1,SF,estac.,—,∇^1 θ̂+1.0000 LR0.000,cancela,—,,coinciden,0,,1,0,0,0,0,0
"AR(2) reales .5,.3",0,2,1,1,—,,—,∇^2 θ̂+1.0000 LR-0.000,cancela,θ̂+1.0000 LR-0.000,cancelada,sin par,0,,1,0,0,0,0,0
"AR(2) reales .5,.3",0,4,0,1,SF,estac.,—,∇^1 θ̂+1.0000 LR0.000,cancela,—,,coinciden,1,estacionalidad en los residuos (p = 0.0050),0,0,0,0,1,1
"AR(2) reales .5,.3",0,4,1,1,—,,—,∇^2 θ̂+1.0000 LR-0.000,cancela,θ̂+1.0000 LR-0.000,cancelada,sin par,1,estacionalidad en los residuos (p = 0.0016),0,0,0,0,1,1
"AR(2) reales .5,.3",0,7,0,1,SF,estac.,—,∇^1 θ̂+1.0000 LR0.000,cancela,—,,coinciden,0,,1,0,0,0,0,0
"AR(2) reales .5,.3",0,7,1,1,—,,—,∇^2 θ̂+1.0000 LR-0.000,cancela,θ̂+1.0000 LR-0.000,cancelada,sin par,0,,1,0,0,0,0,0
"AR(2) reales .5,.3",0,6,0,1,SF,estac.,—,∇^1 θ̂+1.0000 LR-0.000,cancela,—,,coinciden,0,,1,0,0,0,0,0
"AR(2) reales .5,.3",0,6,1,1,—,,—,∇^2 θ̂+1.0000 LR0.000,cancela,θ̂+1.0000 LR-0.000,cancelada,sin par,0,,1,0,0,0,0,0
"AR(2) reales .5,.3",0,5,0,1,SF,estac.,—,∇^1 θ̂+0.9892 LR0.093,cancela,—,,coinciden,0,,1,0,0,0,0,0
"AR(2) reales .5,.3",0,5,1,1,—,,—,∇^2 θ̂+1.0000 LR0.000,cancela,θ̂+0.9892 LR0.093,cancelada,sin par,0,,1,0,0,0,0,0
"AR(2) reales .5,.3",0,8,0,1,SF,estac.,—,∇^1 θ̂+1.0000 LR-0.000,cancela,—,,coinciden,0,,1,0,0,0,0,0
"AR(2) reales .5,.3",0,8,1,1,—,,—,∇^2 θ̂+1.0000 LR-0.000,cancela,θ̂+0.5477 LR-4.510,cancelada,sin par,0,,1,1,0,0,0,0
"AR(2) reales .5,.3",0,9,0,1,SF,estac.,—,∇^1 θ̂+0.9829 LR0.662,cancela,—,,coinciden,0,,1,0,0,0,1,0
"AR(2) reales .5,.3",0,9,1,1,SFsob,estac.,—,∇^2 θ̂+1.0000 LR0.000,cancela,θ̂+0.9829 LR0.662,cancelada,sin par,0,,1,0,0,0,1,0
"AR(2) reales .5,.3",0,10,0,1,SF,estac.,—,∇^1 θ̂+1.0000 LR-0.000,cancela,—,,coinciden,0,,1,0,0,0,0,0
"AR(2) reales .5,.3",0,10,1,1,—,,—,∇^2 θ̂+1.0000 LR-0.000,cancela,θ̂+1.0000 LR-0.000,cancelada,sin par,0,,1,0,0,0,0,0
"AR(2) reales .5,.3",0,11,0,1,SF,estac.,—,∇^1 θ̂+1.0000 LR0.000,cancela,—,,coinciden,0,,1,0,0,0,0,0
"AR(2) reales .5,.3",0,11,1,1,—,,—,∇^2 θ̂+1.0000 LR0.000,cancela,θ̂+1.0000 LR-0.000,cancelada,sin par,0,,1,0,0,0,0,0
"AR(2) reales .5,.3",0,12,0,1,SF,estac.,—,∇^1 θ̂+1.0000 LR-0.000,cancela,—,,coinciden,1,estacionalidad en los residuos (p = 0.0380),0,0,0,0,0,0
"AR(2) reales .5,.3",0,12,1,1,—,,—,∇^2 θ̂+1.0000 LR-0.000,cancela,θ̂+0.3569 LR-9.655,cancelada,sin par,1,estacionalidad en los residuos (p = 0.0363),0,1,0,0,0,0
"AR(2) reales .5,.3",0,13,0,1,SF,estac.,—,∇^1 θ̂+0.9884 LR0.179,cancela,—,,coinciden,0,,1,0,0,0,1,0
"AR(2) reales .5,.3",0,13,1,1,—,,—,∇^2 θ̂+1.0000 LR0.000,cancela,θ̂+0.9884 LR0.179,cancelada,sin par,0,,1,0,0,0,1,0
"AR(2) reales .5,.3",0,14,0,1,SF,estac.,—,∇^1 θ̂+1.0000 LR-0.000,cancela,—,,coinciden,0,,1,0,0,0,0,1
"AR(2) reales .5,.3",0,14,1,1,—,,—,∇^2 θ̂+1.0000 LR0.000,cancela,θ̂+0.1687 LR-6.406,cancelada,sin par,0,,1,1,0,0,0,1
"AR(2) reales .5,.3",0,15,0,1,SF,estac.,—,∇^1 θ̂+0.9934 LR0.024,cancela,—,,coinciden,0,,1,0,0,0,0,1
"AR(2) reales .5,.3",0,15,1,1,—,,—,∇^2 θ̂+1.0000 LR0.000,cancela,θ̂+0.9934 LR0.024,cancelada,sin par,0,,1,0,0,0,0,1
"AR(2) reales .5,.3",0,16,0,1,SF,estac.,—,∇^1 θ̂+1.0000 LR-0.000,cancela,—,,coinciden,0,,1,0,0,0,0,1
"AR(2) reales .5,.3",0,16,1,1,SFsob,estac.,—,∇^2 θ̂+1.0000 LR0.000,cancela,θ̂+1.0000 LR-0.000,cancelada,sin par,0,,1,0,0,0,0,1
"AR(2) reales .5,.3",0,17,0,1,SF,estac.,—,∇^1 θ̂+1.0000 LR-0.000,cancela,—,,coinciden,0,,1,0,0,0,0,0
"AR(2) reales .5,.3",0,17,1,1,SF,estac.,—,∇^2 θ̂+1.0000 LR-0.000,cancela,θ̂+0.2151 LR-11.436,cancelada,coinciden,1,estacionalidad en los residuos (p = 0.0337),0,1,0,0,0,0
"AR(2) reales .5,.3",0,18,0,1,SF,estac.,—,∇^1 θ̂+1.0000 LR-0.000,cancela,—,,coinciden,0,,1,0,0,0,0,1
"AR(2) reales .5,.3",0,18,1,1,—,,—,∇^2 θ̂+1.0000 LR-0.000,cancela,θ̂+1.0000 LR-0.000,cancelada,sin par,1,ruido blanco (Q): p mínimo = 0.0053,0,0,0,0,0,1
"AR(2) reales .5,.3",0,19,0,1,SF,estac.,—,∇^1 θ̂+0.9774 LR1.681,cancela,—,,coinciden,0,,1,0,0,0,1,0
"AR(2) reales .5,.3",0,19,1,1,—,,—,∇^2 θ̂+1.0000 LR0.000,cancela,θ̂+0.9774 LR1.681,cancelada,sin par,0,,1,0,0,0,1,0
"AR(2) reales .5,.3",0,21,0,1,SF,estac.,—,∇^1 θ̂+0.9911 LR0.043,cancela,—,,coinciden,0,,1,0,0,0,1,1
"AR(2) reales .5,.3",0,21,1,1,—,,—,∇^2 θ̂+1.0000 LR0.000,cancela,θ̂+0.9911 LR0.043,cancelada,sin par,0,,1,0,0,0,1,1
"AR(2) reales .5,.3",0,20,0,1,SF,estac.,—,∇^1 θ̂+1.0000 LR0.000,cancela,—,,coinciden,0,,1,0,0,0,0,0
"AR(2) reales .5,.3",0,20,1,1,—,,—,∇^2 θ̂+1.0000 LR0.000,cancela,θ̂+1.0000 LR-0.000,cancelada,sin par,0,,1,0,0,0,0,0
"AR(2) reales .5,.3",0,22,0,1,SF,estac.,—,∇^1 θ̂+0.9584 LR0.408,cancela,—,,coinciden,0,,1,0,0,0,0,1
"AR(2) reales .5,.3",0,22,1,1,—,,—,∇^2 θ̂+1.0000 LR0.000,cancela,θ̂+0.9584 LR0.408,cancelada,sin par,0,,1,0,0,0,0,1
"AR(2) reales .5,.3",0,24,0,1,SF,estac.,—,∇^1 θ̂+1.0000 LR-0.000,cancela,—,,coinciden,0,,1,0,0,0,1,0
"AR(2) reales .5,.3",0,24,1,1,SF,estac.,—,∇^2 θ̂+1.0000 LR0.000,cancela,θ̂+1.0000 LR-0.000,cancelada,coinciden,0,,1,0,0,0,1,0
"AR(2) reales .5,.3",0,23,0,1,SF,estac.,—,∇^1 θ̂+1.0000 LR0.000,cancela,—,,coinciden,0,,1,0,0,0,0,0
"AR(2) reales .5,.3",0,23,1,1,SFsob,estac.,—,∇^2 θ̂+1.0000 LR-0.000,cancela,θ̂+1.0000 LR0.000,cancelada,sin par,0,,1,0,0,0,0,0
"AR(2) reales .5,.3",0,26,0,1,SF,estac.,—,∇^1 θ̂+1.0000 LR-0.000,cancela,—,,coinciden,0,,1,0,0,0,0,0
"AR(2) reales .5,.3",0,26,1,1,SF,estac.,—,∇^2 θ̂+1.0000 LR0.000,cancela,θ̂-0.4969 LR-7.133,cancelada,coinciden,0,,1,1,1,0,0,0
"AR(2) reales .5,.3",0,25,0,1,SF,estac.,—,∇^1 θ̂+0.9895 LR0.080,cancela,—,,coinciden,1,estacionalidad en los residuos (p = 0.0322),0,0,0,0,0,0
"AR(2) reales .5,.3",0,25,1,1,—,,—,∇^2 θ̂+1.0000 LR-0.000,cancela,θ̂+0.9895 LR0.080,cancelada,sin par,1,estacionalidad en los residuos (p = 0.0128),0,0,0,0,0,0
"AR(2) reales .5,.3",0,28,0,1,SF,estac.,—,∇^1 θ̂+1.0000 LR-0.000,cancela,—,,coinciden,0,,1,0,0,0,0,1
"AR(2) reales .5,.3",0,28,1,1,—,,—,∇^2 θ̂+1.0000 LR-0.000,cancela,θ̂+1.0000 LR0.000,cancelada,sin par,0,,1,0,0,0,0,1
"AR(2) reales .5,.3",0,27,0,1,SF,estac.,—,∇^1 θ̂+1.0000 LR-0.000,cancela,—,,coinciden,0,,1,0,0,0,0,0
"AR(2) reales .5,.3",0,27,1,1,SF,estac.,—,∇^2 θ̂+1.0000 LR0.000,cancela,θ̂-0.3062 LR-12.891,cancelada,coinciden,0,,1,1,1,0,0,0
"AR(2) reales .5,.3",0,32,0,1,SF,estac.,—,∇^1 θ̂+0.7460 LR1.973,genuina,—,,discrepan,0,,0,0,0,0,1,1
"AR(2) reales .5,.3",0,32,1,1,—,,—,∇^2 θ̂+1.0000 LR-0.000,cancela,θ̂+0.7460 LR1.973,genuina,sin par,0,,1,0,0,0,1,1
"AR(2) reales .5,.3",0,29,0,1,SF,estac.,—,∇^1 θ̂+1.0000 LR-0.000,cancela,—,,coinciden,0,,1,0,0,0,0,1
"AR(2) reales .5,.3",0,29,1,1,—,,—,∇^2 θ̂+1.0000 LR-0.000,cancela,θ̂+1.0000 LR-0.000,cancelada,sin par,0,,1,0,0,0,0,1
"AR(2) reales .5,.3",0,30,0,1,SF,estac.,—,∇^1 θ̂+1.0000 LR0.000,cancela,—,,coinciden,0,,1,0,0,1,1,1
"AR(2) reales .5,.3",0,30,1,1,—,,—,∇^2 θ̂+1.0000 LR-0.000,cancela,θ̂+1.0000 LR0.000,cancelada,sin par,0,,1,0,0,1,1,1
"AR(2) reales .5,.3",0,31,0,1,SF,estac.,—,∇^1 θ̂+1.0000 LR-0.000,cancela,—,,coinciden,0,,1,0,0,0,0,1
"AR(2) reales .5,.3",0,31,1,1,—,,—,∇^2 θ̂+1.0000 LR-0.000,cancela,θ̂+1.0000 LR-0.000,cancelada,sin par,0,,1,0,0,0,0,1
"AR(2) reales .5,.3",0,33,0,1,SF,estac.,—,∇^1 θ̂+1.0000 LR0.000,cancela,—,,coinciden,0,,1,0,0,0,0,0
"AR(2) reales .5,.3",0,33,1,1,—,,—,∇^2 θ̂+1.0000 LR0.000,cancela,θ̂+1.0000 LR-0.000,cancelada,sin par,0,,1,0,0,0,0,0
"AR(2) reales .5,.3",0,34,0,1,SF,estac.,—,∇^1 θ̂+0.6078 LR-1.068,cancela,—,,coinciden,0,,1,1,0,0,0,1
"AR(2) reales .5,.3",0,34,1,1,—,,—,∇^2 θ̂+1.0000 LR-0.000,cancela,θ̂+0.6078 LR-1.068,cancelada,sin par,0,,1,1,0,0,0,1
"AR(2) reales .5,.3",0,35,0,1,SF,estac.,—,∇^1 θ̂+0.9287 LR3.314,genuina,—,,discrepan,0,,0,0,0,0,1,1
"AR(2) reales .5,.3",0,35,1,1,—,,—,∇^2 θ̂+1.0000 LR-0.000,cancela,θ̂+0.9287 LR3.314,genuina,sin par,0,,1,0,0,0,1,1
"AR(2) reales .5,.3",0,36,0,1,SF,estac.,—,∇^1 θ̂+1.0000 LR0.000,cancela,—,,coinciden,0,,1,0,0,0,0,0
"AR(2) reales .5,.3",0,36,1,1,SFsob,estac.,—,∇^2 θ̂+1.0000 LR-0.000,cancela,θ̂-0.7852 LR-7.620,cancelada,sin par,0,,1,1,1,0,0,0
"AR(2) reales .5,.3",0,38,0,1,SF,estac.,—,∇^1 θ̂+0.9955 LR0.002,cancela,—,,coinciden,0,,1,0,0,0,0,0
"AR(2) reales .5,.3",0,38,1,1,—,,—,∇^2 θ̂+1.0000 LR0.000,cancela,θ̂+0.9955 LR0.002,cancelada,sin par,0,,1,0,0,0,0,0
"AR(2) reales .5,.3",0,39,0,1,SF,estac.,—,∇^1 θ̂+1.0000 LR0.000,cancela,—,,coinciden,0,,1,0,0,0,0,0
"AR(2) reales .5,.3",0,39,1,1,—,,—,∇^2 θ̂+1.0000 LR0.000,cancela,θ̂+1.0000 LR-0.000,cancelada,sin par,1,ruido blanco (Q): p mínimo = 0.0164,0,0,0,0,0,0
"AR(2) reales .5,.3",0,37,0,1,SF,estac.,—,∇^1 θ̂+1.0000 LR0.000,cancela,—,,coinciden,0,,1,0,0,0,0,0
"AR(2) reales .5,.3",0,37,1,1,—,,—,∇^2 θ̂+1.0000 LR0.000,cancela,θ̂+1.0000 LR-0.000,cancelada,sin par,0,,1,0,0,0,0,0
"AR(2) reales .5,.3",0,40,0,1,SF,estac.,—,∇^1 θ̂+1.0000 LR-0.000,cancela,—,,coinciden,0,,1,0,0,0,1,1
"AR(2) reales .5,.3",0,40,1,1,SFsob,estac.,—,∇^2 θ̂+1.0000 LR-0.000,cancela,θ̂+1.0000 LR-0.000,cancelada,sin par,0,,1,0,0,0,1,1
"AR(2) reales .5,.3",0,41,0,1,SF,estac.,—,∇^1 θ̂+1.0000 LR-0.000,cancela,—,,coinciden,0,,1,0,0,0,0,0
"AR(2) reales .5,.3",0,41,1,1,—,,—,∇^2 θ̂+1.0000 LR0.000,cancela,θ̂+1.0000 LR-0.000,cancelada,sin par,0,,1,0,0,0,0,0
"AR(2) reales .5,.3",0,42,0,1,SF,estac.,—,∇^1 θ̂+1.0000 LR-0.000,cancela,—,,coinciden,0,,1,0,0,0,0,0
"AR(2) reales .5,.3",0,42,1,1,SF,estac.,—,∇^2 θ̂+1.0000 LR0.000,cancela,θ̂+0.0970 LR-8.789,cancelada,coinciden,1,ruido blanco (Q): p mínimo = 0.0080,0,1,0,0,0,0
"AR(2) reales .5,.3",0,43,0,1,SF,estac.,—,∇^1 θ̂+1.0000 LR-0.000,cancela,—,,coinciden,0,,1,0,0,0,0,0
"AR(2) reales .5,.3",0,43,1,1,—,,—,∇^2 θ̂+1.0000 LR-0.000,cancela,θ̂+1.0000 LR0.000,cancelada,sin par,1,"normalidad (JB): 7.703, p = 0.0212",0,0,0,0,0,0
"AR(2) reales .5,.3",0,44,0,1,SF,estac.,—,∇^1 θ̂+1.0000 LR0.000,cancela,—,,coinciden,0,,1,0,0,0,0,0
"AR(2) reales .5,.3",0,44,1,1,—,,—,∇^2 θ̂+1.0000 LR0.000,cancela,θ̂+1.0000 LR-0.000,cancelada,sin par,0,,1,0,0,0,0,0
"AR(2) reales .5,.3",0,45,0,1,SF,estac.,—,∇^1 θ̂+1.0000 LR0.000,cancela,—,,coinciden,0,,1,0,0,0,0,0
"AR(2) reales .5,.3",0,45,1,1,—,,—,∇^2 θ̂+1.0000 LR-0.000,cancela,θ̂+1.0000 LR-0.000,cancelada,sin par,0,,1,0,0,0,0,0
"AR(2) reales .5,.3",0,46,0,1,SF,estac.,—,∇^1 θ̂+0.9682 LR1.247,cancela,—,,coinciden,0,,1,0,0,0,1,0
"AR(2) reales .5,.3",0,46,1,1,—,,—,∇^2 θ̂+1.0000 LR0.000,cancela,θ̂+0.9682 LR1.247,cancelada,sin par,0,,1,0,0,0,1,0
"AR(2) reales .5,.3",0,47,0,1,SF,estac.,—,∇^1 θ̂+1.0000 LR-0.000,cancela,—,,coinciden,0,,1,0,0,0,0,0
"AR(2) reales .5,.3",0,47,1,1,—,,—,∇^2 θ̂+1.0000 LR-0.000,cancela,θ̂+1.0000 LR-0.000,cancelada,sin par,0,,1,0,0,0,0,0
"AR(2) reales .5,.3",0,48,0,1,SF,estac.,—,∇^1 θ̂+1.0000 LR-0.000,cancela,—,,coinciden,0,,1,0,0,0,0,0
"AR(2) reales .5,.3",0,48,1,1,SFsob,estac.,—,∇^2 θ̂+1.0000 LR0.000,cancela,θ̂-0.4140 LR-15.465,cancelada,sin par,0,,1,1,1,0,0,0
"AR(2) reales .5,.3",0,49,0,1,SF,estac.,—,∇^1 θ̂+1.0000 LR0.000,cancela,—,,coinciden,0,,1,0,0,0,0,1
"AR(2) reales .5,.3",0,49,1,1,—,,—,∇^2 θ̂+1.0000 LR-0.000,cancela,θ̂+1.0000 LR-0.000,cancelada,sin par,0,,1,0,0,0,0,1
AR(2) cplx corto p8 r.7,0,0,0,1,—,,—,∇^1 θ̂+1.0000 LR-0.000,cancela,—,,sin par,1,ruido blanco (Q): p mínimo = 0.0171,0,0,0,0,0,0
AR(2) cplx corto p8 r.7,0,0,1,1,—,,—,∇^2 θ̂+1.0000 LR-0.000,cancela,θ̂+1.0000 LR0.000,cancelada,sin par,1,ruido blanco (Q): p mínimo = 0.0000,0,0,0,0,0,0
AR(2) cplx corto p8 r.7,0,1,0,1,SFsob,estac.,—,∇^1 θ̂+0.9854 LR0.392,cancela,—,,sin par,0,,1,0,0,0,0,0
AR(2) cplx corto p8 r.7,0,1,1,1,—,,—,∇^2 θ̂+1.0000 LR-0.000,cancela,θ̂+0.9854 LR0.392,cancelada,sin par,0,,1,0,0,0,0,0
AR(2) cplx corto p8 r.7,0,2,0,1,—,,—,∇^1 θ̂+1.0000 LR0.000,cancela,—,,sin par,0,,1,0,0,0,0,0
AR(2) cplx corto p8 r.7,0,2,1,1,—,,—,∇^2 θ̂+1.0000 LR0.000,cancela,θ̂+1.0000 LR-0.000,cancelada,sin par,0,,1,0,0,0,0,0
AR(2) cplx corto p8 r.7,0,3,0,1,—,,—,∇^1 θ̂+1.0000 LR0.000,cancela,—,,sin par,1,ruido blanco (Q): p mínimo = 0.0193,0,0,0,0,0,0
AR(2) cplx corto p8 r.7,0,3,1,1,—,,—,∇^2 θ̂+1.0000 LR0.000,cancela,θ̂+1.0000 LR-0.000,cancelada,sin par,1,ruido blanco (Q): p mínimo = 0.0000,0,0,0,0,0,0
AR(2) cplx corto p8 r.7,0,4,0,1,SFsob,estac.,—,∇^1 θ̂+0.9964 LR0.002,cancela,—,,sin par,0,,1,0,0,0,0,0
AR(2) cplx corto p8 r.7,0,4,1,1,—,,—,∇^2 θ̂+1.0000 LR0.000,cancela,θ̂+0.9964 LR0.002,cancelada,sin par,1,ruido blanco (Q): p mínimo = 0.0003,0,0,0,0,0,0
AR(2) cplx corto p8 r.7,0,5,0,1,—,,—,∇^1 θ̂+0.9945 LR0.005,cancela,—,,sin par,0,,1,0,0,0,0,0
AR(2) cplx corto p8 r.7,0,5,1,1,—,,—,∇^2 θ̂+1.0000 LR-0.000,cancela,θ̂+0.9945 LR0.005,cancelada,sin par,0,,1,0,0,0,0,0
AR(2) cplx corto p8 r.7,0,7,0,1,SFsob,estac.,—,∇^1 θ̂+0.9737 LR1.398,cancela,—,,sin par,1,estacionalidad en los residuos (p = 0.0366),0,0,0,0,0,0
AR(2) cplx corto p8 r.7,0,7,1,1,—,,—,∇^2 θ̂+1.0000 LR-0.000,cancela,θ̂+0.9737 LR1.398,cancelada,sin par,1,ruido blanco (Q): p mínimo = 0.0008; estacionalidad en los r,0,0,0,0,0,0
AR(2) cplx corto p8 r.7,0,6,0,1,SFsob,estac.,—,∇^1 θ̂+1.0000 LR0.000,cancela,—,,sin par,1,ruido blanco (Q): p mínimo = 0.0316,0,0,0,0,0,0
AR(2) cplx corto p8 r.7,0,6,1,1,—,,—,∇^2 θ̂+1.0000 LR-0.000,cancela,θ̂+1.0000 LR-0.000,cancelada,sin par,1,ruido blanco (Q): p mínimo = 0.0002,0,0,0,0,0,0
AR(2) cplx corto p8 r.7,0,8,0,1,—,,—,∇^1 θ̂+1.0000 LR0.000,cancela,—,,sin par,0,,1,0,0,0,0,0
AR(2) cplx corto p8 r.7,0,8,1,1,—,,—,∇^2 θ̂+1.0000 LR0.000,cancela,θ̂+1.0000 LR0.000,cancelada,sin par,1,ruido blanco (Q): p mínimo = 0.0029,0,0,0,0,0,0
AR(2) cplx corto p8 r.7,0,9,0,1,SFsob,estac.,—,∇^1 θ̂+0.9930 LR0.027,cancela,—,,sin par,0,,1,0,0,0,0,0
AR(2) cplx corto p8 r.7,0,9,1,1,—,,—,∇^2 θ̂+1.0000 LR0.000,cancela,θ̂+0.9930 LR0.027,cancelada,sin par,0,,1,0,0,0,0,0
AR(2) cplx corto p8 r.7,0,11,0,1,SFsob,estac.,—,∇^1 θ̂+0.9937 LR0.014,cancela,—,,sin par,1,ruido blanco (Q): p mínimo = 0.0005,0,0,0,0,0,0
AR(2) cplx corto p8 r.7,0,11,1,1,—,,—,∇^2 θ̂+1.0000 LR0.000,cancela,θ̂+0.9937 LR0.014,cancelada,sin par,1,ruido blanco (Q): p mínimo = 0.0000,0,0,0,0,0,0
AR(2) cplx corto p8 r.7,0,10,0,1,SFsob,estac.,—,∇^1 θ̂+0.9477 LR0.601,cancela,—,,sin par,0,,1,0,0,0,0,0
AR(2) cplx corto p8 r.7,0,10,1,1,—,,—,∇^2 θ̂+1.0000 LR0.000,cancela,θ̂+0.9477 LR0.601,cancelada,sin par,0,,1,0,0,0,0,0
AR(2) cplx corto p8 r.7,0,12,0,1,SFsob,estac.,—,∇^1 θ̂+1.0000 LR-0.000,cancela,—,,sin par,0,,1,0,0,0,0,0
AR(2) cplx corto p8 r.7,0,12,1,1,—,,—,∇^2 θ̂+1.0000 LR0.000,cancela,θ̂+1.0000 LR-0.000,cancelada,sin par,1,ruido blanco (Q): p mínimo = 0.0112,0,0,0,0,0,0
AR(2) cplx corto p8 r.7,0,13,0,1,—,,—,∇^1 θ̂+1.0000 LR0.000,cancela,—,,sin par,0,,1,0,0,0,0,0
AR(2) cplx corto p8 r.7,0,13,1,1,—,,—,∇^2 θ̂+1.0000 LR0.000,cancela,θ̂+1.0000 LR-0.000,cancelada,sin par,0,,1,0,0,0,0,0
AR(2) cplx corto p8 r.7,0,14,0,1,SFsob,estac.,—,∇^1 θ̂+1.0000 LR-0.000,cancela,—,,sin par,0,,1,0,0,0,0,0
AR(2) cplx corto p8 r.7,0,14,1,1,—,,—,∇^2 θ̂+1.0000 LR-0.000,cancela,θ̂+1.0000 LR0.000,cancelada,sin par,0,,1,0,0,0,0,0
AR(2) cplx corto p8 r.7,0,15,0,1,—,,—,∇^1 θ̂+1.0000 LR-0.000,cancela,—,,sin par,0,,1,0,0,0,0,0
AR(2) cplx corto p8 r.7,0,15,1,1,—,,—,∇^2 θ̂+1.0000 LR0.000,cancela,θ̂+1.0000 LR0.000,cancelada,sin par,1,ruido blanco (Q): p mínimo = 0.0046,0,0,0,0,0,0
AR(2) cplx corto p8 r.7,0,16,0,1,SFsob,estac.,—,∇^1 θ̂+1.0000 LR-0.000,cancela,—,,sin par,0,,1,0,0,0,0,0
AR(2) cplx corto p8 r.7,0,16,1,1,—,,—,∇^2 θ̂+1.0000 LR0.000,cancela,θ̂+1.0000 LR-0.000,cancelada,sin par,1,ruido blanco (Q): p mínimo = 0.0000,0,0,0,0,0,0
AR(2) cplx corto p8 r.7,0,17,0,1,SFsob,estac.,—,∇^1 θ̂+1.0000 LR-0.000,cancela,—,,sin par,0,,1,0,0,0,0,0
AR(2) cplx corto p8 r.7,0,17,1,1,—,,—,∇^2 θ̂+1.0000 LR-0.000,cancela,θ̂+1.0000 LR-0.000,cancelada,sin par,1,ruido blanco (Q): p mínimo = 0.0001; estacionalidad en los r,0,0,0,0,0,0
AR(2) cplx corto p8 r.7,0,18,0,1,—,,—,∇^1 θ̂+0.9864 LR0.304,cancela,—,,sin par,0,,1,0,0,0,0,0
AR(2) cplx corto p8 r.7,0,18,1,1,—,,—,∇^2 θ̂+1.0000 LR-0.000,cancela,θ̂+0.9864 LR0.304,cancelada,sin par,1,ruido blanco (Q): p mínimo = 0.0001,0,0,0,0,0,0
AR(2) cplx corto p8 r.7,0,19,0,1,SFsob,estac.,—,∇^1 θ̂+0.9599 LR1.505,cancela,—,,sin par,0,,1,0,0,0,0,0
AR(2) cplx corto p8 r.7,0,19,1,1,—,,—,∇^2 θ̂+1.0000 LR0.000,cancela,θ̂+0.9599 LR1.505,cancelada,sin par,1,ruido blanco (Q): p mínimo = 0.0000,0,0,0,0,0,0
AR(2) cplx corto p8 r.7,0,20,0,1,SFsob,estac.,—,∇^1 θ̂+1.0000 LR-0.000,cancela,—,,sin par,0,,1,0,0,0,0,0
AR(2) cplx corto p8 r.7,0,20,1,1,—,,—,∇^2 θ̂+1.0000 LR-0.000,cancela,θ̂+1.0000 LR-0.000,cancelada,sin par,1,ruido blanco (Q): p mínimo = 0.0000,0,0,0,0,0,0
AR(2) cplx corto p8 r.7,0,21,0,1,—,,—,∇^1 θ̂+1.0000 LR-0.000,cancela,—,,sin par,0,,1,0,0,0,0,0
AR(2) cplx corto p8 r.7,0,21,1,1,—,,—,∇^2 θ̂+1.0000 LR-0.000,cancela,θ̂+1.0000 LR-0.000,cancelada,sin par,0,,1,0,0,0,0,0
AR(2) cplx corto p8 r.7,0,22,0,1,SFsob,estac.,—,∇^1 θ̂+1.0000 LR-0.000,cancela,—,,sin par,1,ruido blanco (Q): p mínimo = 0.0127,0,0,0,0,0,0
AR(2) cplx corto p8 r.7,0,22,1,1,—,,—,∇^2 θ̂+1.0000 LR-0.000,cancela,θ̂+1.0000 LR-0.000,cancelada,sin par,1,ruido blanco (Q): p mínimo = 0.0001,0,0,0,0,0,0
AR(2) cplx corto p8 r.7,0,23,0,1,SFsob,estac.,—,∇^1 θ̂+0.9518 LR5.563,,—,,sin par,0,,1,0,0,0,1,0
AR(2) cplx corto p8 r.7,0,23,1,1,—,,—,∇^2 θ̂+1.0000 LR0.000,cancela,θ̂+0.9518 LR5.563,genuina,sin par,0,,1,0,0,0,1,0
AR(2) cplx corto p8 r.7,0,24,0,1,SFsob,estac.,—,∇^1 θ̂+1.0000 LR0.000,cancela,—,,sin par,0,,1,0,0,0,0,0
AR(2) cplx corto p8 r.7,0,24,1,1,—,,—,∇^2 θ̂+1.0000 LR0.000,cancela,θ̂+1.0000 LR0.000,cancelada,sin par,1,ruido blanco (Q): p mínimo = 0.0114,0,0,0,0,0,0
AR(2) cplx corto p8 r.7,0,25,0,1,—,,—,∇^1 θ̂+0.9919 LR0.021,cancela,—,,sin par,0,,1,0,0,0,0,0
AR(2) cplx corto p8 r.7,0,25,1,1,—,,—,∇^2 θ̂+1.0000 LR0.000,cancela,θ̂+0.9919 LR0.021,cancelada,sin par,1,ruido blanco (Q): p mínimo = 0.0001,0,0,0,0,0,0
AR(2) cplx corto p8 r.7,0,26,0,1,—,,—,∇^1 θ̂+0.9863 LR0.397,cancela,—,,sin par,0,,1,0,0,0,0,0
AR(2) cplx corto p8 r.7,0,26,1,1,—,,—,∇^2 θ̂+1.0000 LR-0.000,cancela,θ̂+0.9863 LR0.397,cancelada,sin par,1,ruido blanco (Q): p mínimo = 0.0000,0,0,0,0,0,0
AR(2) cplx corto p8 r.7,0,27,0,1,—,,—,∇^1 θ̂+0.9488 LR2.120,,—,,sin par,0,,0,0,0,0,0,0
AR(2) cplx corto p8 r.7,0,27,1,1,—,,—,∇^2 θ̂+1.0000 LR0.000,cancela,θ̂+0.9488 LR2.120,genuina,sin par,1,ruido blanco (Q): p mínimo = 0.0000,0,0,0,0,0,0
AR(2) cplx corto p8 r.7,0,28,0,1,—,,—,∇^1 θ̂+0.9947 LR0.007,cancela,—,,sin par,0,,1,0,0,0,0,0
AR(2) cplx corto p8 r.7,0,28,1,1,—,,—,∇^2 θ̂+1.0000 LR-0.000,cancela,θ̂+0.9947 LR0.007,cancelada,sin par,1,ruido blanco (Q): p mínimo = 0.0001,0,0,0,0,0,0
AR(2) cplx corto p8 r.7,0,29,0,1,SFsob,estac.,—,∇^1 θ̂+1.0000 LR0.000,cancela,—,,sin par,0,,1,0,0,0,0,0
AR(2) cplx corto p8 r.7,0,29,1,1,—,,—,∇^2 θ̂+1.0000 LR0.000,cancela,θ̂+1.0000 LR0.000,cancelada,sin par,1,ruido blanco (Q): p mínimo = 0.0000,0,0,0,0,0,0
AR(2) cplx corto p8 r.7,0,30,0,1,—,,—,∇^1 θ̂+0.9963 LR0.002,cancela,—,,sin par,0,,1,0,0,0,0,0
AR(2) cplx corto p8 r.7,0,30,1,1,—,,—,∇^2 θ̂+1.0000 LR-0.000,cancela,θ̂+0.9963 LR0.002,cancelada,sin par,1,ruido blanco (Q): p mínimo = 0.0000,0,0,0,0,0,0
AR(2) cplx corto p8 r.7,0,32,0,1,SFsob,estac.,—,∇^1 θ̂+0.9769 LR0.136,cancela,—,,sin par,0,,1,0,0,0,0,0
AR(2) cplx corto p8 r.7,0,32,1,1,—,,—,∇^2 θ̂+1.0000 LR0.000,cancela,θ̂+0.9769 LR0.136,cancelada,sin par,1,ruido blanco (Q): p mínimo = 0.0005,0,0,0,0,0,0
AR(2) cplx corto p8 r.7,0,31,0,1,—,,—,∇^1 θ̂+0.9764 LR1.940,,—,,sin par,0,,0,0,0,0,1,0
AR(2) cplx corto p8 r.7,0,31,1,1,—,,—,∇^2 θ̂+1.0000 LR-0.000,cancela,θ̂+0.9764 LR1.940,genuina,sin par,1,ruido blanco (Q): p mínimo = 0.0000,0,0,0,0,1,0
AR(2) cplx corto p8 r.7,0,33,0,1,—,,—,∇^1 θ̂+1.0000 LR0.000,cancela,—,,sin par,1,"normalidad (JB): 6.565, p = 0.0375",0,0,0,0,0,0
AR(2) cplx corto p8 r.7,0,33,1,1,—,,—,∇^2 θ̂+1.0000 LR-0.000,cancela,θ̂+1.0000 LR0.000,cancelada,sin par,1,ruido blanco (Q): p mínimo = 0.0000,0,0,0,0,0,0
AR(2) cplx corto p8 r.7,0,34,0,1,SFsob,estac.,—,∇^1 θ̂+0.9559 LR1.862,cancela,—,,sin par,0,,1,0,0,0,0,0
AR(2) cplx corto p8 r.7,0,34,1,1,—,,—,∇^2 θ̂+1.0000 LR-0.000,cancela,θ̂+0.9559 LR1.862,cancelada,sin par,1,ruido blanco (Q): p mínimo = 0.0008,0,0,0,0,0,0
AR(2) cplx corto p8 r.7,0,35,0,1,—,,—,∇^1 θ̂+0.9753 LR1.433,cancela,—,,sin par,0,,1,0,0,0,0,0
AR(2) cplx corto p8 r.7,0,35,1,1,—,,—,∇^2 θ̂+1.0000 LR-0.000,cancela,θ̂+0.9753 LR1.433,cancelada,sin par,1,ruido blanco (Q): p mínimo = 0.0000,0,0,0,0,0,0
AR(2) cplx corto p8 r.7,0,36,0,1,—,,—,∇^1 θ̂+1.0000 LR-0.000,cancela,—,,sin par,0,,1,0,0,0,0,0
AR(2) cplx corto p8 r.7,0,36,1,1,—,,—,∇^2 θ̂+1.0000 LR-0.000,cancela,θ̂+1.0000 LR-0.000,cancelada,sin par,1,ruido blanco (Q): p mínimo = 0.0006,0,0,0,0,0,0
AR(2) cplx corto p8 r.7,0,37,0,1,SFsob,estac.,—,∇^1 θ̂+1.0000 LR-0.000,cancela,—,,sin par,0,,1,0,0,0,0,0
AR(2) cplx corto p8 r.7,0,37,1,1,—,,—,∇^2 θ̂+1.0000 LR0.000,cancela,θ̂+1.0000 LR-0.000,cancelada,sin par,0,,1,0,0,0,0,0
AR(2) cplx corto p8 r.7,0,38,0,1,SFsob,estac.,—,∇^1 θ̂+0.9633 LR4.493,,—,,sin par,0,,1,0,0,0,1,0
AR(2) cplx corto p8 r.7,0,38,1,1,—,,—,∇^2 θ̂+1.0000 LR-0.000,cancela,θ̂+0.9633 LR4.493,genuina,sin par,1,ruido blanco (Q): p mínimo = 0.0069,0,0,0,0,1,0
AR(2) cplx corto p8 r.7,0,39,0,1,—,,—,∇^1 θ̂+0.9916 LR0.048,cancela,—,,sin par,0,,1,0,0,0,0,0
AR(2) cplx corto p8 r.7,0,39,1,1,—,,—,∇^2 θ̂+1.0000 LR0.000,cancela,θ̂+0.9916 LR0.048,cancelada,sin par,0,,1,0,0,0,0,0
AR(2) cplx corto p8 r.7,0,40,0,1,—,,—,∇^1 θ̂+1.0000 LR-0.000,cancela,—,,sin par,0,,1,0,0,0,0,0
AR(2) cplx corto p8 r.7,0,40,1,1,—,,—,∇^2 θ̂+1.0000 LR0.000,cancela,θ̂+1.0000 LR-0.000,cancelada,sin par,1,ruido blanco (Q): p mínimo = 0.0010,0,0,0,0,0,0
AR(2) cplx corto p8 r.7,0,41,0,1,—,,—,∇^1 θ̂+1.0000 LR-0.000,cancela,—,,sin par,0,,1,0,0,0,0,0
AR(2) cplx corto p8 r.7,0,41,1,1,—,,—,∇^2 θ̂+1.0000 LR-0.000,cancela,θ̂+1.0000 LR0.000,cancelada,sin par,1,ruido blanco (Q): p mínimo = 0.0000,0,0,0,0,0,0
AR(2) cplx corto p8 r.7,0,42,0,1,SFsob,estac.,—,∇^1 θ̂+1.0000 LR-0.000,cancela,—,,sin par,0,,1,0,0,0,0,0
AR(2) cplx corto p8 r.7,0,42,1,1,—,,—,∇^2 θ̂+1.0000 LR-0.000,cancela,θ̂+1.0000 LR-0.000,cancelada,sin par,0,,1,0,0,0,0,0
AR(2) cplx corto p8 r.7,0,44,0,1,SFsob,estac.,—,∇^1 θ̂+1.0000 LR-0.000,cancela,—,,sin par,0,,1,0,0,0,0,0
AR(2) cplx corto p8 r.7,0,44,1,1,—,,—,∇^2 θ̂+1.0000 LR0.000,cancela,θ̂+1.0000 LR-0.000,cancelada,sin par,0,,1,0,0,0,0,0
AR(2) cplx corto p8 r.7,0,43,0,1,SFsob,estac.,—,∇^1 θ̂+1.0000 LR-0.000,cancela,—,,sin par,0,,1,0,0,0,0,0
AR(2) cplx corto p8 r.7,0,43,1,1,—,,—,∇^2 θ̂+1.0000 LR-0.000,cancela,θ̂+1.0000 LR-0.000,cancelada,sin par,0,,1,0,0,0,0,0
AR(2) cplx corto p8 r.7,0,45,0,1,SFsob,estac.,—,∇^1 θ̂+1.0000 LR-0.000,cancela,—,,sin par,0,,1,0,0,0,0,0
AR(2) cplx corto p8 r.7,0,45,1,1,—,,—,∇^2 θ̂+1.0000 LR-0.000,cancela,θ̂+1.0000 LR0.000,cancelada,sin par,1,ruido blanco (Q): p mínimo = 0.0002,0,0,0,0,0,0
AR(2) cplx corto p8 r.7,0,46,0,1,—,,—,∇^1 θ̂+1.0000 LR0.000,cancela,—,,sin par,1,ruido blanco (Q): p mínimo = 0.0154,0,0,0,0,0,0
AR(2) cplx corto p8 r.7,0,46,1,1,—,,—,∇^2 θ̂+1.0000 LR-0.000,cancela,θ̂+1.0000 LR-0.000,cancelada,sin par,1,ruido blanco (Q): p mínimo = 0.0000,0,0,0,0,0,0
AR(2) cplx corto p8 r.7,0,48,0,1,—,,—,∇^1 θ̂+1.0000 LR0.000,cancela,—,,sin par,0,,1,0,0,0,0,0
AR(2) cplx corto p8 r.7,0,48,1,1,—,,—,∇^2 θ̂+1.0000 LR-0.000,cancela,θ̂+1.0000 LR0.000,cancelada,sin par,0,,1,0,0,0,0,0
AR(2) cplx corto p8 r.7,0,47,0,1,—,,—,∇^1 θ̂+1.0000 LR0.000,cancela,—,,sin par,1,ruido blanco (Q): p mínimo = 0.0337,0,0,0,0,0,0
AR(2) cplx corto p8 r.7,0,47,1,1,—,,—,∇^2 θ̂+1.0000 LR0.000,cancela,θ̂+1.0000 LR-0.000,cancelada,sin par,1,ruido blanco (Q): p mínimo = 0.0015,0,0,0,0,0,0
AR(2) cplx corto p8 r.7,0,49,0,1,SFsob,estac.,—,∇^1 θ̂+1.0000 LR0.000,cancela,—,,sin par,1,"normalidad (JB): 17.236, p = 0.0002",0,0,0,0,0,0
AR(2) cplx corto p8 r.7,0,49,1,1,—,,—,∇^2 θ̂+1.0000 LR0.000,cancela,θ̂+1.0000 LR-0.000,cancelada,sin par,1,ruido blanco (Q): p mínimo = 0.0006; normalidad (JB): 38.691,0,0,0,0,0,0
AR(2) cplx largo p36 r.97,0,0,0,1,—,,—,∇^1 θ̂+0.9946 LR0.007,cancela,—,,sin par,0,,1,0,0,0,0,0
AR(2) cplx largo p36 r.97,0,0,1,1,SF,estac.,—,∇^2 θ̂+1.0000 LR0.000,cancela,θ̂+0.9946 LR0.007,cancelada,coinciden,1,ruido blanco (Q): p mínimo = 0.0000,0,0,0,0,0,0
AR(2) cplx largo p36 r.97,0,1,0,1,SFsob,estac.,—,∇^1 θ̂+1.0000 LR-0.000,cancela,—,,sin par,0,,1,0,0,0,0,0
AR(2) cplx largo p36 r.97,0,1,1,1,SF,estac.,—,∇^2 θ̂+1.0000 LR0.000,cancela,θ̂+1.0000 LR-0.000,cancelada,coinciden,0,,1,0,0,0,0,0
AR(2) cplx largo p36 r.97,0,2,0,1,SFsob,estac.,—,∇^1 θ̂+1.0000 LR-0.000,cancela,—,,sin par,0,,1,0,0,0,0,0
AR(2) cplx largo p36 r.97,0,2,1,1,SF,estac.,—,∇^2 θ̂+1.0000 LR-0.000,cancela,θ̂+1.0000 LR-0.000,cancelada,coinciden,0,,1,0,0,0,0,0
AR(2) cplx largo p36 r.97,0,3,0,1,SFsob,estac.,—,∇^1 θ̂+1.0000 LR0.000,cancela,—,,sin par,0,,1,0,0,0,0,1
AR(2) cplx largo p36 r.97,0,3,1,1,SF,estac.,—,∇^2 θ̂+1.0000 LR-0.000,cancela,θ̂+0.7450 LR-5.907,cancelada,coinciden,0,,1,1,0,0,0,1
AR(2) cplx largo p36 r.97,0,4,0,1,SFsob,estac.,—,∇^1 θ̂+1.0000 LR0.000,cancela,—,,sin par,0,,1,0,0,0,0,0
AR(2) cplx largo p36 r.97,0,4,1,1,SF,estac.,—,∇^2 θ̂+1.0000 LR0.000,cancela,θ̂+1.0000 LR-0.000,cancelada,coinciden,0,,1,0,0,0,0,0
AR(2) cplx largo p36 r.97,0,5,0,1,—,,—,∇^1 θ̂+1.0000 LR-0.000,cancela,—,,sin par,0,,1,0,0,0,0,0
AR(2) cplx largo p36 r.97,0,5,1,1,SF,estac.,—,∇^2 θ̂+1.0000 LR0.000,cancela,θ̂+1.0000 LR0.000,cancelada,coinciden,1,ruido blanco (Q): p mínimo = 0.0000,0,0,0,0,0,0
AR(2) cplx largo p36 r.97,0,6,0,1,—,,—,∇^1 θ̂+0.9686 LR0.727,cancela,—,,sin par,0,,1,0,0,0,0,0
AR(2) cplx largo p36 r.97,0,6,1,1,SF,estac.,—,∇^2 θ̂+1.0000 LR0.000,cancela,θ̂+0.9686 LR0.727,cancelada,coinciden,1,ruido blanco (Q): p mínimo = 0.0000,0,0,0,0,0,0
AR(2) cplx largo p36 r.97,0,7,0,1,SFsob,estac.,—,∇^1 θ̂+1.0000 LR0.000,cancela,—,,sin par,1,estacionalidad en los residuos (p = 0.0485),0,0,0,0,0,0
AR(2) cplx largo p36 r.97,0,7,1,1,SF,estac.,—,∇^2 θ̂+1.0000 LR-0.000,cancela,θ̂+1.0000 LR-0.000,cancelada,coinciden,0,,1,0,0,0,0,0
AR(2) cplx largo p36 r.97,0,8,0,1,—,,—,∇^1 θ̂+1.0000 LR0.000,cancela,—,,sin par,0,,1,0,0,0,0,0
AR(2) cplx largo p36 r.97,0,8,1,1,SF,estac.,—,∇^2 θ̂+1.0000 LR-0.000,cancela,θ̂+1.0000 LR-0.000,cancelada,coinciden,1,ruido blanco (Q): p mínimo = 0.0005,0,0,0,0,0,0
AR(2) cplx largo p36 r.97,0,9,0,1,SFsob,estac.,—,∇^1 θ̂+1.0000 LR0.000,cancela,—,,sin par,0,,1,0,0,0,0,0
AR(2) cplx largo p36 r.97,0,9,1,1,SF,estac.,—,∇^2 θ̂+1.0000 LR0.000,cancela,θ̂+1.0000 LR-0.000,cancelada,coinciden,1,ruido blanco (Q): p mínimo = 0.0000,0,0,0,0,0,0
AR(2) cplx largo p36 r.97,0,10,0,1,—,,—,∇^1 θ̂+0.9948 LR0.006,cancela,—,,sin par,0,,1,0,0,0,0,0
AR(2) cplx largo p36 r.97,0,10,1,1,SF,estac.,—,∇^2 θ̂+1.0000 LR-0.000,cancela,θ̂+0.9948 LR0.006,cancelada,coinciden,1,ruido blanco (Q): p mínimo = 0.0002,0,0,0,0,0,0
AR(2) cplx largo p36 r.97,0,11,0,1,SFsob,estac.,—,∇^1 θ̂+0.9955 LR0.001,cancela,—,,sin par,0,,1,0,0,0,0,0
AR(2) cplx largo p36 r.97,0,11,1,1,SF,estac.,—,∇^2 θ̂+1.0000 LR0.000,cancela,θ̂+0.9955 LR0.001,cancelada,coinciden,1,ruido blanco (Q): p mínimo = 0.0001,0,0,0,0,0,0
AR(2) cplx largo p36 r.97,0,12,0,1,SFsob,estac.,—,∇^1 θ̂+1.0000 LR-0.000,cancela,—,,sin par,1,ruido blanco (Q): p mínimo = 0.0414,0,0,0,0,0,0
AR(2) cplx largo p36 r.97,0,12,1,1,SF,estac.,—,∇^2 θ̂+1.0000 LR-0.000,cancela,θ̂+1.0000 LR0.000,cancelada,coinciden,1,ruido blanco (Q): p mínimo = 0.0000,0,0,0,0,0,0
AR(2) cplx largo p36 r.97,0,13,0,1,SFsob,estac.,—,∇^1 θ̂+0.9931 LR0.022,cancela,—,,sin par,0,,1,0,0,0,0,0
AR(2) cplx largo p36 r.97,0,13,1,1,SF,estac.,—,∇^2 θ̂+1.0000 LR0.000,cancela,θ̂+0.9931 LR0.022,cancelada,coinciden,1,ruido blanco (Q): p mínimo = 0.0001,0,0,0,0,0,0
AR(2) cplx largo p36 r.97,0,14,0,1,SFsob,estac.,—,∇^1 θ̂+1.0000 LR-0.000,cancela,—,,sin par,0,,1,0,0,0,0,0
AR(2) cplx largo p36 r.97,0,14,1,1,SF,estac.,—,∇^2 θ̂+1.0000 LR0.000,cancela,θ̂+1.0000 LR-0.000,cancelada,coinciden,1,ruido blanco (Q): p mínimo = 0.0290,0,0,0,0,0,0
AR(2) cplx largo p36 r.97,0,15,0,1,—,,—,∇^1 θ̂+1.0000 LR-0.000,cancela,—,,sin par,0,,1,0,0,0,0,0
AR(2) cplx largo p36 r.97,0,15,1,1,SF,estac.,—,∇^2 θ̂+1.0000 LR0.000,cancela,θ̂+1.0000 LR0.000,cancelada,coinciden,1,ruido blanco (Q): p mínimo = 0.0001,0,0,0,0,0,0
AR(2) cplx largo p36 r.97,0,16,0,1,SFsob,estac.,—,∇^1 θ̂+0.9952 LR0.007,cancela,—,,sin par,0,,1,0,0,0,0,0
AR(2) cplx largo p36 r.97,0,16,1,1,SF,estac.,—,∇^2 θ̂+1.0000 LR-0.000,cancela,θ̂+0.9952 LR0.007,cancelada,coinciden,0,,1,0,0,0,0,0
AR(2) cplx largo p36 r.97,0,17,0,1,SFsob,estac.,—,∇^1 θ̂+1.0000 LR0.000,cancela,—,,sin par,0,,1,0,0,0,0,0
AR(2) cplx largo p36 r.97,0,17,1,1,SF,estac.,—,∇^2 θ̂+1.0000 LR0.000,cancela,θ̂+1.0000 LR0.000,cancelada,coinciden,0,,1,0,0,0,0,0
AR(2) cplx largo p36 r.97,0,18,0,1,SFsob,estac.,—,∇^1 θ̂+1.0000 LR0.000,cancela,—,,sin par,0,,1,0,0,0,0,0
AR(2) cplx largo p36 r.97,0,18,1,1,SF,estac.,—,∇^2 θ̂+1.0000 LR-0.000,cancela,θ̂+1.0000 LR0.000,cancelada,coinciden,1,ruido blanco (Q): p mínimo = 0.0000,0,0,0,0,0,0
AR(2) cplx largo p36 r.97,0,20,0,1,—,,—,∇^1 θ̂+1.0000 LR0.000,cancela,—,,sin par,0,,1,0,0,0,0,0
AR(2) cplx largo p36 r.97,0,20,1,1,SF,estac.,—,∇^2 θ̂+1.0000 LR-0.000,cancela,θ̂+1.0000 LR0.000,cancelada,coinciden,0,,1,0,0,0,0,0
AR(2) cplx largo p36 r.97,0,19,0,1,—,,—,∇^1 θ̂+1.0000 LR0.000,cancela,—,,sin par,0,,1,0,0,0,0,0
AR(2) cplx largo p36 r.97,0,19,1,1,SF,raíz,—,∇^2 θ̂+0.6097 LR0.267,cancela,θ̂+1.0000 LR0.000,cancelada,discrepan,1,ruido blanco (Q): p mínimo = 0.0126,0,0,0,0,0,0
AR(2) cplx largo p36 r.97,0,21,0,1,—,,—,∇^1 θ̂+0.9854 LR0.365,cancela,—,,sin par,0,,1,0,0,0,0,0
AR(2) cplx largo p36 r.97,0,21,1,1,SF,estac.,—,∇^2 θ̂+1.0000 LR0.000,cancela,θ̂+0.9854 LR0.365,cancelada,coinciden,1,ruido blanco (Q): p mínimo = 0.0000,0,0,0,0,0,0
AR(2) cplx largo p36 r.97,0,22,0,1,SFsob,estac.,—,∇^1 θ̂+0.9753 LR0.305,cancela,—,,sin par,0,,1,0,0,0,0,0
AR(2) cplx largo p36 r.97,0,22,1,1,SF,estac.,—,∇^2 θ̂+1.0000 LR-0.000,cancela,θ̂+0.9753 LR0.305,cancelada,coinciden,1,ruido blanco (Q): p mínimo = 0.0002,0,0,0,0,0,0
AR(2) cplx largo p36 r.97,0,24,0,1,SFsob,estac.,—,∇^1 θ̂+0.9813 LR0.785,cancela,—,,sin par,1,ruido blanco (Q): p mínimo = 0.0134,0,0,0,0,0,1
AR(2) cplx largo p36 r.97,0,24,1,1,SF,estac.,—,∇^2 θ̂+1.0000 LR-0.000,cancela,θ̂+0.9813 LR0.785,cancelada,coinciden,1,ruido blanco (Q): p mínimo = 0.0171,0,0,0,0,0,1
AR(2) cplx largo p36 r.97,0,23,0,1,—,,—,∇^1 θ̂+1.0000 LR0.000,cancela,—,,sin par,1,ruido blanco (Q): p mínimo = 0.0295,0,0,0,0,0,0
AR(2) cplx largo p36 r.97,0,23,1,1,SF,estac.,—,∇^2 θ̂+1.0000 LR0.000,cancela,θ̂+1.0000 LR0.000,cancelada,coinciden,1,ruido blanco (Q): p mínimo = 0.0001,0,0,0,0,0,0
AR(2) cplx largo p36 r.97,0,25,0,1,—,,—,∇^1 θ̂+1.0000 LR0.000,cancela,—,,sin par,0,,1,0,0,0,0,0
AR(2) cplx largo p36 r.97,0,25,1,1,SF,estac.,—,∇^2 θ̂+0.3305 LR6.170,genuina,θ̂+1.0000 LR-0.000,cancelada,discrepan,1,ruido blanco (Q): p mínimo = 0.0000,0,0,0,0,0,0
AR(2) cplx largo p36 r.97,0,26,0,1,—,,—,∇^1 θ̂+0.9828 LR0.416,cancela,—,,sin par,0,,1,0,0,0,1,0
AR(2) cplx largo p36 r.97,0,26,1,1,SF,estac.,—,∇^2 θ̂+1.0000 LR-0.000,cancela,θ̂+0.9828 LR0.416,cancelada,coinciden,1,ruido blanco (Q): p mínimo = 0.0240,0,0,0,0,1,0
AR(2) cplx largo p36 r.97,0,27,0,1,—,,—,∇^1 θ̂+0.9931 LR0.003,cancela,—,,sin par,0,,1,0,0,0,0,0
AR(2) cplx largo p36 r.97,0,27,1,1,SF,estac.,—,∇^2 θ̂+1.0000 LR0.000,cancela,θ̂+0.9931 LR0.003,cancelada,coinciden,1,ruido blanco (Q): p mínimo = 0.0004,0,0,0,0,0,0
AR(2) cplx largo p36 r.97,0,28,0,1,—,,—,∇^1 θ̂+1.0000 LR-0.000,cancela,—,,sin par,0,,1,0,0,0,0,0
AR(2) cplx largo p36 r.97,0,28,1,1,SF,estac.,—,∇^2 θ̂+0.2881 LR11.357,genuina,θ̂+1.0000 LR0.000,cancelada,discrepan,1,ruido blanco (Q): p mínimo = 0.0000,0,0,0,0,0,0
AR(2) cplx largo p36 r.97,0,29,0,1,SFsob,estac.,—,∇^1 θ̂+1.0000 LR0.000,cancela,—,,sin par,0,,1,0,0,0,0,0
AR(2) cplx largo p36 r.97,0,29,1,1,SF,estac.,—,∇^2 θ̂+1.0000 LR0.000,cancela,θ̂+1.0000 LR0.000,cancelada,coinciden,1,ruido blanco (Q): p mínimo = 0.0234,0,0,0,0,0,0
AR(2) cplx largo p36 r.97,0,30,0,1,—,,—,∇^1 θ̂+1.0000 LR-0.000,cancela,—,,sin par,1,"normalidad (JB): 6.665, p = 0.0357",0,0,0,0,0,0
AR(2) cplx largo p36 r.97,0,30,1,1,SF,estac.,—,∇^2 θ̂+1.0000 LR0.000,cancela,θ̂+1.0000 LR-0.000,cancelada,coinciden,0,,1,0,0,0,0,0
AR(2) cplx largo p36 r.97,0,31,0,1,—,,—,∇^1 θ̂+0.9812 LR0.228,cancela,—,,sin par,0,,1,0,0,0,0,0
AR(2) cplx largo p36 r.97,0,31,1,1,SF,estac.,—,∇^2 θ̂+1.0000 LR0.000,cancela,θ̂+0.9812 LR0.228,cancelada,coinciden,0,,1,0,0,0,0,0
AR(2) cplx largo p36 r.97,0,32,0,1,SFsob,estac.,—,∇^1 θ̂+1.0000 LR-0.000,cancela,—,,sin par,0,,1,0,0,0,0,1
AR(2) cplx largo p36 r.97,0,32,1,1,SF,estac.,—,∇^2 θ̂+1.0000 LR0.000,cancela,θ̂+1.0000 LR-0.000,cancelada,coinciden,0,,1,0,0,0,0,1
AR(2) cplx largo p36 r.97,0,33,0,1,—,,—,∇^1 θ̂+1.0000 LR-0.000,cancela,—,,sin par,0,,1,0,0,0,0,0
AR(2) cplx largo p36 r.97,0,33,1,1,SF,estac.,—,∇^2 θ̂+0.4629 LR3.143,genuina,θ̂+1.0000 LR0.000,cancelada,discrepan,1,ruido blanco (Q): p mínimo = 0.0089,0,0,0,0,0,0
AR(2) cplx largo p36 r.97,0,34,0,1,—,,—,∇^1 θ̂+1.0000 LR-0.000,cancela,—,,sin par,0,,1,0,0,0,0,0
AR(2) cplx largo p36 r.97,0,34,1,1,SF,estac.,—,∇^2 θ̂+1.0000 LR-0.000,cancela,θ̂+1.0000 LR-0.000,cancelada,coinciden,0,,1,0,0,0,0,0
AR(2) cplx largo p36 r.97,0,35,0,1,—,,—,∇^1 θ̂+0.9885 LR0.088,cancela,—,,sin par,0,,1,0,0,0,0,0
AR(2) cplx largo p36 r.97,0,35,1,1,SF,estac.,—,∇^2 θ̂+1.0000 LR0.000,cancela,θ̂+0.9885 LR0.088,cancelada,coinciden,0,,1,0,0,0,0,0
AR(2) cplx largo p36 r.97,0,36,0,1,—,,—,∇^1 θ̂+0.9796 LR1.114,cancela,—,,sin par,0,,1,0,0,0,0,0
AR(2) cplx largo p36 r.97,0,36,1,1,SF,estac.,—,∇^2 θ̂+1.0000 LR0.000,cancela,θ̂+0.9796 LR1.114,cancelada,coinciden,1,ruido blanco (Q): p mínimo = 0.0000,0,0,0,0,0,0
AR(2) cplx largo p36 r.97,0,38,0,1,SFsob,estac.,—,∇^1 θ̂+0.9909 LR0.045,cancela,—,,sin par,0,,1,0,0,0,1,0
AR(2) cplx largo p36 r.97,0,38,1,1,SF,estac.,—,∇^2 θ̂+1.0000 LR-0.000,cancela,θ̂+0.9909 LR0.045,cancelada,coinciden,0,,1,0,0,0,1,0
AR(2) cplx largo p36 r.97,0,37,0,1,—,,—,∇^1 θ̂+1.0000 LR0.000,cancela,—,,sin par,0,,1,0,0,0,0,0
AR(2) cplx largo p36 r.97,0,37,1,1,SF,estac.,—,∇^2 θ̂+1.0000 LR0.000,cancela,θ̂+1.0000 LR0.000,cancelada,coinciden,1,ruido blanco (Q): p mínimo = 0.0024,0,0,0,0,0,0
AR(2) cplx largo p36 r.97,0,40,0,1,—,,—,∇^1 θ̂+0.9897 LR0.145,cancela,—,,sin par,0,,1,0,0,0,0,0
AR(2) cplx largo p36 r.97,0,40,1,1,SF,estac.,—,∇^2 θ̂+1.0000 LR-0.000,cancela,θ̂+0.9897 LR0.145,cancelada,coinciden,1,ruido blanco (Q): p mínimo = 0.0407,0,0,0,0,0,0
AR(2) cplx largo p36 r.97,0,39,0,1,SFsob,estac.,—,∇^1 θ̂+0.9883 LR0.033,cancela,—,,sin par,0,,1,0,0,0,0,0
AR(2) cplx largo p36 r.97,0,39,1,1,SF,estac.,—,∇^2 θ̂+1.0000 LR0.000,cancela,θ̂+0.9883 LR0.033,cancelada,coinciden,1,ruido blanco (Q): p mínimo = 0.0205,0,0,0,0,0,0
AR(2) cplx largo p36 r.97,0,41,0,1,SFsob,estac.,—,∇^1 θ̂+0.9913 LR0.052,cancela,—,,sin par,0,,1,0,0,0,0,0
AR(2) cplx largo p36 r.97,0,41,1,1,SF,estac.,—,∇^2 θ̂+1.0000 LR0.000,cancela,θ̂+0.9913 LR0.052,cancelada,coinciden,0,,1,0,0,0,0,0
AR(2) cplx largo p36 r.97,0,42,0,1,SFsob,estac.,—,∇^1 θ̂+1.0000 LR0.000,cancela,—,,sin par,0,,1,0,0,0,0,0
AR(2) cplx largo p36 r.97,0,42,1,1,SF,estac.,—,∇^2 θ̂+1.0000 LR0.000,cancela,θ̂+1.0000 LR-0.000,cancelada,coinciden,0,,1,0,0,0,0,0
AR(2) cplx largo p36 r.97,0,44,0,1,SFsob,estac.,—,∇^1 θ̂+0.9931 LR0.012,cancela,—,,sin par,0,,1,0,0,0,1,1
AR(2) cplx largo p36 r.97,0,44,1,1,SF,estac.,—,∇^2 θ̂+1.0000 LR0.000,cancela,θ̂+0.9931 LR0.012,cancelada,coinciden,0,,1,0,0,0,1,1
AR(2) cplx largo p36 r.97,0,43,0,1,SFsob,estac.,—,∇^1 θ̂+1.0000 LR0.000,cancela,—,,sin par,0,,1,0,0,0,0,0
AR(2) cplx largo p36 r.97,0,43,1,1,SF,estac.,—,∇^2 θ̂+1.0000 LR0.000,cancela,θ̂+1.0000 LR-0.000,cancelada,coinciden,0,,1,0,0,0,0,0
AR(2) cplx largo p36 r.97,0,45,0,1,—,,—,∇^1 θ̂+1.0000 LR0.000,cancela,—,,sin par,0,,1,0,0,0,0,0
AR(2) cplx largo p36 r.97,0,45,1,1,SF,estac.,—,∇^2 θ̂+1.0000 LR-0.000,cancela,θ̂+1.0000 LR-0.000,cancelada,coinciden,1,ruido blanco (Q): p mínimo = 0.0002,0,0,0,0,0,0
AR(2) cplx largo p36 r.97,0,46,0,1,SFsob,estac.,—,∇^1 θ̂+1.0000 LR-0.000,cancela,—,,sin par,0,,1,0,0,0,0,0
AR(2) cplx largo p36 r.97,0,46,1,1,SF,estac.,—,∇^2 θ̂+1.0000 LR-0.000,cancela,θ̂+1.0000 LR-0.000,cancelada,coinciden,0,,1,0,0,0,0,0
AR(2) cplx largo p36 r.97,0,47,0,1,SFsob,estac.,—,∇^1 θ̂+1.0000 LR-0.000,cancela,—,,sin par,0,,1,0,0,0,0,0
AR(2) cplx largo p36 r.97,0,47,1,1,SF,estac.,—,∇^2 θ̂+0.2761 LR6.027,genuina,θ̂+1.0000 LR0.000,cancelada,discrepan,1,ruido blanco (Q): p mínimo = 0.0000,0,0,0,0,0,0
AR(2) cplx largo p36 r.97,0,48,0,1,SFsob,estac.,—,∇^1 θ̂+1.0000 LR-0.000,cancela,—,,sin par,1,"normalidad (JB): 17.937, p = 0.0001",0,0,0,0,0,0
AR(2) cplx largo p36 r.97,0,48,1,1,SF,estac.,—,∇^2 θ̂+1.0000 LR0.000,cancela,θ̂+1.0000 LR-0.000,cancelada,coinciden,1,ruido blanco (Q): p mínimo = 0.0030; normalidad (JB): 20.099,0,0,0,0,0,0
AR(2) cplx largo p36 r.97,0,49,0,1,—,,—,∇^1 θ̂+1.0000 LR0.000,cancela,—,,sin par,1,ruido blanco (Q): p mínimo = 0.0287,0,0,0,0,0,0
AR(2) cplx largo p36 r.97,0,49,1,1,SF,estac.,—,∇^2 θ̂+1.0000 LR0.000,cancela,θ̂+1.0000 LR-0.000,cancelada,coinciden,1,ruido blanco (Q): p mínimo = 0.0000,0,0,0,0,0,0
ruido,1,0,0,1,—,,—,∇^1 θ̂-0.0001 LR483.987,,—,,sin par,1,"ruido blanco (Q): p mínimo = 0.0000; normalidad (JB): 6.135,",0,0,1,1,1,1
ruido,1,0,1,1,—,,—,∇^2 θ̂+0.9897 LR0.132,cancela,θ̂-0.0001 LR483.987,genuina,sin par,0,,1,0,1,1,1,1
ruido,1,0,2,1,—,,—,∇^3 θ̂+1.0000 LR0.000,cancela,θ̂+0.9897 LR0.132,cancelada,sin par,1,ruido blanco (Q): p mínimo = 0.0000,0,0,0,1,1,1
ruido,1,1,0,1,—,,—,∇^1 θ̂-0.0478 LR570.728,,—,,sin par,1,ruido blanco (Q): p mínimo = 0.0000,0,0,1,1,1,1
ruido,1,1,1,1,—,,—,∇^2 θ̂+1.0000 LR0.000,cancela,θ̂-0.0478 LR570.728,genuina,sin par,0,,1,0,1,1,1,1
ruido,1,1,2,1,—,,—,∇^3 θ̂+1.0000 LR-0.000,cancela,θ̂+1.0000 LR0.000,cancelada,sin par,1,ruido blanco (Q): p mínimo = 0.0000,0,0,0,1,1,1
ruido,1,2,0,1,—,,—,∇^1 θ̂-0.0001 LR920.433,,—,,sin par,1,ruido blanco (Q): p mínimo = 0.0000; normalidad (JB): 13.451,0,0,1,1,1,1
ruido,1,2,1,1,—,,—,∇^2 θ̂+1.0000 LR0.000,cancela,θ̂-0.0001 LR920.433,genuina,sin par,1,media residual distinta de cero: t = +2.17,0,0,1,1,1,1
ruido,1,2,2,1,—,,—,∇^3 θ̂+1.0000 LR-0.000,cancela,θ̂+1.0000 LR0.000,cancelada,sin par,1,ruido blanco (Q): p mínimo = 0.0000,0,0,0,1,1,1
ruido,1,4,0,1,—,,—,∇^1 θ̂-0.0099 LR879.808,,—,,sin par,1,ruido blanco (Q): p mínimo = 0.0000; normalidad (JB): 19.523,0,0,1,1,1,1
ruido,1,4,1,1,—,,—,∇^2 θ̂+1.0000 LR-0.000,cancela,θ̂-0.0099 LR879.808,genuina,sin par,1,media residual distinta de cero: t = -2.14,0,0,1,1,1,1
ruido,1,4,2,1,—,,—,∇^3 θ̂+1.0000 LR0.000,cancela,θ̂+1.0000 LR-0.000,cancelada,sin par,1,ruido blanco (Q): p mínimo = 0.0000,0,0,0,1,1,1
ruido,1,3,0,1,—,,—,∇^1 θ̂-0.0431 LR638.780,,—,,sin par,1,ruido blanco (Q): p mínimo = 0.0000; normalidad (JB): 46.240,0,0,1,0,1,1
ruido,1,3,1,1,—,,—,∇^2 θ̂+0.9848 LR0.558,cancela,θ̂-0.0431 LR638.780,genuina,sin par,1,estacionalidad en los residuos (p = 0.0031),0,0,1,0,1,1
ruido,1,3,2,1,—,,—,∇^3 θ̂+1.0000 LR0.000,cancela,θ̂+0.9848 LR0.558,cancelada,sin par,1,ruido blanco (Q): p mínimo = 0.0000; estacionalidad en los r,0,0,0,0,1,1
ruido,1,6,0,1,—,,—,∇^1 θ̂-0.1670 LR823.973,,—,,sin par,1,ruido blanco (Q): p mínimo = 0.0000; normalidad (JB): 29.892,0,0,1,1,1,1
ruido,1,6,1,1,—,,—,∇^2 θ̂+0.9905 LR0.042,cancela,θ̂-0.1670 LR823.973,genuina,sin par,0,,1,0,1,1,1,1
ruido,1,6,2,1,—,,—,∇^3 θ̂+1.0000 LR-0.000,cancela,θ̂+0.9905 LR0.042,cancelada,sin par,1,ruido blanco (Q): p mínimo = 0.0000,0,0,0,1,1,1
ruido,1,5,0,1,—,,—,∇^1 θ̂-0.0001 LR674.541,,—,,sin par,1,"ruido blanco (Q): p mínimo = 0.0000; normalidad (JB): 8.247,",0,0,1,1,1,1
ruido,1,5,1,1,—,,—,∇^2 θ̂+1.0000 LR-0.000,cancela,θ̂-0.0001 LR674.541,genuina,sin par,1,estacionalidad en los residuos (p = 0.0438),0,0,1,1,1,1
ruido,1,5,2,1,—,,—,∇^3 θ̂+1.0000 LR-0.000,cancela,θ̂+1.0000 LR-0.000,cancelada,sin par,1,ruido blanco (Q): p mínimo = 0.0000; estacionalidad en los r,0,0,0,1,1,1
ruido,1,8,0,1,—,,—,∇^1 θ̂-0.0945 LR878.984,,—,,sin par,1,"ruido blanco (Q): p mínimo = 0.0000; normalidad (JB): 8.442,",0,0,1,1,1,1
ruido,1,8,1,1,—,,—,∇^2 θ̂+0.9443 LR0.670,cancela,θ̂-0.0945 LR878.984,genuina,sin par,0,,1,0,1,1,1,1
ruido,1,8,2,1,—,,—,∇^3 θ̂+1.0000 LR-0.000,cancela,θ̂+0.9443 LR0.670,cancelada,sin par,1,ruido blanco (Q): p mínimo = 0.0000,0,0,0,1,1,1
ruido,1,7,0,1,—,,—,∇^1 θ̂-0.0663 LR567.762,,—,,sin par,1,ruido blanco (Q): p mínimo = 0.0000,0,0,1,1,1,1
ruido,1,7,1,1,—,,—,∇^2 θ̂+0.9958 LR0.003,cancela,θ̂-0.0663 LR567.762,genuina,sin par,0,,1,0,1,1,1,1
ruido,1,7,2,1,—,,—,∇^3 θ̂+1.0000 LR-0.000,cancela,θ̂+0.9958 LR0.003,cancelada,sin par,1,ruido blanco (Q): p mínimo = 0.0000,0,0,0,1,1,1
ruido,1,10,0,1,—,,—,∇^1 θ̂-0.0001 LR509.185,,—,,sin par,1,"ruido blanco (Q): p mínimo = 0.0000; normalidad (JB): 6.327,",0,0,1,1,1,1
ruido,1,10,1,1,—,,—,∇^2 θ̂+1.0000 LR0.000,cancela,θ̂-0.0001 LR509.185,genuina,sin par,0,,1,0,1,1,1,1
ruido,1,10,2,1,—,,—,∇^3 θ̂+1.0000 LR0.000,cancela,θ̂+1.0000 LR0.000,cancelada,sin par,1,ruido blanco (Q): p mínimo = 0.0000,0,0,0,1,1,1
ruido,1,9,0,1,—,,—,∇^1 θ̂-0.0001 LR686.760,,—,,sin par,1,ruido blanco (Q): p mínimo = 0.0000; normalidad (JB): 27.823,0,0,1,1,1,1
ruido,1,9,1,1,—,,—,∇^2 θ̂+0.9899 LR0.141,cancela,θ̂-0.0001 LR686.760,genuina,sin par,1,"normalidad (JB): 7.661, p = 0.0217",0,0,1,1,1,1
ruido,1,9,2,1,—,,—,∇^3 θ̂+1.0000 LR-0.000,cancela,θ̂+0.9899 LR0.141,cancelada,sin par,1,ruido blanco (Q): p mínimo = 0.0000,0,0,0,1,1,1
ruido,1,12,0,1,—,,—,∇^1 θ̂-0.0001 LR831.882,,—,,sin par,1,ruido blanco (Q): p mínimo = 0.0000; normalidad (JB): 19.622,0,0,1,1,1,1
ruido,1,12,1,1,—,,—,∇^2 θ̂+1.0000 LR0.000,cancela,θ̂-0.0001 LR831.882,genuina,sin par,0,,1,0,1,1,1,1
ruido,1,12,2,1,—,,—,∇^3 θ̂+1.0000 LR-0.000,cancela,θ̂+1.0000 LR0.000,cancelada,sin par,1,ruido blanco (Q): p mínimo = 0.0000,0,0,0,1,1,1
ruido,1,11,0,1,—,,—,∇^1 θ̂-0.0001 LR356.941,,—,,sin par,1,ruido blanco (Q): p mínimo = 0.0000,0,0,1,1,1,1
ruido,1,11,1,1,—,,—,∇^2 θ̂+1.0000 LR-0.000,cancela,θ̂-0.0001 LR356.941,genuina,sin par,0,,1,0,1,1,1,1
ruido,1,11,2,1,—,,—,∇^3 θ̂+1.0000 LR-0.000,cancela,θ̂+1.0000 LR-0.000,cancelada,sin par,1,ruido blanco (Q): p mínimo = 0.0000,0,0,0,1,1,1
ruido,1,14,0,1,—,,—,∇^1 θ̂-0.0010 LR855.082,,—,,sin par,1,ruido blanco (Q): p mínimo = 0.0000; normalidad (JB): 19.510,0,0,1,1,1,0
ruido,1,14,1,1,—,,—,∇^2 θ̂+0.9819 LR0.457,cancela,θ̂-0.0010 LR855.082,genuina,sin par,1,"normalidad (JB): 8.601, p = 0.0136",0,0,1,1,1,0
ruido,1,14,2,1,—,,—,∇^3 θ̂+1.0000 LR0.000,cancela,θ̂+0.9819 LR0.457,cancelada,sin par,1,ruido blanco (Q): p mínimo = 0.0000,0,0,0,1,1,0
ruido,1,13,0,1,—,,—,∇^1 θ̂-0.0446 LR442.965,,—,,sin par,1,ruido blanco (Q): p mínimo = 0.0000; normalidad (JB): 21.705,0,0,1,1,1,1
ruido,1,13,1,1,—,,—,∇^2 θ̂+0.9886 LR0.116,cancela,θ̂-0.0446 LR442.965,genuina,sin par,1,ruido blanco (Q): p mínimo = 0.0050,0,0,1,1,1,1
ruido,1,13,2,1,—,,—,∇^3 θ̂+1.0000 LR-0.000,cancela,θ̂+0.9886 LR0.116,cancelada,sin par,1,ruido blanco (Q): p mínimo = 0.0000,0,0,0,1,1,1
ruido,1,15,0,1,—,,—,∇^1 θ̂-0.0001 LR627.165,,—,,sin par,1,ruido blanco (Q): p mínimo = 0.0000; normalidad (JB): 13.032,0,0,1,1,1,1
ruido,1,15,1,1,—,,—,∇^2 θ̂+0.9822 LR0.703,cancela,θ̂-0.0001 LR627.165,genuina,sin par,0,,1,0,1,1,1,1
ruido,1,15,2,1,—,,—,∇^3 θ̂+1.0000 LR0.000,cancela,θ̂+0.9822 LR0.703,cancelada,sin par,1,ruido blanco (Q): p mínimo = 0.0000,0,0,0,1,1,1
ruido,1,16,0,1,—,,—,∇^1 θ̂-0.0584 LR678.561,,—,,sin par,1,ruido blanco (Q): p mínimo = 0.0000; normalidad (JB): 69.121,0,0,1,1,1,1
ruido,1,16,1,1,—,,—,∇^2 θ̂+1.0000 LR-0.000,cancela,θ̂-0.0584 LR678.561,genuina,sin par,0,,1,0,1,1,1,1
ruido,1,16,2,1,—,,—,∇^3 θ̂+1.0000 LR0.000,cancela,θ̂+1.0000 LR-0.000,cancelada,sin par,1,ruido blanco (Q): p mínimo = 0.0000,0,0,0,1,1,1
ruido,1,17,0,1,—,,—,∇^1 θ̂-0.0001 LR714.189,,—,,sin par,1,ruido blanco (Q): p mínimo = 0.0000; normalidad (JB): 11.811,0,0,1,1,1,1
ruido,1,17,1,1,—,,—,∇^2 θ̂+1.0000 LR-0.000,cancela,θ̂-0.0001 LR714.189,genuina,sin par,0,,1,0,1,1,1,1
ruido,1,17,2,1,—,,—,∇^3 θ̂+1.0000 LR0.000,cancela,θ̂+1.0000 LR-0.000,cancelada,sin par,1,ruido blanco (Q): p mínimo = 0.0000; normalidad (JB): 10.290,0,0,0,1,1,1
ruido,1,18,0,1,—,,—,∇^1 θ̂-0.0001 LR410.271,,—,,sin par,1,ruido blanco (Q): p mínimo = 0.0000; normalidad (JB): 11.148,0,0,1,1,1,1
ruido,1,18,1,1,—,,—,∇^2 θ̂+1.0000 LR0.000,cancela,θ̂-0.0001 LR410.271,genuina,sin par,0,,1,0,1,1,1,1
ruido,1,18,2,1,—,,—,∇^3 θ̂+1.0000 LR0.000,cancela,θ̂+1.0000 LR0.000,cancelada,sin par,1,ruido blanco (Q): p mínimo = 0.0000,0,0,0,1,1,1
ruido,1,19,0,1,—,,—,∇^1 θ̂-0.0003 LR801.678,,—,,sin par,1,ruido blanco (Q): p mínimo = 0.0000; normalidad (JB): 27.367,0,0,1,1,1,1
ruido,1,19,1,1,—,,—,∇^2 θ̂+1.0000 LR0.000,cancela,θ̂-0.0003 LR801.678,genuina,sin par,0,,1,0,1,1,1,1
ruido,1,19,2,1,—,,—,∇^3 θ̂+1.0000 LR0.000,cancela,θ̂+1.0000 LR0.000,cancelada,sin par,1,ruido blanco (Q): p mínimo = 0.0000,0,0,0,1,1,1
ruido,1,20,0,1,—,,—,∇^1 θ̂-0.0002 LR538.274,,—,,sin par,1,ruido blanco (Q): p mínimo = 0.0000; normalidad (JB): 35.663,0,0,1,1,1,1
ruido,1,20,1,1,—,,—,∇^2 θ̂+1.0000 LR0.000,cancela,θ̂-0.0002 LR538.274,genuina,sin par,0,,1,0,1,1,1,1
ruido,1,20,2,1,—,,—,∇^3 θ̂+1.0000 LR-0.000,cancela,θ̂+1.0000 LR0.000,cancelada,sin par,1,ruido blanco (Q): p mínimo = 0.0000,0,0,0,1,1,1
ruido,1,21,0,1,—,,—,∇^1 θ̂-0.0129 LR802.141,,—,,sin par,1,ruido blanco (Q): p mínimo = 0.0000; normalidad (JB): 14.524,0,0,1,1,1,1
ruido,1,21,1,1,—,,—,∇^2 θ̂+1.0000 LR-0.000,cancela,θ̂-0.0129 LR802.141,genuina,sin par,0,,1,0,1,1,1,1
ruido,1,21,2,1,—,,—,∇^3 θ̂+1.0000 LR-0.000,cancela,θ̂+1.0000 LR-0.000,cancelada,sin par,1,ruido blanco (Q): p mínimo = 0.0000,0,0,0,1,1,1
ruido,1,23,0,1,—,,—,∇^1 θ̂-0.0001 LR635.651,,—,,sin par,1,ruido blanco (Q): p mínimo = 0.0000; normalidad (JB): 23.261,0,0,1,1,1,1
ruido,1,23,1,1,—,,—,∇^2 θ̂+1.0000 LR0.000,cancela,θ̂-0.0001 LR635.651,genuina,sin par,1,estacionalidad en los residuos (p = 0.0410),0,0,1,1,1,1
ruido,1,23,2,1,—,,—,∇^3 θ̂+1.0000 LR0.000,cancela,θ̂+1.0000 LR0.000,cancelada,sin par,1,ruido blanco (Q): p mínimo = 0.0000; estacionalidad en los r,0,0,0,1,1,1
ruido,1,22,0,1,—,,—,∇^1 θ̂-0.0191 LR1019.110,,—,,sin par,1,ruido blanco (Q): p mínimo = 0.0000; normalidad (JB): 20.506,0,0,1,1,1,1
ruido,1,22,1,1,—,,—,∇^2 θ̂+0.9776 LR0.849,cancela,θ̂-0.0191 LR1019.110,genuina,sin par,1,media residual distinta de cero: t = -2.15,0,0,1,1,1,1
ruido,1,22,2,1,—,,—,∇^3 θ̂+1.0000 LR0.000,cancela,θ̂+0.9776 LR0.849,cancelada,sin par,1,ruido blanco (Q): p mínimo = 0.0000,0,0,0,1,1,1
ruido,1,25,0,1,—,,—,∇^1 θ̂-0.0002 LR841.160,,—,,sin par,1,ruido blanco (Q): p mínimo = 0.0000; normalidad (JB): 16.270,0,0,1,1,1,0
ruido,1,25,1,1,—,,—,∇^2 θ̂+1.0000 LR0.000,cancela,θ̂-0.0002 LR841.160,genuina,sin par,0,,1,0,1,1,1,0
ruido,1,25,2,1,—,,—,∇^3 θ̂+1.0000 LR0.000,cancela,θ̂+1.0000 LR0.000,cancelada,sin par,1,ruido blanco (Q): p mínimo = 0.0000,0,0,0,1,1,0
ruido,1,24,0,1,—,,—,∇^1 θ̂-0.0679 LR523.792,,—,,sin par,1,"ruido blanco (Q): p mínimo = 0.0000; normalidad (JB): 7.081,",0,0,1,1,1,1
ruido,1,24,1,1,—,,—,∇^2 θ̂+1.0000 LR0.000,cancela,θ̂-0.0679 LR523.792,genuina,sin par,0,,1,0,1,1,1,1
ruido,1,24,2,1,—,,—,∇^3 θ̂+1.0000 LR0.000,cancela,θ̂+1.0000 LR0.000,cancelada,sin par,1,ruido blanco (Q): p mínimo = 0.0000,0,0,0,1,1,1
ruido,1,26,0,1,—,,—,∇^1 θ̂-0.0668 LR637.499,,—,,sin par,1,ruido blanco (Q): p mínimo = 0.0000,0,0,1,1,1,1
ruido,1,26,1,1,—,,—,∇^2 θ̂+1.0000 LR0.000,cancela,θ̂-0.0668 LR637.499,genuina,sin par,0,,1,0,1,1,1,1
ruido,1,26,2,1,—,,—,∇^3 θ̂+1.0000 LR0.000,cancela,θ̂+1.0000 LR0.000,cancelada,sin par,1,ruido blanco (Q): p mínimo = 0.0000,0,0,0,1,1,1
ruido,1,27,0,1,—,,—,∇^1 θ̂-0.0189 LR795.549,,—,,sin par,1,ruido blanco (Q): p mínimo = 0.0000; normalidad (JB): 16.850,0,0,1,1,1,1
ruido,1,27,1,1,—,,—,∇^2 θ̂+1.0000 LR0.000,cancela,θ̂-0.0189 LR795.549,genuina,sin par,1,"normalidad (JB): 6.312, p = 0.0426; estacionalidad en los re",0,0,1,1,1,1
ruido,1,27,2,1,—,,—,∇^3 θ̂+1.0000 LR0.000,cancela,θ̂+1.0000 LR0.000,cancelada,sin par,1,ruido blanco (Q): p mínimo = 0.0000; estacionalidad en los r,0,0,0,1,1,1
ruido,1,29,0,1,—,,—,∇^1 θ̂-0.1394 LR423.480,,—,,sin par,1,ruido blanco (Q): p mínimo = 0.0000,0,0,1,1,1,1
ruido,1,29,1,1,—,,—,∇^2 θ̂+1.0000 LR0.000,cancela,θ̂-0.1394 LR423.480,genuina,sin par,0,,1,0,1,1,1,1
ruido,1,29,2,1,—,,—,∇^3 θ̂+1.0000 LR0.000,cancela,θ̂+1.0000 LR0.000,cancelada,sin par,1,ruido blanco (Q): p mínimo = 0.0000,0,0,0,1,1,1
ruido,1,28,0,1,—,,—,∇^1 θ̂-0.0002 LR441.737,,—,,sin par,1,ruido blanco (Q): p mínimo = 0.0000,0,0,1,1,1,1
ruido,1,28,1,1,—,,—,∇^2 θ̂+1.0000 LR0.000,cancela,θ̂-0.0002 LR441.737,genuina,sin par,0,,1,0,1,1,1,1
ruido,1,28,2,1,—,,—,∇^3 θ̂+1.0000 LR0.000,cancela,θ̂+1.0000 LR0.000,cancelada,sin par,1,ruido blanco (Q): p mínimo = 0.0000,0,0,0,1,1,1
ruido,1,30,0,1,—,,—,∇^1 θ̂-0.1154 LR686.062,,—,,sin par,1,ruido blanco (Q): p mínimo = 0.0000; normalidad (JB): 14.263,0,0,1,1,1,1
ruido,1,30,1,1,—,,—,∇^2 θ̂+0.9365 LR2.240,,θ̂-0.1154 LR686.062,genuina,sin par,0,,0,0,1,1,1,1
ruido,1,30,2,1,—,,—,∇^3 θ̂+1.0000 LR0.000,cancela,θ̂+0.9365 LR2.240,genuina,sin par,1,ruido blanco (Q): p mínimo = 0.0000,0,0,0,1,1,1
ruido,1,31,0,1,—,,—,∇^1 θ̂-0.0556 LR732.568,,—,,sin par,1,"ruido blanco (Q): p mínimo = 0.0000; normalidad (JB): 9.775,",0,0,1,1,1,1
ruido,1,31,1,1,—,,—,∇^2 θ̂+1.0000 LR-0.000,cancela,θ̂-0.0556 LR732.568,genuina,sin par,0,,1,0,1,1,1,1
ruido,1,31,2,1,—,,—,∇^3 θ̂+1.0000 LR0.000,cancela,θ̂+1.0000 LR-0.000,cancelada,sin par,1,ruido blanco (Q): p mínimo = 0.0000,0,0,0,1,1,1
ruido,1,32,0,1,—,,—,∇^1 θ̂-0.0010 LR747.541,,—,,sin par,1,ruido blanco (Q): p mínimo = 0.0000,0,0,1,1,1,1
ruido,1,32,1,1,—,,—,∇^2 θ̂+1.0000 LR0.000,cancela,θ̂-0.0010 LR747.541,genuina,sin par,0,,1,0,1,1,1,1
ruido,1,32,2,1,—,,—,∇^3 θ̂+1.0000 LR0.000,cancela,θ̂+1.0000 LR0.000,cancelada,sin par,1,ruido blanco (Q): p mínimo = 0.0000,0,0,0,1,1,1
ruido,1,34,0,1,—,,—,∇^1 θ̂-0.0001 LR941.308,,—,,sin par,1,ruido blanco (Q): p mínimo = 0.0000; normalidad (JB): 18.592,0,0,1,1,1,1
ruido,1,34,1,1,—,,—,∇^2 θ̂+1.0000 LR0.000,cancela,θ̂-0.0001 LR941.308,genuina,sin par,1,ruido blanco (Q): p mínimo = 0.0411; media residual distinta,0,0,1,1,1,1
ruido,1,34,2,1,—,,—,∇^3 θ̂+1.0000 LR-0.000,cancela,θ̂+1.0000 LR0.000,cancelada,sin par,1,ruido blanco (Q): p mínimo = 0.0000; estacionalidad en los r,0,0,0,1,1,1
ruido,1,33,0,1,—,,—,∇^1 θ̂-0.0001 LR620.601,,—,,sin par,1,ruido blanco (Q): p mínimo = 0.0000; normalidad (JB): 11.740,0,0,1,1,1,1
ruido,1,33,1,1,—,,—,∇^2 θ̂+1.0000 LR0.000,cancela,θ̂-0.0001 LR620.601,genuina,sin par,1,estacionalidad en los residuos (p = 0.0062),0,0,1,1,1,1
ruido,1,33,2,1,—,,—,∇^3 θ̂+1.0000 LR-0.000,cancela,θ̂+1.0000 LR0.000,cancelada,sin par,1,ruido blanco (Q): p mínimo = 0.0000; estacionalidad en los r,0,0,0,1,1,1
ruido,1,35,0,1,—,,—,∇^1 θ̂-0.0961 LR607.118,,—,,sin par,1,ruido blanco (Q): p mínimo = 0.0000,0,0,1,1,1,1
ruido,1,35,1,1,—,,—,∇^2 θ̂+0.9859 LR0.264,cancela,θ̂-0.0961 LR607.118,genuina,sin par,0,,1,0,1,1,1,1
ruido,1,35,2,1,—,,—,∇^3 θ̂+1.0000 LR0.000,cancela,θ̂+0.9859 LR0.264,cancelada,sin par,1,ruido blanco (Q): p mínimo = 0.0000,0,0,0,1,1,1
ruido,1,36,0,1,—,,—,∇^1 θ̂-0.0063 LR729.790,,—,,sin par,1,ruido blanco (Q): p mínimo = 0.0000; normalidad (JB): 23.978,0,0,1,1,1,1
ruido,1,36,1,1,—,,—,∇^2 θ̂+1.0000 LR0.000,cancela,θ̂-0.0063 LR729.790,genuina,sin par,0,,1,0,1,1,1,1
ruido,1,36,2,1,—,,—,∇^3 θ̂+1.0000 LR0.000,cancela,θ̂+1.0000 LR0.000,cancelada,sin par,1,ruido blanco (Q): p mínimo = 0.0000,0,0,0,1,1,1
ruido,1,38,0,1,—,,—,∇^1 θ̂-0.0001 LR689.379,,—,,sin par,1,"ruido blanco (Q): p mínimo = 0.0000; normalidad (JB): 9.898,",0,0,1,1,1,1
ruido,1,38,1,1,—,,—,∇^2 θ̂+0.9940 LR0.012,cancela,θ̂-0.0001 LR689.379,genuina,sin par,0,,1,0,1,1,1,1
ruido,1,38,2,1,—,,—,∇^3 θ̂+1.0000 LR0.000,cancela,θ̂+0.9940 LR0.012,cancelada,sin par,1,ruido blanco (Q): p mínimo = 0.0000,0,0,0,1,1,1
ruido,1,37,0,1,—,,—,∇^1 θ̂-0.0126 LR590.381,,—,,sin par,1,ruido blanco (Q): p mínimo = 0.0000,0,0,1,1,1,1
ruido,1,37,1,1,—,,—,∇^2 θ̂+0.9881 LR0.221,cancela,θ̂-0.0126 LR590.381,genuina,sin par,1,"normalidad (JB): 6.272, p = 0.0435",0,0,1,1,1,1
ruido,1,37,2,1,—,,—,∇^3 θ̂+1.0000 LR0.000,cancela,θ̂+0.9881 LR0.221,cancelada,sin par,1,ruido blanco (Q): p mínimo = 0.0000; estacionalidad en los r,0,0,0,1,1,1
ruido,1,39,0,1,—,,—,∇^1 θ̂-0.0001 LR591.934,,—,,sin par,1,ruido blanco (Q): p mínimo = 0.0000; normalidad (JB): 12.273,0,0,1,1,0,1
ruido,1,39,1,1,—,,—,∇^2 θ̂+0.9102 LR6.055,,θ̂-0.0001 LR591.934,genuina,sin par,1,"ruido blanco (Q): p mínimo = 0.0004; normalidad (JB): 8.323,",0,0,1,1,0,1
ruido,1,39,2,1,—,,—,∇^3 θ̂+1.0000 LR0.000,cancela,θ̂+0.9102 LR6.055,genuina,sin par,1,ruido blanco (Q): p mínimo = 0.0000,0,0,0,1,0,1
ruido,1,40,0,1,—,,—,∇^1 θ̂-0.0235 LR612.362,,—,,sin par,1,ruido blanco (Q): p mínimo = 0.0000,0,0,1,1,1,1
ruido,1,40,1,1,—,,—,∇^2 θ̂+0.9915 LR0.042,cancela,θ̂-0.0235 LR612.362,genuina,sin par,0,,1,0,1,1,1,1
ruido,1,40,2,1,—,,—,∇^3 θ̂+1.0000 LR0.000,cancela,θ̂+0.9915 LR0.042,cancelada,sin par,1,ruido blanco (Q): p mínimo = 0.0000,0,0,0,1,1,1
ruido,1,41,0,1,—,,—,∇^1 θ̂-0.0213 LR893.378,,—,,sin par,1,ruido blanco (Q): p mínimo = 0.0000; normalidad (JB): 14.799,0,0,1,1,1,1
ruido,1,41,1,1,—,,—,∇^2 θ̂+0.9609 LR1.592,cancela,θ̂-0.0213 LR893.378,genuina,sin par,0,,1,0,1,1,1,1
ruido,1,41,2,1,—,,—,∇^3 θ̂+1.0000 LR0.000,cancela,θ̂+0.9609 LR1.592,cancelada,sin par,1,ruido blanco (Q): p mínimo = 0.0000; estacionalidad en los r,0,0,0,1,1,1
ruido,1,42,0,1,—,,—,∇^1 θ̂-0.0022 LR550.130,,—,,sin par,1,"ruido blanco (Q): p mínimo = 0.0000; normalidad (JB): 6.957,",0,0,1,1,1,1
ruido,1,42,1,1,—,,—,∇^2 θ̂+1.0000 LR0.000,cancela,θ̂-0.0022 LR550.130,genuina,sin par,0,,1,0,1,1,1,1
ruido,1,42,2,1,—,,—,∇^3 θ̂+1.0000 LR-0.000,cancela,θ̂+1.0000 LR0.000,cancelada,sin par,1,ruido blanco (Q): p mínimo = 0.0000,0,0,0,1,1,1
ruido,1,44,0,1,—,,—,∇^1 θ̂-0.0001 LR447.545,,—,,sin par,1,ruido blanco (Q): p mínimo = 0.0000; normalidad (JB): 37.414,0,0,1,1,1,1
ruido,1,44,1,1,—,,—,∇^2 θ̂+0.9913 LR0.066,cancela,θ̂-0.0001 LR447.545,genuina,sin par,0,,1,0,1,1,1,1
ruido,1,44,2,1,—,,—,∇^3 θ̂+1.0000 LR0.000,cancela,θ̂+0.9913 LR0.066,cancelada,sin par,1,ruido blanco (Q): p mínimo = 0.0000; estacionalidad en los r,0,0,0,1,1,1
ruido,1,43,0,1,—,,—,∇^1 θ̂-0.1021 LR866.929,,—,,sin par,1,ruido blanco (Q): p mínimo = 0.0000; normalidad (JB): 20.666,0,0,1,1,1,1
ruido,1,43,1,1,—,,—,∇^2 θ̂+1.0000 LR0.000,cancela,θ̂-0.1021 LR866.929,genuina,sin par,1,ruido blanco (Q): p mínimo = 0.0048,0,0,1,1,1,1
ruido,1,43,2,1,—,,—,∇^3 θ̂+1.0000 LR0.000,cancela,θ̂+1.0000 LR0.000,cancelada,sin par,1,ruido blanco (Q): p mínimo = 0.0000,0,0,0,1,1,1
ruido,1,45,0,1,—,,—,∇^1 θ̂-0.1150 LR681.679,,—,,sin par,1,ruido blanco (Q): p mínimo = 0.0000,0,0,1,1,1,1
ruido,1,45,1,1,—,,—,∇^2 θ̂+0.9521 LR1.001,cancela,θ̂-0.1150 LR681.679,genuina,sin par,0,,1,0,1,1,1,1
ruido,1,45,2,1,—,,—,∇^3 θ̂+1.0000 LR0.000,cancela,θ̂+0.9521 LR1.001,cancelada,sin par,1,ruido blanco (Q): p mínimo = 0.0000,0,0,0,1,1,1
ruido,1,46,0,1,—,,—,∇^1 θ̂-0.0240 LR656.312,,—,,sin par,1,ruido blanco (Q): p mínimo = 0.0000; normalidad (JB): 21.505,0,0,1,1,1,1
ruido,1,46,1,1,—,,—,∇^2 θ̂+1.0000 LR-0.000,cancela,θ̂-0.0240 LR656.312,genuina,sin par,0,,1,0,1,1,1,1
ruido,1,46,2,1,—,,—,∇^3 θ̂+1.0000 LR-0.000,cancela,θ̂+1.0000 LR-0.000,cancelada,sin par,1,ruido blanco (Q): p mínimo = 0.0000,0,0,0,1,1,1
ruido,1,47,0,1,—,,—,∇^1 θ̂-0.0117 LR854.020,,—,,sin par,1,ruido blanco (Q): p mínimo = 0.0000; normalidad (JB): 26.365,0,0,1,1,1,1
ruido,1,47,1,1,—,,—,∇^2 θ̂+0.9886 LR0.134,cancela,θ̂-0.0117 LR854.020,genuina,sin par,1,media residual distinta de cero: t = +2.41,0,0,1,1,1,1
ruido,1,47,2,1,—,,—,∇^3 θ̂+1.0000 LR0.000,cancela,θ̂+0.9886 LR0.134,cancelada,sin par,1,ruido blanco (Q): p mínimo = 0.0000,0,0,0,1,1,1
ruido,1,48,0,1,—,,—,∇^1 θ̂-0.0001 LR663.644,,—,,sin par,1,ruido blanco (Q): p mínimo = 0.0000,0,0,1,1,1,0
ruido,1,48,1,1,—,,—,∇^2 θ̂+1.0000 LR0.000,cancela,θ̂-0.0001 LR663.644,genuina,sin par,0,,1,0,1,1,1,0
ruido,1,48,2,1,—,,—,∇^3 θ̂+1.0000 LR0.000,cancela,θ̂+1.0000 LR0.000,cancelada,sin par,1,ruido blanco (Q): p mínimo = 0.0000,0,0,0,1,1,0
ruido,1,49,0,1,—,,—,∇^1 θ̂-0.0021 LR585.418,,—,,sin par,1,ruido blanco (Q): p mínimo = 0.0000; normalidad (JB): 16.821,0,0,1,1,1,1
ruido,1,49,1,1,—,,—,∇^2 θ̂+1.0000 LR0.000,cancela,θ̂-0.0021 LR585.418,genuina,sin par,0,,1,0,1,1,1,1
ruido,1,49,2,1,—,,—,∇^3 θ̂+1.0000 LR0.000,cancela,θ̂+1.0000 LR0.000,cancelada,sin par,1,ruido blanco (Q): p mínimo = 0.0000,0,0,0,1,1,1
AR(1) .5,1,1,0,1,SF,raíz,—,∇^1 θ̂+0.1001 LR102.252,genuina,—,,coinciden,1,ruido blanco (Q): p mínimo = 0.0000,0,0,0,1,1,1
AR(1) .5,1,1,1,1,SF,estac.,—,∇^2 θ̂+1.0000 LR-0.000,cancela,θ̂+0.1001 LR102.252,genuina,coinciden,0,,1,0,0,1,1,1
AR(1) .5,1,1,2,1,—,,—,∇^3 θ̂+1.0000 LR-0.000,cancela,θ̂+1.0000 LR0.000,cancelada,sin par,1,estacionalidad en los residuos (p = 0.0404),0,0,0,1,1,1
AR(1) .5,1,0,0,1,SF,raíz,—,∇^1 θ̂+0.0351 LR50.389,genuina,—,,coinciden,1,ruido blanco (Q): p mínimo = 0.0000,0,0,0,1,1,1
AR(1) .5,1,0,1,1,SF,estac.,—,∇^2 θ̂+0.9926 LR0.019,cancela,θ̂+0.0351 LR50.389,genuina,coinciden,0,,1,0,0,1,1,1
AR(1) .5,1,0,2,1,—,,—,∇^3 θ̂+1.0000 LR-0.000,cancela,θ̂+0.9926 LR0.019,cancelada,sin par,0,,1,0,0,1,1,1
AR(1) .5,1,2,0,1,SF,raíz,—,∇^1 θ̂+0.1076 LR60.309,genuina,—,,coinciden,1,ruido blanco (Q): p mínimo = 0.0000,0,0,0,1,1,1
AR(1) .5,1,2,1,1,SF,estac.,—,∇^2 θ̂+0.9806 LR0.453,cancela,θ̂+0.1076 LR60.309,genuina,coinciden,0,,1,0,0,1,1,1
AR(1) .5,1,2,2,1,—,,—,∇^3 θ̂+1.0000 LR-0.000,cancela,θ̂+0.9806 LR0.453,cancelada,sin par,0,,1,0,0,1,1,1
AR(1) .5,1,3,0,1,SF,raíz,—,∇^1 θ̂+0.0183 LR52.559,genuina,—,,coinciden,1,ruido blanco (Q): p mínimo = 0.0000,0,0,0,1,2,1
AR(1) .5,1,3,1,1,SF,estac.,—,∇^2 θ̂+0.9506 LR4.849,genuina,θ̂+0.0183 LR52.559,genuina,discrepan,0,,0,0,0,1,2,1
AR(1) .5,1,3,2,1,—,,—,∇^3 θ̂+1.0000 LR0.000,cancela,θ̂+0.9506 LR4.849,genuina,sin par,1,ruido blanco (Q): p mínimo = 0.0204,0,0,0,1,2,1
AR(1) .5,1,4,0,1,SF,raíz,—,∇^1 θ̂-0.2344 LR23.841,genuina,—,,—,1,ruido blanco (Q): p mínimo = 0.0000,0,0,1,1,1,1
AR(1) .5,1,4,1,1,SF,estac.,—,∇^2 θ̂+1.0000 LR-0.000,cancela,θ̂-0.2344 LR23.841,genuina,coinciden,0,,1,0,1,1,1,1
AR(1) .5,1,4,2,1,—,,—,∇^3 θ̂+1.0000 LR0.000,cancela,θ̂+1.0000 LR-0.000,cancelada,sin par,1,ruido blanco (Q): p mínimo = 0.0018,0,0,0,1,1,1
AR(1) .5,1,5,0,1,SF,raíz,—,∇^1 θ̂-0.1420 LR42.543,genuina,—,,—,1,ruido blanco (Q): p mínimo = 0.0000; media residual distinta,0,0,1,1,1,1
AR(1) .5,1,5,1,1,SF,estac.,—,∇^2 θ̂+0.9934 LR0.022,cancela,θ̂-0.1420 LR42.543,genuina,coinciden,0,,1,0,1,1,1,1
AR(1) .5,1,5,2,1,—,,—,∇^3 θ̂+1.0000 LR-0.000,cancela,θ̂+0.9934 LR0.022,cancelada,sin par,0,,1,0,0,1,1,1
AR(1) .5,1,6,0,1,SF,raíz,—,∇^1 θ̂+0.0197 LR54.853,genuina,—,,coinciden,1,ruido blanco (Q): p mínimo = 0.0000,0,0,0,1,1,1
AR(1) .5,1,6,1,1,SF,estac.,—,∇^2 θ̂+1.0000 LR0.000,cancela,θ̂+0.0197 LR54.853,genuina,coinciden,0,,1,0,0,1,1,1
AR(1) .5,1,6,2,1,—,,—,∇^3 θ̂+1.0000 LR-0.000,cancela,θ̂+1.0000 LR-0.000,cancelada,sin par,0,,1,0,0,1,1,1
AR(1) .5,1,7,0,1,SF,raíz,—,∇^1 θ̂-0.1240 LR41.954,genuina,—,,—,1,ruido blanco (Q): p mínimo = 0.0000,0,0,1,1,1,1
AR(1) .5,1,7,1,1,SF,estac.,—,∇^2 θ̂+1.0000 LR0.000,cancela,θ̂-0.1240 LR41.954,genuina,coinciden,0,,1,0,1,1,1,1
AR(1) .5,1,7,2,1,—,,—,∇^3 θ̂+1.0000 LR0.000,cancela,θ̂+1.0000 LR-0.000,cancelada,sin par,1,ruido blanco (Q): p mínimo = 0.0008,0,0,0,1,1,1
AR(1) .5,1,8,0,1,SF,raíz,—,∇^1 θ̂-0.0395 LR61.028,genuina,—,,—,1,ruido blanco (Q): p mínimo = 0.0000; media residual distinta,0,0,1,1,1,1
AR(1) .5,1,8,1,1,SF,estac.,—,∇^2 θ̂+1.0000 LR-0.000,cancela,θ̂-0.0395 LR61.028,genuina,coinciden,1,media residual distinta de cero: t = -2.71,0,0,1,1,1,1
AR(1) .5,1,8,2,1,—,,—,∇^3 θ̂+1.0000 LR-0.000,cancela,θ̂+1.0000 LR0.000,cancelada,sin par,1,ruido blanco (Q): p mínimo = 0.0002,0,0,0,1,1,1
AR(1) .5,1,9,0,1,SF,raíz,—,∇^1 θ̂-0.1375 LR32.693,genuina,—,,—,1,ruido blanco (Q): p mínimo = 0.0000,0,0,1,1,1,1
AR(1) .5,1,9,1,1,SF,estac.,—,∇^2 θ̂+1.0000 LR0.000,cancela,θ̂-0.1375 LR32.693,genuina,coinciden,0,,1,0,1,1,1,1
AR(1) .5,1,9,2,1,—,,—,∇^3 θ̂+1.0000 LR0.000,cancela,θ̂+1.0000 LR0.000,cancelada,sin par,1,ruido blanco (Q): p mínimo = 0.0000,0,0,0,1,1,1
AR(1) .5,1,10,0,1,SF,raíz,—,∇^1 θ̂-0.0268 LR54.840,genuina,—,,—,1,ruido blanco (Q): p mínimo = 0.0000,0,0,1,1,1,1
AR(1) .5,1,10,1,1,SF,estac.,—,∇^2 θ̂+0.9908 LR0.074,cancela,θ̂-0.0268 LR54.840,genuina,coinciden,0,,1,0,1,1,1,1
AR(1) .5,1,10,2,1,—,,—,∇^3 θ̂+1.0000 LR-0.000,cancela,θ̂+0.9908 LR0.074,cancelada,sin par,1,ruido blanco (Q): p mínimo = 0.0004,0,0,0,1,1,1
AR(1) .5,1,11,0,1,SF,raíz,—,∇^1 θ̂+0.1366 LR64.824,genuina,—,,coinciden,1,ruido blanco (Q): p mínimo = 0.0000,0,0,0,1,1,1
AR(1) .5,1,11,1,1,SF,estac.,—,∇^2 θ̂+0.9840 LR0.368,cancela,θ̂+0.1366 LR64.824,genuina,coinciden,0,,1,0,0,1,1,1
AR(1) .5,1,11,2,1,—,,—,∇^3 θ̂+1.0000 LR-0.000,cancela,θ̂+0.9840 LR0.368,cancelada,sin par,0,,1,0,0,1,1,1
AR(1) .5,1,12,0,1,SF,raíz,—,∇^1 θ̂-0.0778 LR46.854,genuina,—,,—,1,ruido blanco (Q): p mínimo = 0.0000,0,0,1,0,1,1
AR(1) .5,1,12,1,1,SF,estac.,—,∇^2 θ̂+1.0000 LR0.000,cancela,θ̂-0.0778 LR46.854,genuina,coinciden,1,ruido blanco (Q): p mínimo = 0.0234,0,0,1,0,1,1
AR(1) .5,1,12,2,1,—,,—,∇^3 θ̂+1.0000 LR-0.000,cancela,θ̂+1.0000 LR-0.000,cancelada,sin par,1,ruido blanco (Q): p mínimo = 0.0004,0,0,0,0,1,1
AR(1) .5,1,13,0,1,SF,raíz,—,∇^1 θ̂-0.2105 LR38.115,genuina,—,,—,1,"ruido blanco (Q): p mínimo = 0.0000; normalidad (JB): 7.949,",0,0,1,1,1,1
AR(1) .5,1,13,1,1,SF,estac.,—,∇^2 θ̂+1.0000 LR-0.000,cancela,θ̂-0.2105 LR38.115,genuina,coinciden,1,ruido blanco (Q): p mínimo = 0.0444; normalidad (JB): 16.732,0,0,1,1,1,1
AR(1) .5,1,13,2,1,—,,—,∇^3 θ̂+1.0000 LR-0.000,cancela,θ̂+1.0000 LR0.000,cancelada,sin par,1,"ruido blanco (Q): p mínimo = 0.0000; normalidad (JB): 7.437,",0,0,0,1,1,1
AR(1) .5,1,14,0,1,SF,raíz,—,∇^1 θ̂-0.1057 LR38.994,genuina,—,,—,1,ruido blanco (Q): p mínimo = 0.0000,0,0,1,1,0,1
AR(1) .5,1,14,1,1,SF,estac.,—,∇^2 θ̂+1.0000 LR0.000,cancela,θ̂-0.1057 LR38.994,genuina,coinciden,0,,1,0,1,1,0,1
AR(1) .5,1,14,2,1,—,,—,∇^3 θ̂+1.0000 LR0.000,cancela,θ̂+1.0000 LR0.000,cancelada,sin par,1,ruido blanco (Q): p mínimo = 0.0000,0,0,0,1,0,1
AR(1) .5,1,15,0,1,SF,raíz,—,∇^1 θ̂-0.2247 LR52.672,genuina,—,,—,1,ruido blanco (Q): p mínimo = 0.0000; normalidad (JB): 14.886,0,0,1,1,1,1
AR(1) .5,1,15,1,1,SF,estac.,—,∇^2 θ̂+1.0000 LR-0.000,cancela,θ̂-0.2247 LR52.672,genuina,coinciden,1,"normalidad (JB): 8.672, p = 0.0131; media residual distinta ",0,0,1,1,1,1
AR(1) .5,1,15,2,1,—,,—,∇^3 θ̂+1.0000 LR-0.000,cancela,θ̂+1.0000 LR-0.000,cancelada,sin par,1,ruido blanco (Q): p mínimo = 0.0011; normalidad (JB): 11.118,0,0,0,1,1,1
AR(1) .5,1,16,0,1,SF,raíz,—,∇^1 θ̂+0.1168 LR67.137,genuina,—,,coinciden,1,ruido blanco (Q): p mínimo = 0.0000; normalidad (JB): 27.757,0,0,0,1,1,0
AR(1) .5,1,16,1,1,SF,estac.,—,∇^2 θ̂+1.0000 LR-0.000,cancela,θ̂+0.1168 LR67.137,genuina,coinciden,0,,1,0,0,1,1,0
AR(1) .5,1,16,2,1,—,,—,∇^3 θ̂+1.0000 LR-0.000,cancela,θ̂+1.0000 LR0.000,cancelada,sin par,0,,1,0,0,1,1,0
AR(1) .5,1,17,0,1,SF,raíz,—,∇^1 θ̂+0.2162 LR50.496,genuina,—,,coinciden,1,ruido blanco (Q): p mínimo = 0.0000,0,0,0,1,1,1
AR(1) .5,1,17,1,1,SF,estac.,—,∇^2 θ̂+1.0000 LR0.000,cancela,θ̂+0.2162 LR50.496,genuina,coinciden,0,,1,0,0,1,1,1
AR(1) .5,1,17,2,1,—,,—,∇^3 θ̂+1.0000 LR0.000,cancela,θ̂+1.0000 LR0.000,cancelada,sin par,0,,1,0,0,1,1,1
AR(1) .5,1,18,0,1,SF,raíz,—,∇^1 θ̂+0.0687 LR69.115,genuina,—,,coinciden,1,ruido blanco (Q): p mínimo = 0.0000,0,0,0,1,0,1
AR(1) .5,1,18,1,1,SF,estac.,—,∇^2 θ̂+1.0000 LR-0.000,cancela,θ̂+0.0687 LR69.115,genuina,coinciden,0,,1,0,0,1,0,1
AR(1) .5,1,18,2,1,—,,—,∇^3 θ̂+1.0000 LR-0.000,cancela,θ̂+1.0000 LR0.000,cancelada,sin par,0,,1,0,0,1,0,1
AR(1) .5,1,19,0,1,SF,raíz,—,∇^1 θ̂-0.0190 LR35.267,genuina,—,,—,1,ruido blanco (Q): p mínimo = 0.0000; media residual distinta,0,0,1,1,1,1
AR(1) .5,1,19,1,1,SF,estac.,—,∇^2 θ̂+1.0000 LR-0.000,cancela,θ̂-0.0190 LR35.267,genuina,coinciden,0,,1,0,1,1,1,1
AR(1) .5,1,19,2,1,—,,—,∇^3 θ̂+1.0000 LR0.000,cancela,θ̂+1.0000 LR0.000,cancelada,sin par,1,ruido blanco (Q): p mínimo = 0.0046,0,0,0,1,1,1
AR(1) .5,1,20,0,1,SF,raíz,—,∇^1 θ̂+0.0778 LR58.045,genuina,—,,coinciden,1,ruido blanco (Q): p mínimo = 0.0000; media residual distinta,0,0,0,1,1,1
AR(1) .5,1,20,1,1,SF,estac.,—,∇^2 θ̂+1.0000 LR-0.000,cancela,θ̂+0.0778 LR58.045,genuina,coinciden,0,,1,0,0,1,1,1
AR(1) .5,1,20,2,1,—,,—,∇^3 θ̂+1.0000 LR0.000,cancela,θ̂+1.0000 LR-0.000,cancelada,sin par,0,,1,0,0,1,1,1
AR(1) .5,1,21,0,1,SF,raíz,—,∇^1 θ̂+0.0845 LR57.103,genuina,—,,coinciden,1,ruido blanco (Q): p mínimo = 0.0000,0,0,0,1,1,1
AR(1) .5,1,21,1,1,SF,estac.,—,∇^2 θ̂+1.0000 LR-0.000,cancela,θ̂+0.0845 LR57.103,genuina,coinciden,0,,1,0,0,1,1,1
AR(1) .5,1,21,2,1,—,,—,∇^3 θ̂+1.0000 LR-0.000,cancela,θ̂+1.0000 LR-0.000,cancelada,sin par,0,,1,0,0,1,1,1
AR(1) .5,1,22,0,1,SF,raíz,—,∇^1 θ̂-0.1664 LR26.738,genuina,—,,—,1,ruido blanco (Q): p mínimo = 0.0000; media residual distinta,0,0,1,1,1,1
AR(1) .5,1,22,1,1,SF,estac.,—,∇^2 θ̂+1.0000 LR0.000,cancela,θ̂-0.1664 LR26.738,genuina,coinciden,0,,1,0,1,1,1,1
AR(1) .5,1,22,2,1,—,,—,∇^3 θ̂+1.0000 LR0.000,cancela,θ̂+1.0000 LR-0.000,cancelada,sin par,1,ruido blanco (Q): p mínimo = 0.0001,0,0,0,1,1,1
AR(1) .5,1,23,0,1,SF,raíz,—,∇^1 θ̂-0.0573 LR63.063,genuina,—,,—,1,ruido blanco (Q): p mínimo = 0.0000; media residual distinta,0,0,1,1,1,1
AR(1) .5,1,23,1,1,SF,estac.,—,∇^2 θ̂+1.0000 LR0.000,cancela,θ̂-0.0573 LR63.063,genuina,coinciden,1,estacionalidad en los residuos (p = 0.0292),0,0,1,1,1,1
AR(1) .5,1,23,2,1,—,,—,∇^3 θ̂+1.0000 LR-0.000,cancela,θ̂+1.0000 LR-0.000,cancelada,sin par,1,estacionalidad en los residuos (p = 0.0188),0,0,0,1,1,1
AR(1) .5,1,24,0,1,SF,raíz,—,∇^1 θ̂-0.0206 LR75.767,genuina,—,,—,1,ruido blanco (Q): p mínimo = 0.0000,0,0,1,1,0,1
AR(1) .5,1,24,1,1,SF,estac.,—,∇^2 θ̂+1.0000 LR-0.000,cancela,θ̂-0.0206 LR75.767,genuina,coinciden,0,,1,0,1,1,0,1
AR(1) .5,1,24,2,1,—,,—,∇^3 θ̂+1.0000 LR-0.000,cancela,θ̂+1.0000 LR-0.000,cancelada,sin par,1,"normalidad (JB): 7.215, p = 0.0271",0,0,0,1,0,1
AR(1) .5,1,25,0,1,SF,raíz,—,∇^1 θ̂+0.0502 LR69.699,genuina,—,,coinciden,1,ruido blanco (Q): p mínimo = 0.0000,0,0,0,1,1,1
AR(1) .5,1,25,1,1,SF,estac.,—,∇^2 θ̂+0.9854 LR0.364,cancela,θ̂+0.0502 LR69.699,genuina,coinciden,0,,1,0,0,1,1,1
AR(1) .5,1,25,2,1,—,,—,∇^3 θ̂+1.0000 LR0.000,cancela,θ̂+0.9854 LR0.364,cancelada,sin par,1,ruido blanco (Q): p mínimo = 0.0154,0,0,0,1,1,1
AR(1) .5,1,26,0,1,SF,raíz,—,∇^1 θ̂+0.0119 LR51.919,genuina,—,,coinciden,1,ruido blanco (Q): p mínimo = 0.0000,0,0,0,1,1,1
AR(1) .5,1,26,1,1,SF,estac.,—,∇^2 θ̂+1.0000 LR0.000,cancela,θ̂+0.0120 LR51.919,genuina,coinciden,0,,1,0,0,1,1,1
AR(1) .5,1,26,2,1,—,,—,∇^3 θ̂+1.0000 LR-0.000,cancela,θ̂+1.0000 LR-0.000,cancelada,sin par,1,ruido blanco (Q): p mínimo = 0.0001,0,0,0,1,1,1
AR(1) .5,1,27,0,1,SF,raíz,—,∇^1 θ̂+0.2177 LR49.475,genuina,—,,coinciden,1,ruido blanco (Q): p mínimo = 0.0000; media residual distinta,0,0,0,1,1,1
AR(1) .5,1,27,1,1,SF,estac.,—,∇^2 θ̂+1.0000 LR0.000,cancela,θ̂+0.2177 LR49.475,genuina,coinciden,0,,1,0,0,1,1,1
AR(1) .5,1,27,2,1,—,,—,∇^3 θ̂+1.0000 LR0.000,cancela,θ̂+1.0000 LR-0.000,cancelada,sin par,1,ruido blanco (Q): p mínimo = 0.0159,0,0,0,1,1,1
AR(1) .5,1,28,0,1,SF,raíz,—,∇^1 θ̂+0.0106 LR40.045,genuina,—,,coinciden,1,ruido blanco (Q): p mínimo = 0.0000,0,0,0,1,1,0
AR(1) .5,1,28,1,1,SF,estac.,—,∇^2 θ̂+1.0000 LR0.000,cancela,θ̂+0.0106 LR40.045,genuina,coinciden,0,,1,0,0,1,1,0
AR(1) .5,1,28,2,1,—,,—,∇^3 θ̂+1.0000 LR-0.000,cancela,θ̂+1.0000 LR0.000,cancelada,sin par,0,,1,0,0,1,1,0
AR(1) .5,1,29,0,1,SF,raíz,—,∇^1 θ̂+0.1445 LR77.074,genuina,—,,coinciden,1,ruido blanco (Q): p mínimo = 0.0000,0,0,0,1,1,1
AR(1) .5,1,29,1,1,SF,estac.,—,∇^2 θ̂+0.9907 LR0.067,cancela,θ̂+0.1445 LR77.074,genuina,coinciden,0,,1,0,0,1,1,1
AR(1) .5,1,29,2,1,—,,—,∇^3 θ̂+1.0000 LR-0.000,cancela,θ̂+0.9907 LR0.067,cancelada,sin par,0,,1,0,0,1,1,1
AR(1) .5,1,30,0,1,SF,raíz,—,∇^1 θ̂+0.0002 LR61.683,genuina,—,,coinciden,1,ruido blanco (Q): p mínimo = 0.0000,0,0,0,1,1,1
AR(1) .5,1,30,1,1,SF,estac.,—,∇^2 θ̂+1.0000 LR0.000,cancela,θ̂+0.0002 LR61.683,genuina,coinciden,0,,1,0,0,1,1,1
AR(1) .5,1,30,2,1,—,,—,∇^3 θ̂+1.0000 LR-0.000,cancela,θ̂+1.0000 LR0.000,cancelada,sin par,1,ruido blanco (Q): p mínimo = 0.0018,0,0,0,1,1,1
AR(1) .5,1,31,0,1,SF,raíz,—,∇^1 θ̂+0.0049 LR85.012,genuina,—,,coinciden,1,ruido blanco (Q): p mínimo = 0.0000,0,0,0,1,1,1
AR(1) .5,1,31,1,1,SF,estac.,—,∇^2 θ̂+1.0000 LR0.000,cancela,θ̂+0.0049 LR85.012,genuina,coinciden,0,,1,0,0,1,1,1
AR(1) .5,1,31,2,1,—,,—,∇^3 θ̂+1.0000 LR0.000,cancela,θ̂+1.0000 LR0.000,cancelada,sin par,0,,1,0,0,1,1,1
AR(1) .5,1,32,0,1,SF,raíz,—,∇^1 θ̂-0.3047 LR35.496,genuina,—,,—,1,ruido blanco (Q): p mínimo = 0.0001,0,0,1,1,1,1
AR(1) .5,1,32,1,1,SF,estac.,—,∇^2 θ̂+1.0000 LR-0.000,cancela,θ̂-0.3047 LR35.496,genuina,coinciden,0,,1,0,1,1,1,1
AR(1) .5,1,32,2,1,—,,—,∇^3 θ̂+1.0000 LR-0.000,cancela,θ̂+1.0000 LR-0.000,cancelada,sin par,0,,1,0,0,1,1,1
AR(1) .5,1,33,0,1,SF,raíz,—,∇^1 θ̂-0.0951 LR57.849,genuina,—,,—,1,ruido blanco (Q): p mínimo = 0.0000,0,0,1,1,1,1
AR(1) .5,1,33,1,1,SF,estac.,—,∇^2 θ̂+1.0000 LR-0.000,cancela,θ̂-0.0951 LR57.849,genuina,coinciden,0,,1,0,1,1,1,1
AR(1) .5,1,33,2,1,—,,—,∇^3 θ̂+1.0000 LR0.000,cancela,θ̂+1.0000 LR0.000,cancelada,sin par,1,"normalidad (JB): 7.932, p = 0.0189",0,0,0,1,1,1
AR(1) .5,1,34,0,1,SF,raíz,—,∇^1 θ̂-0.1850 LR52.438,genuina,—,,—,1,ruido blanco (Q): p mínimo = 0.0000,0,0,1,1,1,1
AR(1) .5,1,34,1,1,SF,estac.,—,∇^2 θ̂+1.0000 LR0.000,cancela,θ̂-0.1850 LR52.438,genuina,coinciden,0,,1,0,1,1,1,1
AR(1) .5,1,34,2,1,—,,—,∇^3 θ̂+1.0000 LR0.000,cancela,θ̂+1.0000 LR-0.000,cancelada,sin par,1,"normalidad (JB): 7.540, p = 0.0231",0,0,0,1,1,1
AR(1) .5,1,35,0,1,SF,raíz,—,∇^1 θ̂+0.1069 LR55.583,genuina,—,,coinciden,1,ruido blanco (Q): p mínimo = 0.0000; media residual distinta,0,0,0,1,2,1
AR(1) .5,1,35,1,1,SF,estac.,—,∇^2 θ̂+0.9811 LR1.113,cancela,θ̂+0.1069 LR55.583,genuina,coinciden,1,media residual distinta de cero: t = +2.27,0,0,0,1,2,1
AR(1) .5,1,35,2,1,—,,—,∇^3 θ̂+1.0000 LR-0.000,cancela,θ̂+0.9811 LR1.113,cancelada,sin par,0,,1,0,0,1,2,1
AR(1) .5,1,36,0,1,SF,raíz,—,∇^1 θ̂-0.1756 LR49.564,genuina,—,,—,1,ruido blanco (Q): p mínimo = 0.0000,0,0,1,1,1,1
AR(1) .5,1,36,1,1,SF,estac.,—,∇^2 θ̂+1.0000 LR0.000,cancela,θ̂-0.1756 LR49.564,genuina,coinciden,0,,1,0,1,1,1,1
AR(1) .5,1,36,2,1,—,,—,∇^3 θ̂+1.0000 LR0.000,cancela,θ̂+1.0000 LR0.000,cancelada,sin par,0,,1,0,0,1,1,1
AR(1) .5,1,38,0,1,SF,raíz,—,∇^1 θ̂-0.2096 LR72.968,genuina,—,,—,1,ruido blanco (Q): p mínimo = 0.0000,0,0,1,1,1,1
AR(1) .5,1,38,1,1,SF,estac.,—,∇^2 θ̂+1.0000 LR0.000,cancela,θ̂-0.2096 LR72.968,genuina,coinciden,0,,1,0,1,1,1,1
AR(1) .5,1,38,2,1,—,,—,∇^3 θ̂+1.0000 LR0.000,cancela,θ̂+1.0000 LR0.000,cancelada,sin par,1,ruido blanco (Q): p mínimo = 0.0020,0,0,0,1,1,1
AR(1) .5,1,37,0,1,SF,raíz,—,∇^1 θ̂-0.0019 LR70.826,genuina,—,,—,1,"ruido blanco (Q): p mínimo = 0.0000; normalidad (JB): 7.129,",0,0,1,1,1,1
AR(1) .5,1,37,1,1,SF,estac.,—,∇^2 θ̂+1.0000 LR0.000,cancela,θ̂-0.0019 LR70.826,genuina,coinciden,0,,1,0,1,1,1,1
AR(1) .5,1,37,2,1,—,,—,∇^3 θ̂+1.0000 LR-0.000,cancela,θ̂+1.0000 LR-0.000,cancelada,sin par,0,,1,0,0,1,1,1
AR(1) .5,1,39,0,1,SF,raíz,—,∇^1 θ̂-0.0805 LR59.906,genuina,—,,—,1,ruido blanco (Q): p mínimo = 0.0000,0,0,1,1,1,1
AR(1) .5,1,39,1,1,SF,estac.,—,∇^2 θ̂+0.9786 LR0.129,cancela,θ̂-0.0805 LR59.906,genuina,coinciden,0,,1,0,1,1,1,1
AR(1) .5,1,39,2,1,—,,—,∇^3 θ̂+1.0000 LR-0.000,cancela,θ̂+0.9786 LR0.129,cancelada,sin par,0,,1,0,0,1,1,1
AR(1) .5,1,41,0,1,SF,raíz,—,∇^1 θ̂-0.1930 LR62.667,genuina,—,,—,1,ruido blanco (Q): p mínimo = 0.0000; media residual distinta,0,0,1,1,1,1
AR(1) .5,1,41,1,1,SF,estac.,—,∇^2 θ̂+1.0000 LR-0.000,cancela,θ̂-0.1930 LR62.667,genuina,coinciden,0,,1,0,1,1,1,1
AR(1) .5,1,41,2,1,—,,—,∇^3 θ̂+1.0000 LR0.000,cancela,θ̂+1.0000 LR-0.000,cancelada,sin par,0,,1,0,0,1,1,1
AR(1) .5,1,40,0,1,SF,raíz,—,∇^1 θ̂-0.1009 LR63.662,genuina,—,,—,1,ruido blanco (Q): p mínimo = 0.0000; media residual distinta,0,0,1,1,1,1
AR(1) .5,1,40,1,1,SF,estac.,—,∇^2 θ̂+1.0000 LR-0.000,cancela,θ̂-0.1009 LR63.662,genuina,coinciden,0,,1,0,1,1,1,1
AR(1) .5,1,40,2,1,—,,—,∇^3 θ̂+1.0000 LR0.000,cancela,θ̂+1.0000 LR-0.000,cancelada,sin par,0,,1,0,0,1,1,1
AR(1) .5,1,42,0,1,SF,raíz,—,∇^1 θ̂+0.0043 LR39.855,genuina,—,,coinciden,1,ruido blanco (Q): p mínimo = 0.0000,0,0,0,1,0,1
AR(1) .5,1,42,1,1,SF,estac.,—,∇^2 θ̂+1.0000 LR-0.000,cancela,θ̂+0.0043 LR39.855,genuina,coinciden,0,,1,0,0,1,0,1
AR(1) .5,1,42,2,1,—,,—,∇^3 θ̂+1.0000 LR0.000,cancela,θ̂+1.0000 LR-0.000,cancelada,sin par,1,ruido blanco (Q): p mínimo = 0.0192,0,0,0,1,0,1
AR(1) .5,1,43,0,1,SF,raíz,—,∇^1 θ̂-0.3298 LR30.792,genuina,—,,—,1,ruido blanco (Q): p mínimo = 0.0000; normalidad (JB): 16.662,0,0,1,1,1,1
AR(1) .5,1,43,1,1,SF,estac.,—,∇^2 θ̂+1.0000 LR-0.000,cancela,θ̂-0.3298 LR30.792,genuina,coinciden,1,ruido blanco (Q): p mínimo = 0.0027,0,0,1,1,1,1
AR(1) .5,1,43,2,1,—,,—,∇^3 θ̂+1.0000 LR-0.000,cancela,θ̂+1.0000 LR-0.000,cancelada,sin par,1,ruido blanco (Q): p mínimo = 0.0000,0,0,0,1,1,1
AR(1) .5,1,45,0,1,SF,raíz,—,∇^1 θ̂+0.1297 LR67.462,genuina,—,,coinciden,1,ruido blanco (Q): p mínimo = 0.0000,0,0,0,1,1,1
AR(1) .5,1,45,1,1,SF,estac.,—,∇^2 θ̂+1.0000 LR0.000,cancela,θ̂+0.1297 LR67.462,genuina,coinciden,0,,1,0,0,1,1,1
AR(1) .5,1,45,2,1,—,,—,∇^3 θ̂+1.0000 LR0.000,cancela,θ̂+1.0000 LR0.000,cancelada,sin par,0,,1,0,0,1,1,1
AR(1) .5,1,44,0,1,SF,raíz,—,∇^1 θ̂+0.0615 LR82.395,genuina,—,,coinciden,1,ruido blanco (Q): p mínimo = 0.0000,0,0,0,1,1,1
AR(1) .5,1,44,1,1,SF,estac.,—,∇^2 θ̂+1.0000 LR0.000,cancela,θ̂+0.0615 LR82.395,genuina,coinciden,0,,1,0,0,1,1,1
AR(1) .5,1,44,2,1,—,,—,∇^3 θ̂+1.0000 LR0.000,cancela,θ̂+1.0000 LR-0.000,cancelada,sin par,1,ruido blanco (Q): p mínimo = 0.0039,0,0,0,1,1,1
AR(1) .5,1,46,0,1,SF,raíz,—,∇^1 θ̂+0.1707 LR65.505,genuina,—,,coinciden,1,ruido blanco (Q): p mínimo = 0.0000; media residual distinta,0,0,0,1,1,0
AR(1) .5,1,46,1,1,SF,estac.,—,∇^2 θ̂+1.0000 LR0.000,cancela,θ̂+0.1707 LR65.505,genuina,coinciden,0,,1,0,0,1,1,0
AR(1) .5,1,46,2,1,—,,—,∇^3 θ̂+1.0000 LR-0.000,cancela,θ̂+1.0000 LR0.000,cancelada,sin par,1,"normalidad (JB): 6.495, p = 0.0389",0,0,0,1,1,0
AR(1) .5,1,47,0,1,SF,raíz,—,∇^1 θ̂+0.0212 LR38.660,genuina,—,,coinciden,1,ruido blanco (Q): p mínimo = 0.0000; normalidad (JB): 13.901,0,0,0,1,1,1
AR(1) .5,1,47,1,1,SF,estac.,—,∇^2 θ̂+1.0000 LR-0.000,cancela,θ̂+0.0212 LR38.660,genuina,coinciden,0,,1,0,0,1,1,1
AR(1) .5,1,47,2,1,—,,—,∇^3 θ̂+1.0000 LR-0.000,cancela,θ̂+1.0000 LR-0.000,cancelada,sin par,0,,1,0,0,1,1,1
AR(1) .5,1,48,0,1,SF,raíz,—,∇^1 θ̂-0.1690 LR60.872,genuina,—,,—,1,ruido blanco (Q): p mínimo = 0.0000,0,0,1,1,1,1
AR(1) .5,1,48,1,1,SF,estac.,—,∇^2 θ̂+1.0000 LR0.000,cancela,θ̂-0.1690 LR60.872,genuina,coinciden,1,ruido blanco (Q): p mínimo = 0.0002,0,0,1,1,1,1
AR(1) .5,1,48,2,1,—,,—,∇^3 θ̂+1.0000 LR0.000,cancela,θ̂+1.0000 LR0.000,cancelada,sin par,1,ruido blanco (Q): p mínimo = 0.0000,0,0,0,1,1,1
AR(1) .5,1,49,0,1,SF,raíz,—,∇^1 θ̂+0.0928 LR40.541,genuina,—,,coinciden,1,ruido blanco (Q): p mínimo = 0.0000,0,0,0,1,1,1
AR(1) .5,1,49,1,1,SF,estac.,—,∇^2 θ̂+0.9869 LR0.310,cancela,θ̂+0.0928 LR40.541,genuina,coinciden,0,,1,0,0,1,1,1
AR(1) .5,1,49,2,1,—,,—,∇^3 θ̂+1.0000 LR-0.000,cancela,θ̂+0.9869 LR0.310,cancelada,sin par,0,,1,0,0,1,1,1
MA(1) .5,1,0,0,1,—,,sí,∇^1 θ̂+0.5153 LR523.535,,—,,sin par,1,ruido blanco (Q): p mínimo = 0.0000; normalidad (JB): 13.607,0,0,0,1,1,1
MA(1) .5,1,0,1,1,—,,sí,∇^2 θ̂+1.0000 LR-0.000,cancela,θ̂+0.5153 LR523.535,genuina,sin par,0,,1,0,0,1,1,1
MA(1) .5,1,0,2,1,—,,sí,∇^3 θ̂+1.0000 LR-0.000,cancela,θ̂+1.0000 LR0.000,cancelada,sin par,1,ruido blanco (Q): p mínimo = 0.0000,0,0,0,1,1,1
MA(1) .5,1,1,0,1,—,,sí,∇^1 θ̂-0.0001 LR725.501,,—,,sin par,1,ruido blanco (Q): p mínimo = 0.0000; normalidad (JB): 12.230,0,0,1,1,1,1
MA(1) .5,1,1,1,1,—,,sí,∇^2 θ̂+1.0000 LR0.000,cancela,θ̂+0.4520 LR764.040,genuina,sin par,1,media residual distinta de cero: t = +2.42,0,0,0,1,1,1
MA(1) .5,1,1,2,1,—,,sí,∇^3 θ̂+1.0000 LR0.000,cancela,θ̂+1.0000 LR0.000,cancelada,sin par,1,ruido blanco (Q): p mínimo = 0.0002,0,0,0,1,1,1
MA(1) .5,1,2,0,1,—,,sí,∇^1 θ̂+0.5429 LR375.314,,—,,sin par,1,"ruido blanco (Q): p mínimo = 0.0000; normalidad (JB): 6.633,",0,0,0,1,1,1
MA(1) .5,1,2,1,1,—,,sí,∇^2 θ̂+1.0000 LR-0.000,cancela,θ̂+0.5429 LR375.314,genuina,sin par,0,,1,0,0,1,1,1
MA(1) .5,1,2,2,1,—,,sí,∇^3 θ̂+1.0000 LR0.000,cancela,θ̂+1.0000 LR0.000,cancelada,sin par,1,ruido blanco (Q): p mínimo = 0.0000,0,0,0,1,1,1
MA(1) .5,1,3,0,1,—,,sí,∇^1 θ̂-0.0001 LR682.322,,—,,sin par,1,ruido blanco (Q): p mínimo = 0.0000; normalidad (JB): 11.934,0,0,1,1,1,1
MA(1) .5,1,3,1,1,—,,sí,∇^2 θ̂+1.0000 LR-0.000,cancela,θ̂+0.4239 LR715.209,genuina,sin par,1,estacionalidad en los residuos (p = 0.0489),0,0,0,1,1,1
MA(1) .5,1,3,2,1,—,,sí,∇^3 θ̂+1.0000 LR-0.000,cancela,θ̂+1.0000 LR0.000,cancelada,sin par,1,ruido blanco (Q): p mínimo = 0.0000; estacionalidad en los r,0,0,0,1,1,1
MA(1) .5,1,4,0,1,—,,sí,∇^1 θ̂+0.6518 LR597.923,,—,,sin par,1,ruido blanco (Q): p mínimo = 0.0000; normalidad (JB): 11.649,0,0,0,1,1,1
MA(1) .5,1,4,1,1,—,,sí,∇^2 θ̂+1.0000 LR-0.000,cancela,θ̂+0.6518 LR597.923,genuina,sin par,1,media residual distinta de cero: t = +2.10,0,0,0,1,1,1
MA(1) .5,1,4,2,1,—,,sí,∇^3 θ̂+1.0000 LR0.000,cancela,θ̂+1.0000 LR0.000,cancelada,sin par,1,"ruido blanco (Q): p mínimo = 0.0000; normalidad (JB): 9.876,",0,0,0,1,1,1
MA(1) .5,1,5,0,1,—,,sí,∇^1 θ̂+0.5153 LR626.553,,—,,sin par,1,ruido blanco (Q): p mínimo = 0.0000; normalidad (JB): 13.562,0,0,0,1,1,1
MA(1) .5,1,5,1,1,—,,sí,∇^2 θ̂+1.0000 LR-0.000,cancela,θ̂+0.5153 LR626.553,genuina,sin par,0,,1,0,0,1,1,1
MA(1) .5,1,5,2,1,—,,sí,∇^3 θ̂+1.0000 LR0.000,cancela,θ̂+1.0000 LR0.000,cancelada,sin par,1,ruido blanco (Q): p mínimo = 0.0000,0,0,0,1,1,1
MA(1) .5,1,7,0,1,—,,sí,∇^1 θ̂+0.5200 LR314.406,,—,,sin par,1,ruido blanco (Q): p mínimo = 0.0000; normalidad (JB): 11.169,0,0,0,0,1,1
MA(1) .5,1,7,1,1,—,,sí,∇^2 θ̂+1.0000 LR-0.000,cancela,θ̂+0.5200 LR314.406,genuina,sin par,0,,1,0,0,0,1,1
MA(1) .5,1,7,2,1,—,,sí,∇^3 θ̂+1.0000 LR0.000,cancela,θ̂+1.0000 LR0.000,cancelada,sin par,1,ruido blanco (Q): p mínimo = 0.0001,0,0,0,0,1,1
MA(1) .5,1,6,0,1,—,,sí,∇^1 θ̂+0.5102 LR380.532,,—,,sin par,1,ruido blanco (Q): p mínimo = 0.0000,0,0,0,1,1,1
MA(1) .5,1,6,1,1,—,,sí,∇^2 θ̂+1.0000 LR-0.000,cancela,θ̂+0.5102 LR380.532,genuina,sin par,0,,1,0,0,1,1,1
MA(1) .5,1,6,2,1,—,,sí,∇^3 θ̂+1.0000 LR0.000,cancela,θ̂+1.0000 LR0.000,cancelada,sin par,1,ruido blanco (Q): p mínimo = 0.0000,0,0,0,1,1,1
MA(1) .5,1,8,0,1,—,,sí,∇^1 θ̂+0.5468 LR246.660,,—,,sin par,1,ruido blanco (Q): p mínimo = 0.0000,0,0,0,1,1,1
MA(1) .5,1,8,1,1,—,,sí,∇^2 θ̂+1.0000 LR0.000,cancela,θ̂+0.5468 LR246.660,genuina,sin par,0,,1,0,0,1,1,1
MA(1) .5,1,8,2,1,—,,sí,∇^3 θ̂+1.0000 LR0.000,cancela,θ̂+1.0000 LR0.000,cancelada,sin par,1,ruido blanco (Q): p mínimo = 0.0000,0,0,0,1,1,1
MA(1) .5,1,9,0,1,—,,sí,∇^1 θ̂+0.4707 LR458.949,,—,,sin par,1,ruido blanco (Q): p mínimo = 0.0000; normalidad (JB): 30.836,0,0,0,1,1,1
MA(1) .5,1,9,1,1,—,,sí,∇^2 θ̂+1.0000 LR0.000,cancela,θ̂+0.4707 LR458.949,genuina,sin par,0,,1,0,0,1,1,1
MA(1) .5,1,9,2,1,—,,sí,∇^3 θ̂+1.0000 LR-0.000,cancela,θ̂+1.0000 LR0.000,cancelada,sin par,1,ruido blanco (Q): p mínimo = 0.0000,0,0,0,1,1,1
MA(1) .5,1,11,0,1,—,,sí,∇^1 θ̂+0.5807 LR293.321,,—,,sin par,1,ruido blanco (Q): p mínimo = 0.0000,0,0,0,1,1,1
MA(1) .5,1,11,1,1,—,,sí,∇^2 θ̂+1.0000 LR-0.000,cancela,θ̂+0.5807 LR293.321,genuina,sin par,0,,1,0,0,1,1,1
MA(1) .5,1,11,2,1,—,,sí,∇^3 θ̂+1.0000 LR0.000,cancela,θ̂+1.0000 LR0.000,cancelada,sin par,1,ruido blanco (Q): p mínimo = 0.0000,0,0,0,1,1,1
MA(1) .5,1,10,0,1,—,,sí,∇^1 θ̂+0.4790 LR279.980,,—,,sin par,1,ruido blanco (Q): p mínimo = 0.0000; normalidad (JB): 11.595,0,0,0,0,1,1
MA(1) .5,1,10,1,1,—,,sí,∇^2 θ̂+1.0000 LR-0.000,cancela,θ̂+0.4790 LR279.980,genuina,sin par,0,,1,0,0,0,1,1
MA(1) .5,1,10,2,1,—,,sí,∇^3 θ̂+1.0000 LR0.000,cancela,θ̂+1.0000 LR0.000,cancelada,sin par,1,ruido blanco (Q): p mínimo = 0.0000,0,0,0,0,1,1
MA(1) .5,1,12,0,1,—,,sí,∇^1 θ̂+0.4141 LR589.601,,—,,sin par,1,ruido blanco (Q): p mínimo = 0.0000,0,0,0,1,1,0
MA(1) .5,1,12,1,1,—,,sí,∇^2 θ̂+1.0000 LR-0.000,cancela,θ̂+0.4141 LR589.601,genuina,sin par,0,,1,0,0,1,1,0
MA(1) .5,1,12,2,1,—,,sí,∇^3 θ̂+1.0000 LR0.000,cancela,θ̂+1.0000 LR0.000,cancelada,sin par,1,ruido blanco (Q): p mínimo = 0.0001,0,0,0,1,1,0
MA(1) .5,1,13,0,1,—,,sí,∇^1 θ̂+0.5616 LR284.519,,—,,sin par,1,ruido blanco (Q): p mínimo = 0.0000,0,0,0,1,1,1
MA(1) .5,1,13,1,1,—,,sí,∇^2 θ̂+1.0000 LR0.000,cancela,θ̂+0.5616 LR284.519,genuina,sin par,0,,1,0,0,1,1,1
MA(1) .5,1,13,2,1,—,,sí,∇^3 θ̂+1.0000 LR0.000,cancela,θ̂+1.0000 LR0.000,cancelada,sin par,1,ruido blanco (Q): p mínimo = 0.0000,0,0,0,1,1,1
MA(1) .5,1,16,0,1,—,,sí,∇^1 θ̂+0.4943 LR338.802,,—,,sin par,1,"ruido blanco (Q): p mínimo = 0.0000; normalidad (JB): 7.614,",0,0,0,1,1,1
MA(1) .5,1,16,1,1,—,,sí,∇^2 θ̂+1.0000 LR0.000,cancela,θ̂+0.4943 LR338.802,genuina,sin par,0,,1,0,0,1,1,1
MA(1) .5,1,16,2,1,—,,sí,∇^3 θ̂+1.0000 LR0.000,cancela,θ̂+1.0000 LR0.000,cancelada,sin par,1,ruido blanco (Q): p mínimo = 0.0000,0,0,0,1,1,1
MA(1) .5,1,14,0,1,—,,sí,∇^1 θ̂+0.5033 LR386.449,,—,,sin par,1,"ruido blanco (Q): p mínimo = 0.0000; normalidad (JB): 7.381,",0,0,0,0,1,1
MA(1) .5,1,14,1,1,—,,sí,∇^2 θ̂+1.0000 LR0.000,cancela,θ̂+0.5033 LR386.449,genuina,sin par,1,ruido blanco (Q): p mínimo = 0.0424,0,0,0,0,1,1
MA(1) .5,1,14,2,1,—,,sí,∇^3 θ̂+1.0000 LR0.000,cancela,θ̂+1.0000 LR0.000,cancelada,sin par,1,ruido blanco (Q): p mínimo = 0.0000; estacionalidad en los r,0,0,0,0,1,1
MA(1) .5,1,15,0,1,—,,sí,∇^1 θ̂+0.5227 LR650.943,,—,,sin par,1,ruido blanco (Q): p mínimo = 0.0000; normalidad (JB): 11.821,0,0,0,1,1,1
MA(1) .5,1,15,1,1,—,,sí,∇^2 θ̂+1.0000 LR0.000,cancela,θ̂+0.5227 LR650.943,genuina,sin par,0,,1,0,0,1,1,1
MA(1) .5,1,15,2,1,—,,sí,∇^3 θ̂+1.0000 LR0.000,cancela,θ̂+1.0000 LR0.000,cancelada,sin par,1,ruido blanco (Q): p mínimo = 0.0000,0,0,0,1,1,1
MA(1) .5,1,17,0,1,—,,sí,∇^1 θ̂+0.4850 LR541.233,,—,,sin par,1,"ruido blanco (Q): p mínimo = 0.0000; normalidad (JB): 6.561,",0,0,0,1,1,1
MA(1) .5,1,17,1,1,—,,sí,∇^2 θ̂+1.0000 LR0.000,cancela,θ̂+0.4850 LR541.233,genuina,sin par,0,,1,0,0,1,1,1
MA(1) .5,1,17,2,1,—,,sí,∇^3 θ̂+1.0000 LR0.000,cancela,θ̂+1.0000 LR0.000,cancelada,sin par,1,ruido blanco (Q): p mínimo = 0.0000,0,0,0,1,1,1
MA(1) .5,1,20,0,1,—,,sí,∇^1 θ̂+0.4676 LR366.331,,—,,sin par,1,ruido blanco (Q): p mínimo = 0.0000,0,0,0,1,1,1
MA(1) .5,1,20,1,1,—,,sí,∇^2 θ̂+1.0000 LR0.000,cancela,θ̂+0.4676 LR366.331,genuina,sin par,0,,1,0,0,1,1,1
MA(1) .5,1,20,2,1,—,,sí,∇^3 θ̂+1.0000 LR-0.000,cancela,θ̂+1.0000 LR0.000,cancelada,sin par,1,ruido blanco (Q): p mínimo = 0.0000,0,0,0,1,1,1
MA(1) .5,1,19,0,1,—,,sí,∇^1 θ̂+0.4322 LR413.914,,—,,sin par,1,ruido blanco (Q): p mínimo = 0.0000; normalidad (JB): 27.129,0,0,0,1,1,0
MA(1) .5,1,19,1,1,—,,sí,∇^2 θ̂+1.0000 LR-0.000,cancela,θ̂+0.4322 LR413.914,genuina,sin par,0,,1,0,0,1,1,0
MA(1) .5,1,19,2,1,—,,sí,∇^3 θ̂+1.0000 LR0.000,cancela,θ̂+1.0000 LR0.000,cancelada,sin par,1,ruido blanco (Q): p mínimo = 0.0006,0,0,0,1,1,0
MA(1) .5,1,18,0,1,—,,sí,∇^1 θ̂+0.4974 LR474.431,,—,,sin par,1,ruido blanco (Q): p mínimo = 0.0000,0,0,0,1,1,0
MA(1) .5,1,18,1,1,—,,sí,∇^2 θ̂+1.0000 LR-0.000,cancela,θ̂+0.4974 LR474.431,genuina,sin par,0,,1,0,0,1,1,0
MA(1) .5,1,18,2,1,—,,sí,∇^3 θ̂+1.0000 LR0.000,cancela,θ̂+1.0000 LR0.000,cancelada,sin par,1,ruido blanco (Q): p mínimo = 0.0000,0,0,0,1,1,0
MA(1) .5,1,21,0,1,—,,sí,∇^1 θ̂+0.5136 LR263.219,,—,,sin par,1,ruido blanco (Q): p mínimo = 0.0000,0,0,0,1,1,1
MA(1) .5,1,21,1,1,—,,sí,∇^2 θ̂+1.0000 LR0.000,cancela,θ̂+0.5136 LR263.219,genuina,sin par,0,,1,0,0,1,1,1
MA(1) .5,1,21,2,1,—,,sí,∇^3 θ̂+1.0000 LR0.000,cancela,θ̂+1.0000 LR0.000,cancelada,sin par,1,ruido blanco (Q): p mínimo = 0.0000,0,0,0,1,1,1
MA(1) .5,1,22,0,1,—,,sí,∇^1 θ̂-0.0001 LR323.844,,—,,sin par,1,ruido blanco (Q): p mínimo = 0.0000; normalidad (JB): 12.801,0,0,1,1,0,1
MA(1) .5,1,22,1,1,—,,sí,∇^2 θ̂+1.0000 LR0.000,cancela,θ̂+0.3015 LR337.670,genuina,sin par,0,,1,0,0,1,0,1
MA(1) .5,1,22,2,1,—,,sí,∇^3 θ̂+1.0000 LR-0.000,cancela,θ̂+1.0000 LR0.000,cancelada,sin par,1,ruido blanco (Q): p mínimo = 0.0019,0,0,0,1,0,1
MA(1) .5,1,23,0,1,—,,sí,∇^1 θ̂+0.5545 LR334.030,,—,,sin par,1,"ruido blanco (Q): p mínimo = 0.0000; normalidad (JB): 6.456,",0,0,0,1,1,1
MA(1) .5,1,23,1,1,—,,sí,∇^2 θ̂+1.0000 LR0.000,cancela,θ̂+0.5545 LR334.030,genuina,sin par,0,,1,0,0,1,1,1
MA(1) .5,1,23,2,1,—,,sí,∇^3 θ̂+1.0000 LR0.000,cancela,θ̂+1.0000 LR0.000,cancelada,sin par,1,ruido blanco (Q): p mínimo = 0.0000,0,0,0,1,1,1
MA(1) .5,1,24,0,1,—,,sí,∇^1 θ̂+0.4796 LR341.676,,—,,sin par,1,ruido blanco (Q): p mínimo = 0.0000,0,0,0,1,1,1
MA(1) .5,1,24,1,1,—,,sí,∇^2 θ̂+1.0000 LR-0.000,cancela,θ̂+0.4796 LR341.676,genuina,sin par,0,,1,0,0,1,1,1
MA(1) .5,1,24,2,1,—,,sí,∇^3 θ̂+1.0000 LR-0.000,cancela,θ̂+1.0000 LR0.000,cancelada,sin par,1,ruido blanco (Q): p mínimo = 0.0001,0,0,0,1,1,1
MA(1) .5,1,25,0,1,—,,sí,∇^1 θ̂+0.5411 LR340.307,,—,,sin par,1,ruido blanco (Q): p mínimo = 0.0000,0,0,0,1,1,1
MA(1) .5,1,25,1,1,—,,sí,∇^2 θ̂+1.0000 LR0.000,cancela,θ̂+0.5411 LR340.307,genuina,sin par,0,,1,0,0,1,1,1
MA(1) .5,1,25,2,1,—,,sí,∇^3 θ̂+1.0000 LR0.000,cancela,θ̂+1.0000 LR0.000,cancelada,sin par,1,ruido blanco (Q): p mínimo = 0.0000,0,0,0,1,1,1
MA(1) .5,1,28,0,1,—,,sí,∇^1 θ̂-0.0001 LR491.055,,—,,sin par,1,ruido blanco (Q): p mínimo = 0.0000,0,0,1,1,1,1
MA(1) .5,1,28,1,1,—,,sí,∇^2 θ̂+1.0000 LR0.000,cancela,θ̂+0.3701 LR509.081,genuina,sin par,0,,1,0,0,1,1,1
MA(1) .5,1,28,2,1,—,,sí,∇^3 θ̂+1.0000 LR0.000,cancela,θ̂+1.0000 LR0.000,cancelada,sin par,0,,0,0,0,1,1,1
MA(1) .5,1,26,0,1,—,,sí,∇^1 θ̂+0.5228 LR664.306,,—,,sin par,1,"ruido blanco (Q): p mínimo = 0.0000; normalidad (JB): 8.390,",0,0,0,1,1,1
MA(1) .5,1,26,1,1,—,,sí,∇^2 θ̂+1.0000 LR0.000,cancela,θ̂+0.5228 LR664.306,genuina,sin par,1,media residual distinta de cero: t = +2.26,0,0,0,1,1,1
MA(1) .5,1,26,2,1,—,,sí,∇^3 θ̂+1.0000 LR-0.000,cancela,θ̂+1.0000 LR0.000,cancelada,sin par,1,ruido blanco (Q): p mínimo = 0.0000,0,0,0,1,1,1
MA(1) .5,1,27,0,1,—,,sí,∇^1 θ̂-0.0001 LR491.938,,—,,sin par,1,ruido blanco (Q): p mínimo = 0.0000; normalidad (JB): 12.260,0,0,1,1,1,1
MA(1) .5,1,27,1,1,—,,sí,∇^2 θ̂+1.0000 LR-0.000,cancela,θ̂+0.3984 LR517.116,genuina,sin par,1,"normalidad (JB): 7.076, p = 0.0291",0,0,0,1,1,1
MA(1) .5,1,27,2,1,—,,sí,∇^3 θ̂+1.0000 LR-0.000,cancela,θ̂+1.0000 LR0.000,cancelada,sin par,1,"ruido blanco (Q): p mínimo = 0.0040; normalidad (JB): 7.615,",0,0,0,1,1,1
MA(1) .5,1,29,0,1,—,,sí,∇^1 θ̂+0.7081 LR247.999,,—,,sin par,1,ruido blanco (Q): p mínimo = 0.0000,0,0,0,1,1,1
MA(1) .5,1,29,1,1,—,,sí,∇^2 θ̂+1.0000 LR0.000,cancela,θ̂+0.7081 LR247.999,genuina,sin par,0,,1,0,0,1,1,1
MA(1) .5,1,29,2,1,—,,sí,∇^3 θ̂+1.0000 LR0.000,cancela,θ̂+1.0000 LR0.000,cancelada,sin par,1,ruido blanco (Q): p mínimo = 0.0000,0,0,0,1,1,1
MA(1) .5,1,31,0,1,—,,sí,∇^1 θ̂+0.4387 LR286.377,,—,,sin par,1,ruido blanco (Q): p mínimo = 0.0000,0,0,0,1,1,1
MA(1) .5,1,31,1,1,—,,sí,∇^2 θ̂+1.0000 LR0.000,cancela,θ̂+0.4387 LR286.377,genuina,sin par,0,,1,0,0,1,1,1
MA(1) .5,1,31,2,1,—,,sí,∇^3 θ̂+1.0000 LR0.000,cancela,θ̂+1.0000 LR0.000,cancelada,sin par,1,ruido blanco (Q): p mínimo = 0.0000,0,0,0,1,1,1
MA(1) .5,1,30,0,1,—,,sí,∇^1 θ̂+0.5550 LR337.256,,—,,sin par,1,ruido blanco (Q): p mínimo = 0.0000,0,0,0,1,1,1
MA(1) .5,1,30,1,1,—,,sí,∇^2 θ̂+1.0000 LR-0.000,cancela,θ̂+0.5550 LR337.256,genuina,sin par,1,"normalidad (JB): 6.109, p = 0.0472",0,0,0,1,1,1
MA(1) .5,1,30,2,1,—,,sí,∇^3 θ̂+1.0000 LR0.000,cancela,θ̂+1.0000 LR0.000,cancelada,sin par,1,ruido blanco (Q): p mínimo = 0.0000,0,0,0,1,1,1
MA(1) .5,1,32,0,1,—,,sí,∇^1 θ̂+0.4713 LR241.479,,—,,sin par,1,ruido blanco (Q): p mínimo = 0.0000; normalidad (JB): 13.815,0,0,0,1,1,1
MA(1) .5,1,32,1,1,—,,sí,∇^2 θ̂+1.0000 LR0.000,cancela,θ̂+0.4713 LR241.479,genuina,sin par,1,"normalidad (JB): 13.103, p = 0.0014",0,0,0,1,1,1
MA(1) .5,1,32,2,1,—,,sí,∇^3 θ̂+1.0000 LR0.000,cancela,θ̂+1.0000 LR0.000,cancelada,sin par,1,ruido blanco (Q): p mínimo = 0.0005,0,0,0,1,1,1
MA(1) .5,1,33,0,1,—,,sí,∇^1 θ̂+0.4515 LR296.664,,—,,sin par,1,ruido blanco (Q): p mínimo = 0.0000,0,0,0,1,1,1
MA(1) .5,1,33,1,1,—,,sí,∇^2 θ̂+1.0000 LR0.000,cancela,θ̂+0.4515 LR296.664,genuina,sin par,1,ruido blanco (Q): p mínimo = 0.0107,0,0,0,1,1,1
MA(1) .5,1,33,2,1,—,,sí,∇^3 θ̂+1.0000 LR0.000,cancela,θ̂+1.0000 LR0.000,cancelada,sin par,1,ruido blanco (Q): p mínimo = 0.0000,0,0,0,1,1,1
MA(1) .5,1,34,0,1,—,,sí,∇^1 θ̂+0.5330 LR406.449,,—,,sin par,1,ruido blanco (Q): p mínimo = 0.0000,0,0,0,1,1,1
MA(1) .5,1,34,1,1,—,,sí,∇^2 θ̂+1.0000 LR0.000,cancela,θ̂+0.5330 LR406.449,genuina,sin par,0,,1,0,0,1,1,1
MA(1) .5,1,34,2,1,—,,sí,∇^3 θ̂+1.0000 LR0.000,cancela,θ̂+1.0000 LR0.000,cancelada,sin par,1,ruido blanco (Q): p mínimo = 0.0000,0,0,0,1,1,1
MA(1) .5,1,35,0,1,—,,sí,∇^1 θ̂+0.5454 LR389.281,,—,,sin par,1,ruido blanco (Q): p mínimo = 0.0000,0,0,0,1,1,1
MA(1) .5,1,35,1,1,—,,sí,∇^2 θ̂+1.0000 LR-0.000,cancela,θ̂+0.5454 LR389.281,genuina,sin par,0,,1,0,0,1,1,1
MA(1) .5,1,35,2,1,—,,sí,∇^3 θ̂+1.0000 LR0.000,cancela,θ̂+1.0000 LR0.000,cancelada,sin par,1,ruido blanco (Q): p mínimo = 0.0000,0,0,0,1,1,1
MA(1) .5,1,36,0,1,—,,sí,∇^1 θ̂+0.4899 LR255.331,,—,,sin par,1,ruido blanco (Q): p mínimo = 0.0000,0,0,0,0,0,1
MA(1) .5,1,36,1,1,—,,sí,∇^2 θ̂+1.0000 LR-0.000,cancela,θ̂+0.4899 LR255.331,genuina,sin par,1,"normalidad (JB): 7.403, p = 0.0247",0,0,0,0,0,1
MA(1) .5,1,36,2,1,—,,sí,∇^3 θ̂+1.0000 LR-0.000,cancela,θ̂+1.0000 LR0.000,cancelada,sin par,1,ruido blanco (Q): p mínimo = 0.0000,0,0,0,0,0,1
MA(1) .5,1,37,0,1,—,,sí,∇^1 θ̂-0.0001 LR282.699,,—,,sin par,1,ruido blanco (Q): p mínimo = 0.0000; normalidad (JB): 31.412,0,0,1,1,0,1
MA(1) .5,1,37,1,1,—,,sí,∇^2 θ̂+1.0000 LR0.000,cancela,θ̂+0.4416 LR317.776,genuina,sin par,0,,1,0,0,1,0,1
MA(1) .5,1,37,2,1,—,,sí,∇^3 θ̂+1.0000 LR-0.000,cancela,θ̂+1.0000 LR0.000,cancelada,sin par,1,ruido blanco (Q): p mínimo = 0.0000,0,0,0,1,0,1
MA(1) .5,1,39,0,1,—,,sí,∇^1 θ̂-0.0001 LR599.161,,—,,sin par,1,"ruido blanco (Q): p mínimo = 0.0000; normalidad (JB): 8.867,",0,0,1,1,1,1
MA(1) .5,1,39,1,1,—,,sí,∇^2 θ̂+1.0000 LR0.000,cancela,θ̂+0.4330 LR639.184,genuina,sin par,0,,1,0,0,1,1,1
MA(1) .5,1,39,2,1,—,,sí,∇^3 θ̂+1.0000 LR0.000,cancela,θ̂+1.0000 LR0.000,cancelada,sin par,1,ruido blanco (Q): p mínimo = 0.0000,0,0,0,1,1,1
MA(1) .5,1,38,0,1,—,,sí,∇^1 θ̂-0.0001 LR395.355,,—,,sin par,1,ruido blanco (Q): p mínimo = 0.0000,0,0,1,1,1,1
MA(1) .5,1,38,1,1,—,,sí,∇^2 θ̂+1.0000 LR0.000,cancela,θ̂+0.3868 LR421.935,genuina,sin par,0,,1,0,0,1,1,1
MA(1) .5,1,38,2,1,—,,sí,∇^3 θ̂+1.0000 LR-0.000,cancela,θ̂+1.0000 LR0.000,cancelada,sin par,1,ruido blanco (Q): p mínimo = 0.0078,0,0,0,1,1,1
MA(1) .5,1,40,0,1,—,,sí,∇^1 θ̂+0.5482 LR471.165,,—,,sin par,1,ruido blanco (Q): p mínimo = 0.0000,0,0,0,1,1,1
MA(1) .5,1,40,1,1,—,,sí,∇^2 θ̂+1.0000 LR-0.000,cancela,θ̂+0.5482 LR471.165,genuina,sin par,0,,1,0,0,1,1,1
MA(1) .5,1,40,2,1,—,,sí,∇^3 θ̂+1.0000 LR0.000,cancela,θ̂+1.0000 LR0.000,cancelada,sin par,1,ruido blanco (Q): p mínimo = 0.0000,0,0,0,1,1,1
MA(1) .5,1,41,0,1,—,,sí,∇^1 θ̂+0.6297 LR92.198,,—,,sin par,1,ruido blanco (Q): p mínimo = 0.0000,0,0,0,0,1,0
MA(1) .5,1,41,1,1,—,,sí,∇^2 θ̂+1.0000 LR0.000,cancela,θ̂+0.6297 LR92.198,genuina,sin par,0,,1,0,0,0,1,0
MA(1) .5,1,41,2,1,—,,sí,∇^3 θ̂+1.0000 LR0.000,cancela,θ̂+1.0000 LR0.000,cancelada,sin par,1,ruido blanco (Q): p mínimo = 0.0000,0,0,0,0,1,0
MA(1) .5,1,42,0,1,—,,sí,∇^1 θ̂+0.4738 LR337.969,,—,,sin par,1,ruido blanco (Q): p mínimo = 0.0000,0,0,0,1,1,1
MA(1) .5,1,42,1,1,—,,sí,∇^2 θ̂+1.0000 LR0.000,cancela,θ̂+0.4738 LR337.969,genuina,sin par,0,,1,0,0,1,1,1
MA(1) .5,1,42,2,1,—,,sí,∇^3 θ̂+1.0000 LR0.000,cancela,θ̂+1.0000 LR0.000,cancelada,sin par,1,ruido blanco (Q): p mínimo = 0.0002,0,0,0,1,1,1
MA(1) .5,1,43,0,1,—,,sí,∇^1 θ̂+0.5182 LR230.472,,—,,sin par,1,ruido blanco (Q): p mínimo = 0.0000,0,0,0,1,1,1
MA(1) .5,1,43,1,1,—,,sí,∇^2 θ̂+1.0000 LR0.000,cancela,θ̂+0.5182 LR230.472,genuina,sin par,0,,1,0,0,1,1,1
MA(1) .5,1,43,2,1,—,,sí,∇^3 θ̂+1.0000 LR0.000,cancela,θ̂+1.0000 LR0.000,cancelada,sin par,1,ruido blanco (Q): p mínimo = 0.0001,0,0,0,1,1,1
MA(1) .5,1,44,0,1,—,,sí,∇^1 θ̂+0.6901 LR478.756,,—,,sin par,1,"ruido blanco (Q): p mínimo = 0.0000; normalidad (JB): 7.378,",0,0,0,1,1,1
MA(1) .5,1,44,1,1,—,,sí,∇^2 θ̂+1.0000 LR-0.000,cancela,θ̂+0.6901 LR478.756,genuina,sin par,1,media residual distinta de cero: t = +2.08,0,0,0,1,1,1
MA(1) .5,1,44,2,1,—,,sí,∇^3 θ̂+1.0000 LR0.000,cancela,θ̂+1.0000 LR0.000,cancelada,sin par,1,ruido blanco (Q): p mínimo = 0.0000,0,0,0,1,1,1
MA(1) .5,1,46,0,1,—,,sí,∇^1 θ̂+0.5160 LR153.524,,—,,sin par,1,ruido blanco (Q): p mínimo = 0.0000,0,0,0,0,1,0
MA(1) .5,1,46,1,1,—,,sí,∇^2 θ̂+1.0000 LR0.000,cancela,θ̂+0.5160 LR153.524,genuina,sin par,0,,1,0,0,0,1,0
MA(1) .5,1,46,2,1,—,,sí,∇^3 θ̂+1.0000 LR0.000,cancela,θ̂+1.0000 LR0.000,cancelada,sin par,1,ruido blanco (Q): p mínimo = 0.0000,0,0,0,0,1,0
MA(1) .5,1,45,0,1,—,,sí,∇^1 θ̂+0.4569 LR383.960,,—,,sin par,1,ruido blanco (Q): p mínimo = 0.0000,0,0,0,1,1,1
MA(1) .5,1,45,1,1,—,,sí,∇^2 θ̂+1.0000 LR0.000,cancela,θ̂+0.4569 LR383.960,genuina,sin par,0,,1,0,0,1,1,1
MA(1) .5,1,45,2,1,—,,sí,∇^3 θ̂+1.0000 LR0.000,cancela,θ̂+1.0000 LR0.000,cancelada,sin par,1,ruido blanco (Q): p mínimo = 0.0000,0,0,0,1,1,1
MA(1) .5,1,47,0,1,—,,sí,∇^1 θ̂+0.5965 LR208.961,,—,,sin par,1,ruido blanco (Q): p mínimo = 0.0000,0,0,0,1,1,1
MA(1) .5,1,47,1,1,—,,sí,∇^2 θ̂+1.0000 LR0.000,cancela,θ̂+0.5965 LR208.961,genuina,sin par,0,,1,0,0,1,1,1
MA(1) .5,1,47,2,1,—,,sí,∇^3 θ̂+1.0000 LR-0.000,cancela,θ̂+1.0000 LR0.000,cancelada,sin par,1,ruido blanco (Q): p mínimo = 0.0000,0,0,0,1,1,1
MA(1) .5,1,48,0,1,—,,sí,∇^1 θ̂-0.0001 LR414.986,,—,,sin par,1,ruido blanco (Q): p mínimo = 0.0000,0,0,1,1,1,1
MA(1) .5,1,48,1,1,—,,sí,∇^2 θ̂+1.0000 LR-0.000,cancela,θ̂+0.4543 LR461.815,genuina,sin par,0,,1,0,0,1,1,1
MA(1) .5,1,48,2,1,—,,sí,∇^3 θ̂+1.0000 LR0.000,cancela,θ̂+1.0000 LR0.000,cancelada,sin par,1,ruido blanco (Q): p mínimo = 0.0000,0,0,0,1,1,1
MA(1) .5,1,49,0,1,—,,sí,∇^1 θ̂+0.4838 LR364.550,,—,,sin par,1,ruido blanco (Q): p mínimo = 0.0000; normalidad (JB): 23.527,0,0,0,0,1,1
MA(1) .5,1,49,1,1,—,,sí,∇^2 θ̂+1.0000 LR0.000,cancela,θ̂+0.4838 LR364.550,genuina,sin par,0,,1,0,0,0,1,1
MA(1) .5,1,49,2,1,—,,sí,∇^3 θ̂+1.0000 LR0.000,cancela,θ̂+1.0000 LR0.000,cancelada,sin par,1,ruido blanco (Q): p mínimo = 0.0000,0,0,0,0,1,1
"ARMA(1,1) .6/.3",1,0,0,1,SF,raíz,sí,∇^1 θ̂+0.3039 LR10.449,genuina,—,,coinciden,0,,0,0,0,1,1,1
"ARMA(1,1) .6/.3",1,0,1,1,SF,estac.,sí,∇^2 θ̂+0.9981 LR0.000,cancela,θ̂+0.3039 LR10.449,genuina,coinciden,0,,1,0,0,1,1,1
"ARMA(1,1) .6/.3",1,0,2,1,SF,estac.,sí,∇^3 θ̂+1.0000 LR-0.000,cancela,θ̂+0.9981 LR0.000,cancelada,coinciden,0,,0,0,0,1,1,1
"ARMA(1,1) .6/.3",1,1,0,1,SF,raíz,sí,∇^1 θ̂+0.2758 LR36.566,genuina,—,,coinciden,0,,0,0,0,1,2,1
"ARMA(1,1) .6/.3",1,1,1,1,SF,estac.,sí,∇^2 θ̂+0.9393 LR3.775,genuina,θ̂+0.2758 LR36.566,genuina,discrepan,0,,0,0,0,1,2,1
"ARMA(1,1) .6/.3",1,1,2,1,SF,estac.,sí,∇^3 θ̂+1.0000 LR-0.000,cancela,θ̂+0.9393 LR3.775,genuina,coinciden,0,,1,0,0,1,2,1
"ARMA(1,1) .6/.3",1,2,0,1,SF,raíz,sí,∇^1 θ̂+0.4778 LR18.179,genuina,—,,coinciden,0,,0,0,0,1,1,1
"ARMA(1,1) .6/.3",1,2,1,1,SF,estac.,sí,∇^2 θ̂+1.0000 LR-0.000,cancela,θ̂+0.4778 LR18.179,genuina,coinciden,0,,1,0,0,1,1,1
"ARMA(1,1) .6/.3",1,2,2,1,SF,estac.,sí,∇^3 θ̂+1.0000 LR0.000,cancela,θ̂+1.0000 LR0.000,cancelada,coinciden,0,,0,0,0,1,1,1
"ARMA(1,1) .6/.3",1,3,0,1,SF,raíz,sí,∇^1 θ̂+0.4337 LR39.475,genuina,—,,coinciden,1,ruido blanco (Q): p mínimo = 0.0008,0,0,0,1,1,1
"ARMA(1,1) .6/.3",1,3,1,1,SF,estac.,sí,∇^2 θ̂+0.7809 LR-2.756,cancela,θ̂+0.4337 LR39.475,genuina,coinciden,0,,1,1,0,1,1,1
"ARMA(1,1) .6/.3",1,3,2,1,SF,estac.,sí,∇^3 θ̂+1.0000 LR0.000,cancela,θ̂+0.7809 LR-2.756,cancelada,coinciden,1,"normalidad (JB): 9.775, p = 0.0075",0,1,0,1,1,1
"ARMA(1,1) .6/.3",1,4,0,1,SF,raíz,sí,∇^1 θ̂+0.0542 LR30.234,genuina,—,,coinciden,0,,0,0,0,1,2,1
"ARMA(1,1) .6/.3",1,4,1,1,SF,estac.,sí,∇^2 θ̂+0.9750 LR1.201,cancela,θ̂+0.0542 LR30.234,genuina,coinciden,0,,1,0,0,1,2,1
"ARMA(1,1) .6/.3",1,4,2,1,SF,estac.,sí,∇^3 θ̂+1.0000 LR0.000,cancela,θ̂+0.9750 LR1.201,cancelada,coinciden,0,,0,0,0,1,2,1
"ARMA(1,1) .6/.3",1,6,0,1,SF,raíz,sí,∇^1 θ̂+0.3296 LR38.026,genuina,—,,coinciden,0,,0,0,0,1,2,1
"ARMA(1,1) .6/.3",1,6,1,1,SF,estac.,sí,∇^2 θ̂+0.9422 LR4.426,genuina,θ̂+0.3296 LR38.026,genuina,discrepan,0,,0,0,0,1,2,1
"ARMA(1,1) .6/.3",1,6,2,1,SF,estac.,sí,∇^3 θ̂+1.0000 LR-0.000,cancela,θ̂+0.9422 LR4.426,genuina,coinciden,0,,1,0,0,1,2,1
"ARMA(1,1) .6/.3",1,5,0,1,SF,raíz,sí,∇^1 θ̂+0.1483 LR29.255,genuina,—,,coinciden,0,,0,0,0,1,1,1
"ARMA(1,1) .6/.3",1,5,1,1,SF,estac.,sí,∇^2 θ̂+1.0000 LR-0.000,cancela,θ̂+0.1483 LR29.255,genuina,coinciden,0,,1,0,0,1,1,1
"ARMA(1,1) .6/.3",1,5,2,1,SF,estac.,sí,∇^3 θ̂+1.0000 LR0.000,cancela,θ̂+1.0000 LR0.000,cancelada,coinciden,0,,0,0,0,1,1,1
"ARMA(1,1) .6/.3",1,7,0,1,SF,raíz,sí,∇^1 θ̂+0.4237 LR33.466,genuina,—,,coinciden,1,ruido blanco (Q): p mínimo = 0.0138,0,0,0,1,1,1
"ARMA(1,1) .6/.3",1,7,1,1,SF,estac.,sí,∇^2 θ̂+0.9406 LR1.317,cancela,θ̂+0.4237 LR33.466,genuina,coinciden,0,,1,0,0,1,1,1
"ARMA(1,1) .6/.3",1,7,2,1,SF,estac.,sí,∇^3 θ̂+1.0000 LR-0.000,cancela,θ̂+0.9406 LR1.317,cancelada,coinciden,0,,0,0,0,1,1,1
"ARMA(1,1) .6/.3",1,8,0,1,SF,raíz,sí,∇^1 θ̂+0.4638 LR30.947,genuina,—,,coinciden,1,ruido blanco (Q): p mínimo = 0.0000,0,0,0,1,1,1
"ARMA(1,1) .6/.3",1,8,1,1,SF,estac.,sí,∇^2 θ̂+1.0000 LR-0.000,cancela,θ̂+0.4638 LR30.947,genuina,coinciden,0,,1,0,0,1,1,1
"ARMA(1,1) .6/.3",1,8,2,1,SF,estac.,sí,∇^3 θ̂+1.0000 LR-0.000,cancela,θ̂+0.8989 LR-0.924,cancelada,coinciden,0,,0,1,0,1,1,1
"ARMA(1,1) .6/.3",1,9,0,1,SF,raíz,sí,∇^1 θ̂+0.2778 LR33.182,genuina,—,,coinciden,1,ruido blanco (Q): p mínimo = 0.0000,0,0,0,0,1,1
"ARMA(1,1) .6/.3",1,9,1,1,SF,estac.,sí,∇^2 θ̂+0.9832 LR0.644,cancela,θ̂+0.2778 LR33.182,genuina,coinciden,1,ruido blanco (Q): p mínimo = 0.0125,0,0,0,0,1,1
"ARMA(1,1) .6/.3",1,9,2,1,SF,estac.,sí,∇^3 θ̂+1.0000 LR-0.000,cancela,θ̂+0.9832 LR0.644,cancelada,coinciden,1,ruido blanco (Q): p mínimo = 0.0019,0,0,0,0,1,1
"ARMA(1,1) .6/.3",1,10,0,1,SF,raíz,sí,∇^1 θ̂+0.5207 LR27.925,genuina,—,,coinciden,1,ruido blanco (Q): p mínimo = 0.0234,0,0,0,1,1,1
"ARMA(1,1) .6/.3",1,10,1,1,SF,estac.,sí,∇^2 θ̂+0.8945 LR-0.273,cancela,θ̂+0.5207 LR27.925,genuina,coinciden,0,,1,1,0,1,1,1
"ARMA(1,1) .6/.3",1,10,2,1,SF,estac.,sí,∇^3 θ̂+1.0000 LR-0.000,cancela,θ̂+0.8945 LR-0.273,cancelada,coinciden,0,,0,1,0,1,1,1
"ARMA(1,1) .6/.3",1,11,0,1,SF,raíz,sí,∇^1 θ̂+0.3504 LR38.242,genuina,—,,coinciden,1,ruido blanco (Q): p mínimo = 0.0010,0,0,0,1,1,1
"ARMA(1,1) .6/.3",1,11,1,1,SF,estac.,sí,∇^2 θ̂+1.0000 LR0.000,cancela,θ̂+0.3504 LR38.242,genuina,coinciden,0,,1,0,0,1,1,1
"ARMA(1,1) .6/.3",1,11,2,1,SF,estac.,sí,∇^3 θ̂+1.0000 LR0.000,cancela,θ̂+1.0000 LR0.000,cancelada,coinciden,0,,0,0,0,1,1,1
"ARMA(1,1) .6/.3",1,12,0,1,SF,raíz,sí,∇^1 θ̂+0.3638 LR13.168,genuina,—,,coinciden,1,estacionalidad en los residuos (p = 0.0100),0,0,0,1,1,1
"ARMA(1,1) .6/.3",1,12,1,1,SF,estac.,sí,∇^2 θ̂+1.0000 LR0.000,cancela,θ̂+0.3638 LR13.168,genuina,coinciden,1,estacionalidad en los residuos (p = 0.0100),0,0,0,1,1,1
"ARMA(1,1) .6/.3",1,12,2,1,SF,estac.,sí,∇^3 θ̂+1.0000 LR0.000,cancela,θ̂+1.0000 LR0.000,cancelada,coinciden,1,estacionalidad en los residuos (p = 0.0087),0,0,0,1,1,1
"ARMA(1,1) .6/.3",1,13,0,1,SF,raíz,sí,∇^1 θ̂+0.1829 LR20.992,genuina,—,,coinciden,0,,0,0,0,1,1,1
"ARMA(1,1) .6/.3",1,13,1,1,SF,estac.,sí,∇^2 θ̂+1.0000 LR-0.000,cancela,θ̂+0.1829 LR20.992,genuina,coinciden,0,,1,0,0,1,1,1
"ARMA(1,1) .6/.3",1,13,2,1,SF,estac.,sí,∇^3 θ̂+1.0000 LR-0.000,cancela,θ̂+1.0000 LR0.000,cancelada,coinciden,0,,0,0,0,1,1,1
"ARMA(1,1) .6/.3",1,14,0,1,SF,raíz,sí,∇^1 θ̂-0.0350 LR20.903,genuina,—,,—,0,,0,0,1,1,1,1
"ARMA(1,1) .6/.3",1,14,1,1,SF,estac.,sí,∇^2 θ̂+1.0000 LR0.000,cancela,θ̂-0.0350 LR20.903,genuina,coinciden,0,,1,0,1,1,1,1
"ARMA(1,1) .6/.3",1,14,2,1,SF,estac.,sí,∇^3 θ̂+1.0000 LR-0.000,cancela,θ̂+1.0000 LR-0.000,cancelada,coinciden,0,,0,0,0,1,1,1
"ARMA(1,1) .6/.3",1,15,0,1,SF,raíz,sí,∇^1 θ̂+0.2229 LR27.725,genuina,—,,coinciden,0,,0,0,0,1,1,1
"ARMA(1,1) .6/.3",1,15,1,1,SF,estac.,sí,∇^2 θ̂+0.9959 LR0.002,cancela,θ̂+0.2229 LR27.725,genuina,coinciden,0,,1,0,0,1,1,1
"ARMA(1,1) .6/.3",1,15,2,1,SF,estac.,sí,∇^3 θ̂+1.0000 LR0.000,cancela,θ̂+0.9959 LR0.002,cancelada,coinciden,0,,0,0,0,1,1,1
"ARMA(1,1) .6/.3",1,16,0,1,SF,raíz,sí,∇^1 θ̂+0.4637 LR14.179,genuina,—,,coinciden,0,,0,0,0,1,1,1
"ARMA(1,1) .6/.3",1,16,1,1,SF,estac.,sí,∇^2 θ̂+0.9863 LR0.331,cancela,θ̂+0.4637 LR14.179,genuina,coinciden,0,,1,0,0,1,1,1
"ARMA(1,1) .6/.3",1,16,2,1,SF,estac.,sí,∇^3 θ̂+1.0000 LR0.000,cancela,θ̂+0.9863 LR0.331,cancelada,coinciden,0,,0,0,0,1,1,1
"ARMA(1,1) .6/.3",1,17,0,1,SF,raíz,sí,∇^1 θ̂+0.4073 LR40.208,genuina,—,,coinciden,1,ruido blanco (Q): p mínimo = 0.0018,0,0,0,1,1,1
"ARMA(1,1) .6/.3",1,17,1,1,SF,estac.,sí,∇^2 θ̂+0.9155 LR1.790,cancela,θ̂+0.4073 LR40.208,genuina,coinciden,0,,1,0,0,1,1,1
"ARMA(1,1) .6/.3",1,17,2,1,SF,estac.,sí,∇^3 θ̂+1.0000 LR0.000,cancela,θ̂+0.9155 LR1.790,cancelada,coinciden,0,,0,0,0,1,1,1
"ARMA(1,1) .6/.3",1,18,0,1,SF,raíz,sí,∇^1 θ̂+0.2370 LR11.226,genuina,—,,coinciden,0,,0,0,0,1,1,1
"ARMA(1,1) .6/.3",1,18,1,1,SF,estac.,sí,∇^2 θ̂+1.0000 LR0.000,cancela,θ̂+0.2370 LR11.226,genuina,coinciden,0,,1,0,0,1,1,1
"ARMA(1,1) .6/.3",1,18,2,1,SF,estac.,sí,∇^3 θ̂+1.0000 LR0.000,cancela,θ̂+1.0000 LR0.000,cancelada,coinciden,0,,0,0,0,1,1,1
"ARMA(1,1) .6/.3",1,19,0,1,SF,raíz,sí,∇^1 θ̂+0.2886 LR32.373,genuina,—,,coinciden,1,ruido blanco (Q): p mínimo = 0.0030,0,0,0,1,1,1
"ARMA(1,1) .6/.3",1,19,1,1,SF,estac.,sí,∇^2 θ̂+1.0000 LR-0.000,cancela,θ̂+0.2886 LR32.373,genuina,coinciden,0,,1,0,0,1,1,1
"ARMA(1,1) .6/.3",1,19,2,1,SF,estac.,sí,∇^3 θ̂+1.0000 LR-0.000,cancela,θ̂+1.0000 LR0.000,cancelada,coinciden,0,,0,0,0,1,1,1
"ARMA(1,1) .6/.3",1,20,0,1,SF,raíz,sí,∇^1 θ̂+0.3646 LR25.389,genuina,—,,coinciden,1,ruido blanco (Q): p mínimo = 0.0001; estacionalidad en los r,0,0,0,1,1,1
"ARMA(1,1) .6/.3",1,20,1,1,SF,estac.,sí,∇^2 θ̂+1.0000 LR-0.000,cancela,θ̂+0.3646 LR25.389,genuina,coinciden,1,estacionalidad en los residuos (p = 0.0195),0,0,0,1,1,1
"ARMA(1,1) .6/.3",1,20,2,1,SF,estac.,sí,∇^3 θ̂+1.0000 LR0.000,cancela,θ̂+1.0000 LR-0.000,cancelada,coinciden,1,ruido blanco (Q): p mínimo = 0.0083; estacionalidad en los r,0,0,0,1,1,1
"ARMA(1,1) .6/.3",1,22,0,1,SF,raíz,sí,∇^1 θ̂+0.6552 LR26.912,genuina,—,,coinciden,1,ruido blanco (Q): p mínimo = 0.0017,0,0,0,1,1,1
"ARMA(1,1) .6/.3",1,22,1,1,SF,estac.,sí,∇^2 θ̂+0.8631 LR6.393,genuina,θ̂+0.6552 LR26.912,genuina,discrepan,1,estacionalidad en los residuos (p = 0.0348),0,0,0,1,1,1
"ARMA(1,1) .6/.3",1,22,2,1,SF,estac.,sí,∇^3 θ̂+1.0000 LR0.000,cancela,θ̂+0.8631 LR6.393,genuina,coinciden,1,estacionalidad en los residuos (p = 0.0263),0,0,0,1,1,1
"ARMA(1,1) .6/.3",1,21,0,1,SF,raíz,sí,∇^1 θ̂+0.0575 LR27.350,genuina,—,,coinciden,1,media residual distinta de cero: t = +2.10,0,0,0,1,1,1
"ARMA(1,1) .6/.3",1,21,1,1,SF,estac.,sí,∇^2 θ̂+1.0000 LR0.000,cancela,θ̂+0.0575 LR27.350,genuina,coinciden,0,,1,0,0,1,1,1
"ARMA(1,1) .6/.3",1,21,2,1,SF,estac.,sí,∇^3 θ̂+1.0000 LR-0.000,cancela,θ̂+1.0000 LR0.000,cancelada,coinciden,0,,0,0,0,1,1,1
"ARMA(1,1) .6/.3",1,23,0,1,SF,raíz,sí,∇^1 θ̂+0.3544 LR19.565,genuina,—,,coinciden,1,ruido blanco (Q): p mínimo = 0.0154,0,0,0,1,1,1
"ARMA(1,1) .6/.3",1,23,1,1,SF,estac.,sí,∇^2 θ̂+1.0000 LR-0.000,cancela,θ̂+0.3544 LR19.565,genuina,coinciden,0,,1,0,0,1,1,1
"ARMA(1,1) .6/.3",1,23,2,1,SF,estac.,sí,∇^3 θ̂+1.0000 LR-0.000,cancela,θ̂+1.0000 LR-0.000,cancelada,coinciden,0,,0,0,0,1,1,1
"ARMA(1,1) .6/.3",1,24,0,1,SF,raíz,sí,∇^1 θ̂+0.0201 LR20.784,genuina,—,,coinciden,1,"normalidad (JB): 7.704, p = 0.0212; media residual distinta ",0,0,0,1,1,1
"ARMA(1,1) .6/.3",1,24,1,1,SF,estac.,sí,∇^2 θ̂+1.0000 LR-0.000,cancela,θ̂+0.0201 LR20.784,genuina,coinciden,1,"normalidad (JB): 6.554, p = 0.0377; media residual distinta ",0,0,0,1,1,1
"ARMA(1,1) .6/.3",1,24,2,1,SF,estac.,sí,∇^3 θ̂+1.0000 LR-0.000,cancela,θ̂+1.0000 LR-0.000,cancelada,coinciden,1,"normalidad (JB): 6.070, p = 0.0481",0,0,0,1,1,1
"ARMA(1,1) .6/.3",1,25,0,1,SF,raíz,sí,∇^1 θ̂+0.3828 LR19.999,genuina,—,,coinciden,1,ruido blanco (Q): p mínimo = 0.0025,0,0,0,1,1,1
"ARMA(1,1) .6/.3",1,25,1,1,SF,estac.,sí,∇^2 θ̂+1.0000 LR-0.000,cancela,θ̂+0.3828 LR19.999,genuina,coinciden,0,,1,0,0,1,1,1
"ARMA(1,1) .6/.3",1,25,2,1,SF,estac.,sí,∇^3 θ̂+1.0000 LR-0.000,cancela,θ̂+1.0000 LR0.000,cancelada,coinciden,1,ruido blanco (Q): p mínimo = 0.0092,0,0,0,1,1,1
"ARMA(1,1) .6/.3",1,26,0,1,SF,raíz,sí,∇^1 θ̂+0.3917 LR18.155,genuina,—,,coinciden,0,,0,0,0,1,1,1
"ARMA(1,1) .6/.3",1,26,1,1,SF,estac.,sí,∇^2 θ̂+1.0000 LR0.000,cancela,θ̂+0.3917 LR18.155,genuina,coinciden,0,,1,0,0,1,1,1
"ARMA(1,1) .6/.3",1,26,2,1,SF,estac.,sí,∇^3 θ̂+1.0000 LR0.000,cancela,θ̂+1.0000 LR0.000,cancelada,coinciden,0,,0,0,0,1,1,1
"ARMA(1,1) .6/.3",1,27,0,1,SF,raíz,sí,∇^1 θ̂+0.2405 LR28.538,genuina,—,,coinciden,0,,0,0,0,1,1,1
"ARMA(1,1) .6/.3",1,27,1,1,SF,estac.,sí,∇^2 θ̂+1.0000 LR-0.000,cancela,θ̂+0.2405 LR28.538,genuina,coinciden,0,,1,0,0,1,1,1
"ARMA(1,1) .6/.3",1,27,2,1,SF,estac.,sí,∇^3 θ̂+1.0000 LR-0.000,cancela,θ̂+1.0000 LR0.000,cancelada,coinciden,0,,0,0,0,1,1,1
"ARMA(1,1) .6/.3",1,28,0,1,SF,raíz,sí,∇^1 θ̂+0.2768 LR31.821,genuina,—,,coinciden,1,ruido blanco (Q): p mínimo = 0.0279,0,0,0,1,1,1
"ARMA(1,1) .6/.3",1,28,1,1,SF,estac.,sí,∇^2 θ̂+0.9864 LR0.246,cancela,θ̂+0.2768 LR31.821,genuina,coinciden,0,,1,0,0,1,1,1
"ARMA(1,1) .6/.3",1,28,2,1,SF,estac.,sí,∇^3 θ̂+1.0000 LR0.000,cancela,θ̂+0.9864 LR0.246,cancelada,coinciden,0,,0,0,0,1,1,1
"ARMA(1,1) .6/.3",1,29,0,1,SF,raíz,sí,∇^1 θ̂+0.3596 LR55.630,genuina,—,,coinciden,1,ruido blanco (Q): p mínimo = 0.0003,0,0,0,1,1,1
"ARMA(1,1) .6/.3",1,29,1,1,SF,estac.,sí,∇^2 θ̂+0.9497 LR-0.190,cancela,θ̂+0.3596 LR55.630,genuina,coinciden,0,,1,1,0,1,1,1
"ARMA(1,1) .6/.3",1,29,2,1,SF,estac.,sí,∇^3 θ̂+1.0000 LR-0.000,cancela,θ̂+0.9497 LR-0.190,cancelada,coinciden,0,,0,1,0,1,1,1
"ARMA(1,1) .6/.3",1,30,0,1,SF,raíz,sí,∇^1 θ̂+0.3178 LR41.405,genuina,—,,coinciden,1,ruido blanco (Q): p mínimo = 0.0086,0,0,0,1,2,1
"ARMA(1,1) .6/.3",1,30,1,1,SF,estac.,sí,∇^2 θ̂+0.9736 LR1.677,cancela,θ̂+0.3178 LR41.405,genuina,coinciden,0,,1,0,0,1,2,1
"ARMA(1,1) .6/.3",1,30,2,1,SF,estac.,sí,∇^3 θ̂+1.0000 LR-0.000,cancela,θ̂+0.9736 LR1.677,cancelada,coinciden,0,,0,0,0,1,2,1
"ARMA(1,1) .6/.3",1,31,0,1,SF,raíz,sí,∇^1 θ̂+0.2353 LR21.679,genuina,—,,coinciden,0,,0,0,0,1,1,1
"ARMA(1,1) .6/.3",1,31,1,1,SF,estac.,sí,∇^2 θ̂+0.9933 LR0.007,cancela,θ̂+0.2353 LR21.679,genuina,coinciden,0,,1,0,0,1,1,1
"ARMA(1,1) .6/.3",1,31,2,1,SF,estac.,sí,∇^3 θ̂+1.0000 LR-0.000,cancela,θ̂+0.9933 LR0.007,cancelada,coinciden,0,,0,0,0,1,1,1
"ARMA(1,1) .6/.3",1,32,0,1,SF,raíz,sí,∇^1 θ̂-0.0523 LR27.634,genuina,—,,—,0,,0,0,1,1,1,1
"ARMA(1,1) .6/.3",1,32,1,1,SF,estac.,sí,∇^2 θ̂+0.9824 LR0.459,cancela,θ̂-0.0523 LR27.634,genuina,coinciden,0,,1,0,1,1,1,1
"ARMA(1,1) .6/.3",1,32,2,1,SF,estac.,sí,∇^3 θ̂+1.0000 LR-0.000,cancela,θ̂+0.9824 LR0.459,cancelada,coinciden,0,,0,0,0,1,1,1
"ARMA(1,1) .6/.3",1,33,0,1,SF,raíz,sí,∇^1 θ̂+0.0611 LR22.237,genuina,—,,coinciden,0,,0,0,0,1,1,1
"ARMA(1,1) .6/.3",1,33,1,1,SF,estac.,sí,∇^2 θ̂+0.9877 LR0.231,cancela,θ̂+0.0611 LR22.237,genuina,coinciden,0,,1,0,0,1,1,1
"ARMA(1,1) .6/.3",1,33,2,1,SF,estac.,sí,∇^3 θ̂+1.0000 LR0.000,cancela,θ̂+0.9877 LR0.231,cancelada,coinciden,0,,0,0,0,1,1,1
"ARMA(1,1) .6/.3",1,34,0,1,SF,raíz,sí,∇^1 θ̂+0.2949 LR27.055,genuina,—,,coinciden,1,"normalidad (JB): 6.180, p = 0.0455; media residual distinta ",0,0,0,1,1,1
"ARMA(1,1) .6/.3",1,34,1,1,SF,estac.,sí,∇^2 θ̂+0.9806 LR0.677,cancela,θ̂+0.2949 LR27.055,genuina,coinciden,1,"normalidad (JB): 8.326, p = 0.0156",0,0,0,1,1,1
"ARMA(1,1) .6/.3",1,34,2,1,SF,estac.,sí,∇^3 θ̂+1.0000 LR-0.000,cancela,θ̂+0.9806 LR0.677,cancelada,coinciden,1,"normalidad (JB): 8.303, p = 0.0157",0,0,0,1,1,1
"ARMA(1,1) .6/.3",1,35,0,1,SF,raíz,sí,∇^1 θ̂+0.2286 LR28.483,genuina,—,,coinciden,1,ruido blanco (Q): p mínimo = 0.0035,0,0,0,1,1,1
"ARMA(1,1) .6/.3",1,35,1,1,SF,estac.,sí,∇^2 θ̂+0.9806 LR0.377,cancela,θ̂+0.2286 LR28.483,genuina,coinciden,0,,1,0,0,1,1,1
"ARMA(1,1) .6/.3",1,35,2,1,SF,estac.,sí,∇^3 θ̂+1.0000 LR-0.000,cancela,θ̂+0.9806 LR0.377,cancelada,coinciden,0,,0,0,0,1,1,1
"ARMA(1,1) .6/.3",1,36,0,1,SF,raíz,sí,∇^1 θ̂+0.1267 LR27.912,genuina,—,,coinciden,1,ruido blanco (Q): p mínimo = 0.0027,0,0,0,1,1,1
"ARMA(1,1) .6/.3",1,36,1,1,SF,estac.,sí,∇^2 θ̂+1.0000 LR-0.000,cancela,θ̂+0.1267 LR27.912,genuina,coinciden,0,,1,0,0,1,1,1
"ARMA(1,1) .6/.3",1,36,2,1,SF,estac.,sí,∇^3 θ̂+1.0000 LR-0.000,cancela,θ̂+1.0000 LR0.000,cancelada,coinciden,0,,0,0,0,1,1,1
"ARMA(1,1) .6/.3",1,38,0,1,SF,raíz,sí,∇^1 θ̂+0.3537 LR14.409,genuina,—,,coinciden,1,ruido blanco (Q): p mínimo = 0.0096,0,0,0,1,2,1
"ARMA(1,1) .6/.3",1,38,1,1,SF,raíz,sí,∇^2 θ̂+0.9631 LR6.757,genuina,θ̂+0.3537 LR14.409,genuina,coinciden,0,,0,0,0,1,2,1
"ARMA(1,1) .6/.3",1,38,2,1,SF,estac.,sí,∇^3 θ̂+1.0000 LR0.000,cancela,θ̂+0.9631 LR6.757,genuina,coinciden,1,estacionalidad en los residuos (p = 0.0322),0,0,0,1,2,1
"ARMA(1,1) .6/.3",1,37,0,1,SF,raíz,sí,∇^1 θ̂+0.3749 LR33.573,genuina,—,,coinciden,1,"ruido blanco (Q): p mínimo = 0.0103; normalidad (JB): 6.536,",0,0,0,1,1,1
"ARMA(1,1) .6/.3",1,37,1,1,SF,estac.,sí,∇^2 θ̂+1.0000 LR-0.000,cancela,θ̂+0.3749 LR33.573,genuina,coinciden,0,,1,0,0,1,1,1
"ARMA(1,1) .6/.3",1,37,2,1,SF,estac.,sí,∇^3 θ̂+1.0000 LR0.000,cancela,θ̂+1.0000 LR0.000,cancelada,coinciden,1,ruido blanco (Q): p mínimo = 0.0477,0,0,0,1,1,1
"ARMA(1,1) .6/.3",1,39,0,1,SF,raíz,sí,∇^1 θ̂+0.2374 LR25.309,genuina,—,,coinciden,1,ruido blanco (Q): p mínimo = 0.0081,0,0,0,1,1,1
"ARMA(1,1) .6/.3",1,39,1,1,SF,estac.,sí,∇^2 θ̂+1.0000 LR-0.000,cancela,θ̂+0.2374 LR25.309,genuina,coinciden,0,,1,0,0,1,1,1
"ARMA(1,1) .6/.3",1,39,2,1,SF,estac.,sí,∇^3 θ̂+1.0000 LR-0.000,cancela,θ̂+1.0000 LR0.000,cancelada,coinciden,0,,0,0,0,1,1,1
"ARMA(1,1) .6/.3",1,40,0,1,SF,raíz,sí,∇^1 θ̂+0.2490 LR34.703,genuina,—,,coinciden,1,ruido blanco (Q): p mínimo = 0.0006; media residual distinta,0,0,0,1,1,1
"ARMA(1,1) .6/.3",1,40,1,1,SF,estac.,sí,∇^2 θ̂+0.9862 LR0.374,cancela,θ̂+0.2490 LR34.703,genuina,coinciden,0,,1,0,0,1,1,1
"ARMA(1,1) .6/.3",1,40,2,1,SF,estac.,sí,∇^3 θ̂+1.0000 LR-0.000,cancela,θ̂+0.9862 LR0.374,cancelada,coinciden,0,,0,0,0,1,1,1
"ARMA(1,1) .6/.3",1,41,0,1,SF,raíz,sí,∇^1 θ̂+0.1803 LR20.387,genuina,—,,coinciden,0,,0,0,0,1,1,1
"ARMA(1,1) .6/.3",1,41,1,1,SF,estac.,sí,∇^2 θ̂+1.0000 LR0.000,cancela,θ̂+0.1803 LR20.387,genuina,coinciden,0,,1,0,0,1,1,1
"ARMA(1,1) .6/.3",1,41,2,1,SF,estac.,sí,∇^3 θ̂+1.0000 LR-0.000,cancela,θ̂+1.0000 LR0.000,cancelada,coinciden,0,,0,0,0,1,1,1
"ARMA(1,1) .6/.3",1,42,0,1,SF,raíz,sí,∇^1 θ̂+0.3264 LR28.602,genuina,—,,coinciden,0,,0,0,0,1,1,1
"ARMA(1,1) .6/.3",1,42,1,1,SF,estac.,sí,∇^2 θ̂+1.0000 LR0.000,cancela,θ̂+0.3264 LR28.602,genuina,coinciden,0,,1,0,0,1,1,1
"ARMA(1,1) .6/.3",1,42,2,1,SF,estac.,sí,∇^3 θ̂+1.0000 LR0.000,cancela,θ̂+1.0000 LR0.000,cancelada,coinciden,0,,0,0,0,1,1,1
"ARMA(1,1) .6/.3",1,43,0,1,SF,raíz,sí,∇^1 θ̂+0.3828 LR29.165,genuina,—,,coinciden,1,ruido blanco (Q): p mínimo = 0.0002; media residual distinta,0,0,0,1,2,1
"ARMA(1,1) .6/.3",1,43,1,1,SF,estac.,sí,∇^2 θ̂+0.9785 LR1.490,cancela,θ̂+0.3828 LR29.165,genuina,coinciden,0,,1,0,0,1,2,1
"ARMA(1,1) .6/.3",1,43,2,1,SF,estac.,sí,∇^3 θ̂+1.0000 LR0.000,cancela,θ̂+0.9785 LR1.490,cancelada,coinciden,1,ruido blanco (Q): p mínimo = 0.0028,0,0,0,1,2,1
"ARMA(1,1) .6/.3",1,44,0,1,SF,raíz,sí,∇^1 θ̂+0.3945 LR60.086,genuina,—,,coinciden,1,ruido blanco (Q): p mínimo = 0.0000,0,0,0,1,1,1
"ARMA(1,1) .6/.3",1,44,1,1,SF,estac.,sí,∇^2 θ̂+0.9561 LR2.055,genuina,θ̂+0.3945 LR60.086,genuina,discrepan,0,,0,0,0,1,1,1
"ARMA(1,1) .6/.3",1,44,2,1,SF,estac.,sí,∇^3 θ̂+1.0000 LR-0.000,cancela,θ̂+0.9561 LR2.055,genuina,coinciden,0,,1,0,0,1,1,1
"ARMA(1,1) .6/.3",1,45,0,1,SF,raíz,sí,∇^1 θ̂+0.1608 LR30.294,genuina,—,,coinciden,0,,0,0,0,1,1,1
"ARMA(1,1) .6/.3",1,45,1,1,SF,estac.,sí,∇^2 θ̂+0.9953 LR0.003,cancela,θ̂+0.1608 LR30.294,genuina,coinciden,0,,1,0,0,1,1,1
"ARMA(1,1) .6/.3",1,45,2,1,SF,estac.,sí,∇^3 θ̂+1.0000 LR-0.000,cancela,θ̂+0.9953 LR0.003,cancelada,coinciden,0,,0,0,0,1,1,1
"ARMA(1,1) .6/.3",1,46,0,1,SF,raíz,sí,∇^1 θ̂+0.2395 LR37.785,genuina,—,,coinciden,0,,0,0,0,1,2,1
"ARMA(1,1) .6/.3",1,46,1,1,SF,estac.,sí,∇^2 θ̂+0.9814 LR0.762,cancela,θ̂+0.2395 LR37.785,genuina,coinciden,0,,1,0,0,1,2,1
"ARMA(1,1) .6/.3",1,46,2,1,SF,estac.,sí,∇^3 θ̂+1.0000 LR0.000,cancela,θ̂+0.9814 LR0.762,cancelada,coinciden,0,,0,0,0,1,2,1
"ARMA(1,1) .6/.3",1,47,0,1,SF,raíz,sí,∇^1 θ̂+0.1022 LR30.126,genuina,—,,coinciden,0,,0,0,0,1,1,1
"ARMA(1,1) .6/.3",1,47,1,1,SF,estac.,sí,∇^2 θ̂+0.9827 LR0.372,cancela,θ̂+0.1022 LR30.126,genuina,coinciden,0,,1,0,0,1,1,1
"ARMA(1,1) .6/.3",1,47,2,1,SF,estac.,sí,∇^3 θ̂+1.0000 LR0.000,cancela,θ̂+0.9827 LR0.372,cancelada,coinciden,0,,0,0,0,1,1,1
"ARMA(1,1) .6/.3",1,48,0,1,SF,raíz,sí,∇^1 θ̂+0.1577 LR17.891,genuina,—,,coinciden,0,,0,0,0,1,1,1
"ARMA(1,1) .6/.3",1,48,1,1,SF,estac.,sí,∇^2 θ̂+1.0000 LR0.000,cancela,θ̂+0.1577 LR17.891,genuina,coinciden,0,,1,0,0,1,1,1
"ARMA(1,1) .6/.3",1,48,2,1,SF,estac.,sí,∇^3 θ̂+1.0000 LR0.000,cancela,θ̂+1.0000 LR-0.000,cancelada,coinciden,0,,0,0,0,1,1,1
"ARMA(1,1) .6/.3",1,49,0,1,SF,raíz,sí,∇^1 θ̂+0.1443 LR32.632,genuina,—,,coinciden,0,,0,0,0,1,1,1
"ARMA(1,1) .6/.3",1,49,1,1,SF,estac.,sí,∇^2 θ̂+1.0000 LR-0.000,cancela,θ̂+0.1443 LR32.632,genuina,coinciden,0,,1,0,0,1,1,1
"ARMA(1,1) .6/.3",1,49,2,1,SF,estac.,sí,∇^3 θ̂+1.0000 LR-0.000,cancela,θ̂+1.0000 LR0.000,cancelada,coinciden,0,,0,0,0,1,1,1
"AR(2) reales .5,.3",1,0,0,1,SF,raíz,—,∇^1 θ̂+0.6372 LR28.984,genuina,—,,coinciden,1,media residual distinta de cero: t = +2.20,0,0,0,2,2,2
"AR(2) reales .5,.3",1,0,1,1,SF,estac.,—,∇^2 θ̂+0.8401 LR1.244,cancela,θ̂+0.6372 LR28.983,genuina,coinciden,0,,1,0,0,2,2,2
"AR(2) reales .5,.3",1,0,2,1,—,,—,∇^3 θ̂+1.0000 LR-0.000,cancela,θ̂+0.9721 LR0.723,cancelada,sin par,1,ruido blanco (Q): p mínimo = 0.0044,0,0,0,2,2,2
"AR(2) reales .5,.3",1,2,0,1,SF,raíz,—,∇^1 θ̂-0.3438 LR21.577,genuina,—,,—,1,ruido blanco (Q): p mínimo = 0.0002,0,0,1,1,1,1
"AR(2) reales .5,.3",1,2,1,1,SF,estac.,—,∇^2 θ̂+1.0000 LR-0.000,cancela,θ̂-0.3438 LR21.577,genuina,coinciden,0,,1,0,1,1,1,1
"AR(2) reales .5,.3",1,2,2,1,—,,—,∇^3 θ̂+1.0000 LR0.000,cancela,θ̂+1.0000 LR-0.000,cancelada,sin par,0,,1,0,0,1,1,1
"AR(2) reales .5,.3",1,1,0,1,SF,raíz,—,∇^1 θ̂-0.5665 LR20.936,genuina,—,,—,1,ruido blanco (Q): p mínimo = 0.0000,0,0,1,1,2,1
"AR(2) reales .5,.3",1,1,1,1,SF,estac.,—,∇^2 θ̂+0.9805 LR0.146,cancela,θ̂-0.5665 LR20.936,genuina,coinciden,1,ruido blanco (Q): p mínimo = 0.0370,0,0,1,1,2,1
"AR(2) reales .5,.3",1,1,2,1,SF,estac.,—,∇^3 θ̂+1.0000 LR-0.000,cancela,θ̂+0.9805 LR0.146,cancelada,coinciden,1,"ruido blanco (Q): p mínimo = 0.0273; normalidad (JB): 6.411,",0,0,0,1,2,1
"AR(2) reales .5,.3",1,3,0,1,SF,raíz,—,∇^1 θ̂+0.0852 LR133.487,genuina,—,,coinciden,1,ruido blanco (Q): p mínimo = 0.0008,0,0,0,1,1,1
"AR(2) reales .5,.3",1,3,1,1,SF,estac.,—,∇^2 θ̂+1.0000 LR-0.000,cancela,θ̂+0.0852 LR133.487,genuina,coinciden,0,,1,0,0,1,1,1
"AR(2) reales .5,.3",1,3,2,1,SFsob,estac.,—,∇^3 θ̂+1.0000 LR0.000,cancela,θ̂-0.3503 LR-6.360,cancelada,sin par,0,,1,1,1,1,1,1
"AR(2) reales .5,.3",1,4,0,1,SF,raíz,—,∇^1 θ̂+0.1144 LR12.805,genuina,—,,coinciden,1,ruido blanco (Q): p mínimo = 0.0226,0,0,0,1,2,1
"AR(2) reales .5,.3",1,4,1,1,SF,estac.,—,∇^2 θ̂+0.9786 LR1.031,cancela,θ̂+0.1144 LR12.805,genuina,coinciden,0,,1,0,0,1,2,1
"AR(2) reales .5,.3",1,4,2,1,—,,—,∇^3 θ̂+1.0000 LR0.000,cancela,θ̂+0.9786 LR1.031,cancelada,sin par,0,,1,0,0,1,2,1
"AR(2) reales .5,.3",1,5,0,1,SF,raíz,—,∇^1 θ̂+0.1901 LR20.597,genuina,—,,coinciden,1,ruido blanco (Q): p mínimo = 0.0002,0,0,0,1,2,1
"AR(2) reales .5,.3",1,5,1,1,SF,estac.,—,∇^2 θ̂+0.9471 LR2.504,genuina,θ̂+0.1901 LR20.597,genuina,discrepan,0,,0,0,0,1,2,1
"AR(2) reales .5,.3",1,5,2,1,—,,—,∇^3 θ̂+1.0000 LR-0.000,cancela,θ̂+0.9471 LR2.504,genuina,sin par,1,ruido blanco (Q): p mínimo = 0.0032,0,0,0,1,2,1
"AR(2) reales .5,.3",1,6,0,1,SF,raíz,—,∇^1 θ̂+0.2242 LR14.616,genuina,—,,coinciden,1,ruido blanco (Q): p mínimo = 0.0008,0,0,0,1,1,1
"AR(2) reales .5,.3",1,6,1,1,SF,estac.,—,∇^2 θ̂+1.0000 LR-0.000,cancela,θ̂+0.2242 LR14.616,genuina,coinciden,1,estacionalidad en los residuos (p = 0.0363),0,0,0,1,1,1
"AR(2) reales .5,.3",1,6,2,1,SFsob,estac.,—,∇^3 θ̂+1.0000 LR-0.000,cancela,θ̂-0.0272 LR-2.111,cancelada,sin par,0,,1,1,1,1,1,1
"AR(2) reales .5,.3",1,7,0,1,SF,raíz,—,∇^1 θ̂+0.6040 LR16.493,genuina,—,,coinciden,1,estacionalidad en los residuos (p = 0.0190),0,0,0,1,1,2
"AR(2) reales .5,.3",1,7,1,1,SF,estac.,—,∇^2 θ̂+0.7834 LR0.825,cancela,θ̂+0.6040 LR16.494,genuina,coinciden,1,estacionalidad en los residuos (p = 0.0114),0,0,0,1,1,2
"AR(2) reales .5,.3",1,7,2,1,—,,—,∇^3 θ̂+1.0000 LR-0.000,cancela,θ̂+0.7834 LR0.825,cancelada,sin par,1,estacionalidad en los residuos (p = 0.0163),0,0,0,1,1,2
"AR(2) reales .5,.3",1,8,0,1,SF,raíz,—,∇^1 θ̂+0.9516 LR2.747,genuina,—,,coinciden,0,,0,0,0,1,2,0
"AR(2) reales .5,.3",1,8,1,1,SF,estac.,—,∇^2 θ̂+0.9787 LR0.691,cancela,θ̂-0.0549 LR77.842,genuina,coinciden,0,,1,0,1,1,2,0
"AR(2) reales .5,.3",1,8,2,1,SFsob,estac.,—,∇^3 θ̂+1.0000 LR-0.000,cancela,θ̂+0.9787 LR0.691,cancelada,sin par,0,,1,0,0,1,2,0
"AR(2) reales .5,.3",1,9,0,1,SF,raíz,—,∇^1 θ̂+0.3252 LR75.602,genuina,—,,coinciden,1,ruido blanco (Q): p mínimo = 0.0000,0,0,0,1,2,2
"AR(2) reales .5,.3",1,9,1,1,SF,estac.,—,∇^2 θ̂+0.9862 LR0.233,cancela,θ̂+0.3252 LR75.602,genuina,coinciden,1,ruido blanco (Q): p mínimo = 0.0388,0,0,0,1,2,2
"AR(2) reales .5,.3",1,9,2,1,—,,—,∇^3 θ̂+1.0000 LR0.000,cancela,θ̂+0.9862 LR0.233,cancelada,sin par,1,ruido blanco (Q): p mínimo = 0.0314,0,0,0,1,2,2
"AR(2) reales .5,.3",1,10,0,1,SF,raíz,—,∇^1 θ̂+0.0001 LR148.208,genuina,—,,coinciden,1,ruido blanco (Q): p mínimo = 0.0000,0,0,0,1,2,2
"AR(2) reales .5,.3",1,10,1,1,SF,estac.,—,∇^2 θ̂+0.9903 LR0.087,cancela,θ̂-0.0852 LR204.052,genuina,coinciden,0,,1,0,1,1,2,2
"AR(2) reales .5,.3",1,10,2,1,—,,—,∇^3 θ̂+1.0000 LR0.000,cancela,θ̂+0.9903 LR0.087,cancelada,sin par,1,estacionalidad en los residuos (p = 0.0496),0,0,0,1,2,2
"AR(2) reales .5,.3",1,11,0,1,SF,raíz,—,∇^1 θ̂+0.0399 LR19.671,genuina,—,,coinciden,0,,0,0,0,1,1,1
"AR(2) reales .5,.3",1,11,1,1,SF,estac.,—,∇^2 θ̂+1.0000 LR-0.000,cancela,θ̂+0.0399 LR19.671,genuina,coinciden,0,,1,0,0,1,1,1
"AR(2) reales .5,.3",1,11,2,1,SFsob,estac.,—,∇^3 θ̂+1.0000 LR-0.000,cancela,θ̂-0.0888 LR-11.537,cancelada,sin par,0,,1,1,1,1,1,1
"AR(2) reales .5,.3",1,12,0,1,SF,raíz,—,∇^1 θ̂+0.4652 LR14.904,genuina,—,,coinciden,0,,0,0,0,1,2,2
"AR(2) reales .5,.3",1,12,1,1,SF,estac.,—,∇^2 θ̂+0.9836 LR0.271,cancela,θ̂+0.4652 LR14.904,genuina,coinciden,0,,1,0,0,1,2,2
"AR(2) reales .5,.3",1,12,2,1,—,,—,∇^3 θ̂+1.0000 LR-0.000,cancela,θ̂+0.9836 LR0.271,cancelada,sin par,1,estacionalidad en los residuos (p = 0.0311),0,0,0,1,2,2
"AR(2) reales .5,.3",1,15,0,1,SF,raíz,—,∇^1 θ̂+0.0174 LR42.585,genuina,—,,coinciden,1,ruido blanco (Q): p mínimo = 0.0000,0,0,0,1,1,2
"AR(2) reales .5,.3",1,15,1,1,SF,estac.,—,∇^2 θ̂+1.0000 LR-0.000,cancela,θ̂+0.0174 LR42.585,genuina,coinciden,0,,1,0,0,1,1,2
"AR(2) reales .5,.3",1,15,2,1,—,,—,∇^3 θ̂+1.0000 LR0.000,cancela,θ̂-0.9057 LR-2.800,cancelada,sin par,0,,1,1,1,1,1,2
"AR(2) reales .5,.3",1,13,0,1,SF,raíz,—,∇^1 θ̂+0.1400 LR137.217,genuina,—,,coinciden,1,ruido blanco (Q): p mínimo = 0.0001,0,0,0,1,2,1
"AR(2) reales .5,.3",1,13,1,1,SF,estac.,—,∇^2 θ̂+0.9860 LR0.213,cancela,θ̂+0.1400 LR137.036,genuina,coinciden,0,,1,0,0,1,2,1
"AR(2) reales .5,.3",1,13,2,1,SFsob,estac.,—,∇^3 θ̂+1.0000 LR0.000,cancela,θ̂-0.0330 LR-8.215,cancelada,sin par,0,,1,1,1,1,2,1
"AR(2) reales .5,.3",1,14,0,1,SF,raíz,—,∇^1 θ̂+0.0001 LR19.261,genuina,—,,coinciden,1,ruido blanco (Q): p mínimo = 0.0000,0,0,0,1,2,1
"AR(2) reales .5,.3",1,14,1,1,SF,estac.,—,∇^2 θ̂+0.9828 LR0.722,cancela,θ̂-0.1704 LR20.130,genuina,coinciden,0,,1,0,1,1,2,1
"AR(2) reales .5,.3",1,14,2,1,—,,—,∇^3 θ̂+1.0000 LR-0.000,cancela,θ̂+0.9828 LR0.722,cancelada,sin par,1,ruido blanco (Q): p mínimo = 0.0083,0,0,0,1,2,1
"AR(2) reales .5,.3",1,16,0,1,SF,raíz,—,∇^1 θ̂+0.0107 LR15.725,genuina,—,,coinciden,1,"ruido blanco (Q): p mínimo = 0.0001; normalidad (JB): 7.796,",0,0,0,1,1,1
"AR(2) reales .5,.3",1,16,1,1,SF,estac.,—,∇^2 θ̂+1.0000 LR0.000,cancela,θ̂+0.0107 LR15.725,genuina,coinciden,0,,1,0,0,1,1,1
"AR(2) reales .5,.3",1,16,2,1,SFsob,estac.,—,∇^3 θ̂+1.0000 LR-0.000,cancela,θ̂-0.7351 LR-10.096,cancelada,sin par,0,,1,1,1,1,1,1
"AR(2) reales .5,.3",1,17,0,1,SF,raíz,—,∇^1 θ̂-0.1805 LR23.253,genuina,—,,—,1,ruido blanco (Q): p mínimo = 0.0000,0,0,1,1,2,2
"AR(2) reales .5,.3",1,17,1,1,SF,estac.,—,∇^2 θ̂+1.0000 LR-0.000,cancela,θ̂-0.1805 LR23.253,genuina,coinciden,0,,1,0,1,1,2,2
"AR(2) reales .5,.3",1,17,2,1,SF,estac.,—,∇^3 θ̂+1.0000 LR-0.000,cancela,θ̂-0.1785 LR-9.895,cancelada,coinciden,0,,1,1,1,1,2,2
"AR(2) reales .5,.3",1,18,0,1,SF,raíz,—,∇^1 θ̂+0.8768 LR9.650,genuina,—,,coinciden,0,,0,0,0,1,2,1
"AR(2) reales .5,.3",1,18,1,1,SF,estac.,—,∇^2 θ̂+0.9778 LR0.392,cancela,θ̂-0.1580 LR192.927,genuina,coinciden,0,,1,0,1,1,2,1
"AR(2) reales .5,.3",1,18,2,1,SF,estac.,—,∇^3 θ̂+1.0000 LR-0.000,cancela,θ̂+0.1290 LR-9.377,cancelada,coinciden,0,,1,1,0,1,2,1
"AR(2) reales .5,.3",1,19,0,1,SF,raíz,—,∇^1 θ̂+0.2545 LR31.342,genuina,—,,coinciden,1,ruido blanco (Q): p mínimo = 0.0000,0,0,0,1,1,2
"AR(2) reales .5,.3",1,19,1,1,SF,estac.,—,∇^2 θ̂+0.8969 LR-0.058,cancela,θ̂+0.2545 LR31.342,genuina,coinciden,0,,1,1,0,1,1,2
"AR(2) reales .5,.3",1,19,2,1,SFsob,estac.,—,∇^3 θ̂+1.0000 LR0.000,cancela,θ̂-0.6485 LR-0.943,cancelada,sin par,1,ruido blanco (Q): p mínimo = 0.0093,0,1,1,1,1,2
"AR(2) reales .5,.3",1,20,0,1,SF,raíz,—,∇^1 θ̂+0.0001 LR18.129,genuina,—,,coinciden,1,ruido blanco (Q): p mínimo = 0.0007,0,0,0,1,2,2
"AR(2) reales .5,.3",1,20,1,1,SF,estac.,—,∇^2 θ̂+0.9308 LR2.811,genuina,θ̂-0.0677 LR18.211,genuina,discrepan,0,,0,0,1,1,2,2
"AR(2) reales .5,.3",1,20,2,1,—,,—,∇^3 θ̂+1.0000 LR0.000,cancela,θ̂+0.9308 LR2.811,genuina,sin par,1,ruido blanco (Q): p mínimo = 0.0340,0,0,0,1,2,2
"AR(2) reales .5,.3",1,21,0,1,SF,raíz,—,∇^1 θ̂+0.0195 LR137.635,genuina,—,,coinciden,1,ruido blanco (Q): p mínimo = 0.0107,0,0,0,1,1,1
"AR(2) reales .5,.3",1,21,1,1,SF,estac.,—,∇^2 θ̂+1.0000 LR-0.000,cancela,θ̂+0.0195 LR24.563,genuina,coinciden,0,,1,0,0,1,1,1
"AR(2) reales .5,.3",1,21,2,1,—,,—,∇^3 θ̂+1.0000 LR0.000,cancela,θ̂+1.0000 LR0.000,cancelada,sin par,0,,1,0,0,1,1,1
"AR(2) reales .5,.3",1,22,0,1,SF,raíz,—,∇^1 θ̂+0.0785 LR153.982,genuina,—,,coinciden,1,ruido blanco (Q): p mínimo = 0.0000,0,0,0,0,2,2
"AR(2) reales .5,.3",1,22,1,1,SF,estac.,—,∇^2 θ̂+0.9934 LR0.008,cancela,θ̂+0.0785 LR153.981,genuina,coinciden,0,,1,0,0,0,2,2
"AR(2) reales .5,.3",1,22,2,1,—,,—,∇^3 θ̂+1.0000 LR0.000,cancela,θ̂+0.9934 LR0.008,cancelada,sin par,0,,1,0,0,0,2,2
"AR(2) reales .5,.3",1,23,0,1,SF,raíz,—,∇^1 θ̂-0.1324 LR28.933,genuina,—,,—,1,ruido blanco (Q): p mínimo = 0.0000,0,0,1,1,1,1
"AR(2) reales .5,.3",1,23,1,1,SF,estac.,—,∇^2 θ̂+1.0000 LR-0.000,cancela,θ̂-0.1324 LR28.933,genuina,coinciden,0,,1,0,1,1,1,1
"AR(2) reales .5,.3",1,23,2,1,SF,estac.,—,∇^3 θ̂+1.0000 LR-0.000,cancela,θ̂+0.1008 LR-10.398,cancelada,coinciden,0,,1,1,0,1,1,1
"AR(2) reales .5,.3",1,24,0,1,SF,raíz,—,∇^1 θ̂+0.3448 LR18.395,genuina,—,,coinciden,0,,0,0,0,1,1,1
"AR(2) reales .5,.3",1,24,1,1,SF,estac.,—,∇^2 θ̂+1.0000 LR0.000,cancela,θ̂+0.3448 LR18.395,genuina,coinciden,0,,1,0,0,1,1,1
"AR(2) reales .5,.3",1,24,2,1,—,,—,∇^3 θ̂+1.0000 LR0.000,cancela,θ̂+0.4248 LR-6.127,cancelada,sin par,0,,1,1,0,1,1,1
"AR(2) reales .5,.3",1,25,0,1,SF,raíz,—,∇^1 θ̂+0.0001 LR46.645,genuina,—,,coinciden,1,ruido blanco (Q): p mínimo = 0.0001; media residual distinta,0,0,0,1,1,2
"AR(2) reales .5,.3",1,25,1,1,SF,estac.,—,∇^2 θ̂+0.9192 LR1.792,cancela,θ̂-0.1437 LR30.717,genuina,coinciden,0,,1,0,1,1,1,2
"AR(2) reales .5,.3",1,25,2,1,—,,—,∇^3 θ̂+1.0000 LR-0.000,cancela,θ̂+0.9192 LR1.792,cancelada,sin par,1,ruido blanco (Q): p mínimo = 0.0142,0,0,0,1,1,2
"AR(2) reales .5,.3",1,26,0,1,SF,raíz,—,∇^1 θ̂+0.2414 LR94.008,genuina,—,,coinciden,1,ruido blanco (Q): p mínimo = 0.0004,0,0,0,1,1,0
"AR(2) reales .5,.3",1,26,1,1,SF,estac.,—,∇^2 θ̂+1.0000 LR-0.000,cancela,θ̂+0.2414 LR94.007,genuina,coinciden,0,,1,0,0,1,1,0
"AR(2) reales .5,.3",1,26,2,1,—,,—,∇^3 θ̂+1.0000 LR-0.000,cancela,θ̂+1.0000 LR-0.000,cancelada,sin par,1,ruido blanco (Q): p mínimo = 0.0213; normalidad (JB): 13.466,0,0,0,1,1,0
"AR(2) reales .5,.3",1,27,0,1,SF,raíz,—,∇^1 θ̂+0.0001 LR39.532,genuina,—,,coinciden,1,ruido blanco (Q): p mínimo = 0.0000,0,0,0,1,1,2
"AR(2) reales .5,.3",1,27,1,1,SF,estac.,—,∇^2 θ̂+1.0000 LR-0.000,cancela,θ̂-0.5692 LR25.437,genuina,coinciden,0,,1,0,1,1,1,2
"AR(2) reales .5,.3",1,27,2,1,SF,estac.,—,∇^3 θ̂+1.0000 LR0.000,cancela,θ̂+1.0000 LR-0.000,cancelada,coinciden,0,,1,0,0,1,1,2
"AR(2) reales .5,.3",1,29,0,1,SF,raíz,—,∇^1 θ̂-0.2454 LR16.822,genuina,—,,—,0,,0,0,1,1,1,2
"AR(2) reales .5,.3",1,29,1,1,SF,estac.,—,∇^2 θ̂+1.0000 LR-0.000,cancela,θ̂-0.2454 LR16.822,genuina,coinciden,0,,1,0,1,1,1,2
"AR(2) reales .5,.3",1,29,2,1,—,,—,∇^3 θ̂+1.0000 LR0.000,cancela,θ̂+1.0000 LR-0.000,cancelada,sin par,0,,1,0,0,1,1,2
"AR(2) reales .5,.3",1,28,0,1,SF,raíz,—,∇^1 θ̂+0.2139 LR46.560,genuina,—,,coinciden,1,ruido blanco (Q): p mínimo = 0.0003; media residual distinta,0,0,0,1,2,2
"AR(2) reales .5,.3",1,28,1,1,SF,estac.,—,∇^2 θ̂+0.9972 LR0.000,cancela,θ̂+0.2139 LR60.164,genuina,coinciden,0,,1,0,0,1,2,2
"AR(2) reales .5,.3",1,28,2,1,SFsob,estac.,—,∇^3 θ̂+1.0000 LR-0.000,cancela,θ̂-0.1185 LR-5.593,cancelada,sin par,0,,1,1,1,1,2,2
"AR(2) reales .5,.3",1,30,0,1,SF,raíz,—,∇^1 θ̂+0.2436 LR197.260,genuina,—,,coinciden,0,,0,0,0,1,2,1
"AR(2) reales .5,.3",1,30,1,1,SF,estac.,—,∇^2 θ̂+0.9835 LR0.346,cancela,θ̂+0.2436 LR199.906,genuina,coinciden,0,,1,0,0,1,2,1
"AR(2) reales .5,.3",1,30,2,1,—,,—,∇^3 θ̂+1.0000 LR0.000,cancela,θ̂+0.9835 LR0.346,cancelada,sin par,0,,1,0,0,1,2,1
"AR(2) reales .5,.3",1,31,0,1,SF,raíz,—,∇^1 θ̂-0.0337 LR27.138,genuina,—,,—,1,ruido blanco (Q): p mínimo = 0.0000,0,0,1,1,1,1
"AR(2) reales .5,.3",1,31,1,1,SF,estac.,—,∇^2 θ̂+1.0000 LR0.000,cancela,θ̂-0.0337 LR27.138,genuina,coinciden,0,,1,0,1,1,1,1
"AR(2) reales .5,.3",1,31,2,1,—,,—,∇^3 θ̂+1.0000 LR0.000,cancela,θ̂+1.0000 LR-0.000,cancelada,sin par,0,,1,0,0,1,1,1
"AR(2) reales .5,.3",1,32,0,1,SF,raíz,—,∇^1 θ̂+0.1007 LR15.098,genuina,—,,coinciden,1,ruido blanco (Q): p mínimo = 0.0017,0,0,0,1,1,2
"AR(2) reales .5,.3",1,32,1,1,SF,estac.,—,∇^2 θ̂+1.0000 LR-0.000,cancela,θ̂+0.1007 LR62.518,genuina,coinciden,0,,1,0,0,1,1,2
"AR(2) reales .5,.3",1,32,2,1,—,,—,∇^3 θ̂+1.0000 LR-0.000,cancela,θ̂+1.0000 LR0.000,cancelada,sin par,1,ruido blanco (Q): p mínimo = 0.0292,0,0,0,1,1,2
"AR(2) reales .5,.3",1,33,0,1,SF,raíz,—,∇^1 θ̂-0.8769 LR6.646,genuina,—,,—,0,,0,0,1,1,1,1
"AR(2) reales .5,.3",1,33,1,1,SF,estac.,—,∇^2 θ̂+1.0000 LR-0.000,cancela,θ̂-0.8769 LR6.646,genuina,coinciden,0,,1,0,1,1,1,1
"AR(2) reales .5,.3",1,33,2,1,SF,estac.,—,∇^3 θ̂+1.0000 LR0.000,cancela,θ̂+1.0000 LR-0.000,cancelada,coinciden,1,ruido blanco (Q): p mínimo = 0.0342,0,0,0,1,1,1
"AR(2) reales .5,.3",1,34,0,1,SF,raíz,—,∇^1 θ̂+0.0001 LR28.356,genuina,—,,coinciden,1,ruido blanco (Q): p mínimo = 0.0000,0,0,0,1,1,1
"AR(2) reales .5,.3",1,34,1,1,SF,estac.,—,∇^2 θ̂+1.0000 LR0.000,cancela,θ̂-0.3329 LR158.658,genuina,coinciden,0,,1,0,1,1,1,1
"AR(2) reales .5,.3",1,34,2,1,SF,estac.,—,∇^3 θ̂+1.0000 LR-0.000,cancela,θ̂+0.0473 LR-3.115,cancelada,coinciden,0,,1,1,0,1,1,1
"AR(2) reales .5,.3",1,35,0,1,SF,raíz,—,∇^1 θ̂+0.0111 LR120.173,genuina,—,,coinciden,1,ruido blanco (Q): p mínimo = 0.0000,0,0,0,1,1,1
"AR(2) reales .5,.3",1,35,1,1,SF,estac.,—,∇^2 θ̂+1.0000 LR-0.000,cancela,θ̂+0.0111 LR119.958,genuina,coinciden,0,,1,0,0,1,1,1
"AR(2) reales .5,.3",1,35,2,1,—,,—,∇^3 θ̂+1.0000 LR0.000,cancela,θ̂+1.0000 LR-0.000,cancelada,sin par,0,,1,0,0,1,1,1
"AR(2) reales .5,.3",1,36,0,1,SF,raíz,—,∇^1 θ̂+0.0001 LR30.486,genuina,—,,coinciden,1,ruido blanco (Q): p mínimo = 0.0000,0,0,0,0,1,1
"AR(2) reales .5,.3",1,36,1,1,SF,estac.,—,∇^2 θ̂+1.0000 LR0.000,cancela,θ̂-0.2619 LR32.679,genuina,coinciden,0,,1,0,1,0,1,1
"AR(2) reales .5,.3",1,36,2,1,SF,estac.,—,∇^3 θ̂+1.0000 LR-0.000,cancela,θ̂-0.8776 LR-7.440,cancelada,coinciden,0,,1,1,1,0,1,1
"AR(2) reales .5,.3",1,37,0,1,SF,raíz,—,∇^1 θ̂+0.9399 LR15.370,genuina,—,,coinciden,1,media residual distinta de cero: t = +2.22,0,0,0,1,2,1
"AR(2) reales .5,.3",1,37,1,1,SF,estac.,—,∇^2 θ̂+0.9647 LR4.007,genuina,θ̂-0.1067 LR14.237,genuina,discrepan,0,,0,0,1,1,2,1
"AR(2) reales .5,.3",1,37,2,1,—,,—,∇^3 θ̂+1.0000 LR0.000,cancela,θ̂+0.9647 LR4.007,genuina,sin par,0,,1,0,0,1,2,1
"AR(2) reales .5,.3",1,38,0,1,SF,raíz,—,∇^1 θ̂+0.1192 LR45.025,genuina,—,,coinciden,1,"ruido blanco (Q): p mínimo = 0.0000; normalidad (JB): 7.971,",0,0,0,1,1,1
"AR(2) reales .5,.3",1,38,1,1,SF,estac.,—,∇^2 θ̂+1.0000 LR-0.000,cancela,θ̂+0.1192 LR53.613,genuina,coinciden,0,,1,0,0,1,1,1
"AR(2) reales .5,.3",1,38,2,1,—,,—,∇^3 θ̂+1.0000 LR-0.000,cancela,θ̂+1.0000 LR-0.000,cancelada,sin par,0,,1,0,0,1,1,1
"AR(2) reales .5,.3",1,39,0,1,SF,raíz,—,∇^1 θ̂+0.1776 LR38.190,genuina,—,,coinciden,1,ruido blanco (Q): p mínimo = 0.0000; media residual distinta,0,0,0,1,2,1
"AR(2) reales .5,.3",1,39,1,1,SF,estac.,—,∇^2 θ̂+0.9830 LR0.437,cancela,θ̂+0.1776 LR39.579,genuina,coinciden,1,"normalidad (JB): 7.649, p = 0.0218",0,0,0,1,2,1
"AR(2) reales .5,.3",1,39,2,1,—,,—,∇^3 θ̂+1.0000 LR0.000,cancela,θ̂+0.9830 LR0.437,cancelada,sin par,1,ruido blanco (Q): p mínimo = 0.0403,0,0,0,1,2,1
"AR(2) reales .5,.3",1,40,0,1,SF,raíz,—,∇^1 θ̂+0.0103 LR14.127,genuina,—,,coinciden,0,,0,0,0,1,2,1
"AR(2) reales .5,.3",1,40,1,1,SF,estac.,—,∇^2 θ̂+0.9868 LR0.207,cancela,θ̂+0.0103 LR14.127,genuina,coinciden,0,,1,0,0,1,2,1
"AR(2) reales .5,.3",1,40,2,1,—,,—,∇^3 θ̂+1.0000 LR-0.000,cancela,θ̂+0.9868 LR0.207,cancelada,sin par,0,,1,0,0,1,2,1
"AR(2) reales .5,.3",1,41,0,1,SF,raíz,—,∇^1 θ̂+0.3641 LR18.722,genuina,—,,coinciden,0,,0,0,0,1,1,2
"AR(2) reales .5,.3",1,41,1,1,SF,estac.,—,∇^2 θ̂+0.8076 LR-0.308,cancela,θ̂+0.3641 LR18.722,genuina,coinciden,0,,1,1,0,1,1,2
"AR(2) reales .5,.3",1,41,2,1,—,,—,∇^3 θ̂+1.0000 LR-0.000,cancela,θ̂+0.8076 LR-0.308,cancelada,sin par,0,,1,1,0,1,1,2
"AR(2) reales .5,.3",1,42,0,1,SF,raíz,—,∇^1 θ̂+0.4963 LR10.794,genuina,—,,coinciden,0,,0,0,0,1,1,2
"AR(2) reales .5,.3",1,42,1,1,SF,estac.,—,∇^2 θ̂+1.0000 LR0.000,cancela,θ̂+0.4963 LR10.794,genuina,coinciden,0,,1,0,0,1,1,2
"AR(2) reales .5,.3",1,42,2,1,—,,—,∇^3 θ̂+1.0000 LR0.000,cancela,θ̂+0.5451 LR-0.976,cancelada,sin par,0,,1,1,0,1,1,2
"AR(2) reales .5,.3",1,43,0,1,SF,raíz,—,∇^1 θ̂+0.2232 LR99.023,genuina,—,,coinciden,1,ruido blanco (Q): p mínimo = 0.0004,0,0,0,0,2,1
"AR(2) reales .5,.3",1,43,1,1,SF,estac.,—,∇^2 θ̂+0.9472 LR3.194,genuina,θ̂+0.2232 LR99.022,genuina,discrepan,0,,0,0,0,0,2,1
"AR(2) reales .5,.3",1,43,2,1,—,,—,∇^3 θ̂+1.0000 LR-0.000,cancela,θ̂+0.9472 LR3.194,genuina,sin par,0,,1,0,0,0,2,1
"AR(2) reales .5,.3",1,44,0,1,SF,raíz,—,∇^1 θ̂+0.0001 LR21.185,genuina,—,,coinciden,1,ruido blanco (Q): p mínimo = 0.0004,0,0,0,1,2,1
"AR(2) reales .5,.3",1,44,1,1,SF,estac.,—,∇^2 θ̂+0.9812 LR0.425,cancela,θ̂-0.2491 LR22.210,genuina,coinciden,1,"normalidad (JB): 9.584, p = 0.0083",0,0,1,1,2,1
"AR(2) reales .5,.3",1,44,2,1,—,,—,∇^3 θ̂+1.0000 LR0.000,cancela,θ̂+0.9812 LR0.425,cancelada,sin par,1,"normalidad (JB): 12.677, p = 0.0018",0,0,0,1,2,1
"AR(2) reales .5,.3",1,45,0,1,SF,raíz,—,∇^1 θ̂+0.0001 LR31.933,genuina,—,,coinciden,1,ruido blanco (Q): p mínimo = 0.0000,0,0,0,1,1,2
"AR(2) reales .5,.3",1,45,1,1,SF,estac.,—,∇^2 θ̂+1.0000 LR0.000,cancela,θ̂-0.0959 LR32.413,genuina,coinciden,0,,1,0,1,1,1,2
"AR(2) reales .5,.3",1,45,2,1,SF,estac.,—,∇^3 θ̂+1.0000 LR-0.000,cancela,θ̂+0.1362 LR-6.931,cancelada,coinciden,0,,1,1,0,1,1,2
"AR(2) reales .5,.3",1,46,0,1,SF,raíz,—,∇^1 θ̂-0.0012 LR7.117,genuina,—,,—,1,media residual distinta de cero: t = -2.02,0,0,1,1,1,1
"AR(2) reales .5,.3",1,46,1,1,SF,estac.,—,∇^2 θ̂+0.9942 LR0.013,cancela,θ̂-0.0012 LR7.113,genuina,coinciden,0,,1,0,1,1,1,1
"AR(2) reales .5,.3",1,46,2,1,—,,—,∇^3 θ̂+1.0000 LR-0.000,cancela,θ̂+0.9942 LR0.013,cancelada,sin par,1,ruido blanco (Q): p mínimo = 0.0208,0,0,0,1,1,1
"AR(2) reales .5,.3",1,47,0,1,SF,raíz,—,∇^1 θ̂+0.0638 LR24.113,genuina,—,,coinciden,1,ruido blanco (Q): p mínimo = 0.0004,0,0,0,1,2,1
"AR(2) reales .5,.3",1,47,1,1,SF,estac.,—,∇^2 θ̂+0.9954 LR0.003,cancela,θ̂+0.0638 LR24.113,genuina,coinciden,1,"normalidad (JB): 6.842, p = 0.0327",0,0,0,1,2,1
"AR(2) reales .5,.3",1,47,2,1,SFsob,estac.,—,∇^3 θ̂+1.0000 LR-0.000,cancela,θ̂-0.6410 LR-4.665,cancelada,sin par,0,,1,1,1,1,2,1
"AR(2) reales .5,.3",1,48,0,1,SF,raíz,—,∇^1 θ̂+0.0001 LR14.222,genuina,—,,coinciden,1,ruido blanco (Q): p mínimo = 0.0000,0,0,0,1,1,1
"AR(2) reales .5,.3",1,48,1,1,SF,estac.,—,∇^2 θ̂+1.0000 LR0.000,cancela,θ̂-0.3093 LR15.534,genuina,coinciden,0,,1,0,1,1,1,1
"AR(2) reales .5,.3",1,48,2,1,—,,—,∇^3 θ̂+1.0000 LR0.000,cancela,θ̂+1.0000 LR0.000,cancelada,sin par,0,,1,0,0,1,1,1
"AR(2) reales .5,.3",1,49,0,1,SF,raíz,—,∇^1 θ̂-0.3544 LR21.720,genuina,—,,—,1,ruido blanco (Q): p mínimo = 0.0000,0,0,1,1,1,1
"AR(2) reales .5,.3",1,49,1,1,SF,estac.,—,∇^2 θ̂+0.9936 LR0.018,cancela,θ̂-0.3544 LR21.720,genuina,coinciden,0,,1,0,1,1,1,1
"AR(2) reales .5,.3",1,49,2,1,SF,estac.,—,∇^3 θ̂+1.0000 LR0.000,cancela,θ̂-0.5456 LR-11.221,cancelada,coinciden,0,,1,1,1,1,1,1
AR(2) cplx corto p8 r.7,1,1,0,1,SF,raíz,—,∇^1 θ̂-0.1419 LR51.489,genuina,—,,—,1,ruido blanco (Q): p mínimo = 0.0000,0,0,1,1,1,1
AR(2) cplx corto p8 r.7,1,1,1,1,SFsob,estac.,—,∇^2 θ̂+0.9838 LR0.436,cancela,θ̂-0.1419 LR51.489,genuina,sin par,0,,1,0,1,1,1,1
AR(2) cplx corto p8 r.7,1,1,2,1,—,,—,∇^3 θ̂+1.0000 LR-0.000,cancela,θ̂+0.9838 LR0.436,cancelada,sin par,1,ruido blanco (Q): p mínimo = 0.0064,0,0,0,1,1,1
AR(2) cplx corto p8 r.7,1,0,0,1,SF,raíz,—,∇^1 θ̂+0.0262 LR49.750,genuina,—,,coinciden,1,ruido blanco (Q): p mínimo = 0.0000,0,0,0,1,1,1
AR(2) cplx corto p8 r.7,1,0,1,1,—,,—,∇^2 θ̂+0.9898 LR0.085,cancela,θ̂+0.0262 LR49.750,genuina,sin par,0,,1,0,0,1,1,1
AR(2) cplx corto p8 r.7,1,0,2,1,—,,—,∇^3 θ̂+1.0000 LR-0.000,cancela,θ̂+0.9898 LR0.085,cancelada,sin par,0,,1,0,0,1,1,1
AR(2) cplx corto p8 r.7,1,2,0,1,SFsob,raíz,—,∇^1 θ̂+0.0359 LR38.005,,—,,sin par,1,ruido blanco (Q): p mínimo = 0.0000,0,0,0,1,1,1
AR(2) cplx corto p8 r.7,1,2,1,1,—,,—,∇^2 θ̂+1.0000 LR0.000,cancela,θ̂+0.0359 LR38.005,genuina,sin par,0,,1,0,0,1,1,1
AR(2) cplx corto p8 r.7,1,2,2,1,—,,—,∇^3 θ̂+1.0000 LR0.000,cancela,θ̂+1.0000 LR0.000,cancelada,sin par,1,ruido blanco (Q): p mínimo = 0.0003,0,0,0,1,1,1
AR(2) cplx corto p8 r.7,1,3,0,1,SF,raíz,—,∇^1 θ̂-0.0372 LR53.399,genuina,—,,—,1,ruido blanco (Q): p mínimo = 0.0000,0,0,1,1,1,0
AR(2) cplx corto p8 r.7,1,3,1,1,SFsob,estac.,—,∇^2 θ̂+1.0000 LR-0.000,cancela,θ̂-0.0372 LR53.399,genuina,sin par,0,,1,0,1,1,1,0
AR(2) cplx corto p8 r.7,1,3,2,1,—,,—,∇^3 θ̂+1.0000 LR0.000,cancela,θ̂+1.0000 LR-0.000,cancelada,sin par,1,ruido blanco (Q): p mínimo = 0.0020,0,0,0,1,1,0
AR(2) cplx corto p8 r.7,1,4,0,1,SF,estac.,—,∇^1 θ̂-0.0707 LR34.117,genuina,—,,—,1,ruido blanco (Q): p mínimo = 0.0000,0,0,1,1,1,1
AR(2) cplx corto p8 r.7,1,4,1,1,SFsob,estac.,—,∇^2 θ̂+1.0000 LR0.000,cancela,θ̂-0.0707 LR34.117,genuina,sin par,0,,1,0,1,1,1,1
AR(2) cplx corto p8 r.7,1,4,2,1,—,,—,∇^3 θ̂+1.0000 LR0.000,cancela,θ̂+1.0000 LR-0.000,cancelada,sin par,1,ruido blanco (Q): p mínimo = 0.0011,0,0,0,1,1,1
AR(2) cplx corto p8 r.7,1,5,0,1,SF,raíz,—,∇^1 θ̂-0.4026 LR58.743,genuina,—,,—,1,ruido blanco (Q): p mínimo = 0.0000,0,0,1,1,1,1
AR(2) cplx corto p8 r.7,1,5,1,1,SFsob,estac.,—,∇^2 θ̂+0.9808 LR0.291,cancela,θ̂-0.4026 LR58.743,genuina,sin par,1,"normalidad (JB): 9.136, p = 0.0104",0,0,1,1,1,1
AR(2) cplx corto p8 r.7,1,5,2,1,—,,—,∇^3 θ̂+1.0000 LR-0.000,cancela,θ̂+0.9808 LR0.291,cancelada,sin par,1,ruido blanco (Q): p mínimo = 0.0021,0,0,0,1,1,1
AR(2) cplx corto p8 r.7,1,7,0,1,SF,raíz,—,∇^1 θ̂+0.0001 LR41.226,genuina,—,,coinciden,1,ruido blanco (Q): p mínimo = 0.0000,0,0,0,1,1,1
AR(2) cplx corto p8 r.7,1,7,1,1,SFsob,estac.,—,∇^2 θ̂+1.0000 LR-0.000,cancela,θ̂-0.2453 LR66.370,genuina,sin par,0,,1,0,1,1,1,1
AR(2) cplx corto p8 r.7,1,7,2,1,—,,—,∇^3 θ̂+1.0000 LR-0.000,cancela,θ̂+1.0000 LR0.000,cancelada,sin par,1,ruido blanco (Q): p mínimo = 0.0087,0,0,0,1,1,1
AR(2) cplx corto p8 r.7,1,6,0,1,SF,raíz,—,∇^1 θ̂-0.2616 LR44.448,genuina,—,,—,1,ruido blanco (Q): p mínimo = 0.0000,0,0,1,1,1,1
AR(2) cplx corto p8 r.7,1,6,1,1,SFsob,estac.,—,∇^2 θ̂+0.9927 LR0.023,cancela,θ̂-0.2616 LR44.448,genuina,sin par,1,ruido blanco (Q): p mínimo = 0.0252,0,0,1,1,1,1
AR(2) cplx corto p8 r.7,1,6,2,1,—,,—,∇^3 θ̂+1.0000 LR-0.000,cancela,θ̂+0.9927 LR0.023,cancelada,sin par,1,ruido blanco (Q): p mínimo = 0.0000,0,0,0,1,1,1
AR(2) cplx corto p8 r.7,1,9,0,1,SF,raíz,—,∇^1 θ̂+0.0334 LR51.010,genuina,—,,coinciden,1,ruido blanco (Q): p mínimo = 0.0000,0,0,0,1,1,1
AR(2) cplx corto p8 r.7,1,9,1,1,—,,—,∇^2 θ̂+0.9825 LR0.843,cancela,θ̂+0.0334 LR51.010,genuina,sin par,1,ruido blanco (Q): p mínimo = 0.0210,0,0,0,1,1,1
AR(2) cplx corto p8 r.7,1,9,2,1,—,,—,∇^3 θ̂+1.0000 LR-0.000,cancela,θ̂+0.9825 LR0.843,cancelada,sin par,1,ruido blanco (Q): p mínimo = 0.0000,0,0,0,1,1,1
AR(2) cplx corto p8 r.7,1,8,0,1,SFsob,raíz,—,∇^1 θ̂-0.2237 LR54.153,,—,,sin par,1,ruido blanco (Q): p mínimo = 0.0000; estacionalidad en los r,0,0,1,1,1,1
AR(2) cplx corto p8 r.7,1,8,1,1,SFsob,estac.,—,∇^2 θ̂+1.0000 LR0.000,cancela,θ̂-0.2237 LR54.153,genuina,sin par,0,,1,0,1,1,1,1
AR(2) cplx corto p8 r.7,1,8,2,1,—,,—,∇^3 θ̂+1.0000 LR-0.000,cancela,θ̂+1.0000 LR-0.000,cancelada,sin par,1,ruido blanco (Q): p mínimo = 0.0043,0,0,0,1,1,1
AR(2) cplx corto p8 r.7,1,10,0,1,SF,raíz,—,∇^1 θ̂-0.3155 LR94.857,genuina,—,,—,1,ruido blanco (Q): p mínimo = 0.0000,0,0,1,1,1,1
AR(2) cplx corto p8 r.7,1,10,1,1,SFsob,estac.,—,∇^2 θ̂+0.9917 LR0.045,cancela,θ̂-0.3155 LR94.856,genuina,sin par,0,,1,0,1,1,1,1
AR(2) cplx corto p8 r.7,1,10,2,1,—,,—,∇^3 θ̂+1.0000 LR0.000,cancela,θ̂+0.9917 LR0.045,cancelada,sin par,1,ruido blanco (Q): p mínimo = 0.0271,0,0,0,1,1,1
AR(2) cplx corto p8 r.7,1,11,0,1,SF,raíz,—,∇^1 θ̂-0.0480 LR48.060,genuina,—,,—,1,ruido blanco (Q): p mínimo = 0.0000,0,0,1,1,1,1
AR(2) cplx corto p8 r.7,1,11,1,1,SFsob,estac.,—,∇^2 θ̂+1.0000 LR-0.000,cancela,θ̂-0.0480 LR48.060,genuina,sin par,0,,1,0,1,1,1,1
AR(2) cplx corto p8 r.7,1,11,2,1,—,,—,∇^3 θ̂+1.0000 LR-0.000,cancela,θ̂+1.0000 LR-0.000,cancelada,sin par,0,,1,0,0,1,1,1
AR(2) cplx corto p8 r.7,1,13,0,1,SF,raíz,—,∇^1 θ̂+0.0056 LR102.663,genuina,—,,coinciden,1,ruido blanco (Q): p mínimo = 0.0000,0,0,0,1,1,1
AR(2) cplx corto p8 r.7,1,13,1,1,—,,—,∇^2 θ̂+1.0000 LR0.000,cancela,θ̂+0.0056 LR102.663,genuina,sin par,1,ruido blanco (Q): p mínimo = 0.0419,0,0,0,1,1,1
AR(2) cplx corto p8 r.7,1,13,2,1,—,,—,∇^3 θ̂+1.0000 LR0.000,cancela,θ̂+1.0000 LR-0.000,cancelada,sin par,1,ruido blanco (Q): p mínimo = 0.0001,0,0,0,1,1,1
AR(2) cplx corto p8 r.7,1,12,0,1,SF,raíz,—,∇^1 θ̂-0.1205 LR65.533,genuina,—,,—,1,ruido blanco (Q): p mínimo = 0.0000; estacionalidad en los r,0,0,1,1,1,1
AR(2) cplx corto p8 r.7,1,12,1,1,SFsob,estac.,—,∇^2 θ̂+0.9642 LR0.732,cancela,θ̂-0.1205 LR65.533,genuina,sin par,0,,1,0,1,1,1,1
AR(2) cplx corto p8 r.7,1,12,2,1,—,,—,∇^3 θ̂+1.0000 LR-0.000,cancela,θ̂+0.9642 LR0.732,cancelada,sin par,0,,1,0,0,1,1,1
AR(2) cplx corto p8 r.7,1,14,0,1,SFsob,raíz,—,∇^1 θ̂-0.1408 LR77.919,,—,,sin par,1,ruido blanco (Q): p mínimo = 0.0000,0,0,1,1,1,1
AR(2) cplx corto p8 r.7,1,14,1,1,SFsob,estac.,—,∇^2 θ̂+0.9925 LR0.012,cancela,θ̂-0.1408 LR77.919,genuina,sin par,0,,1,0,1,1,1,1
AR(2) cplx corto p8 r.7,1,14,2,1,—,,—,∇^3 θ̂+1.0000 LR0.000,cancela,θ̂+0.9925 LR0.012,cancelada,sin par,1,ruido blanco (Q): p mínimo = 0.0001,0,0,0,1,1,1
AR(2) cplx corto p8 r.7,1,15,0,1,SFsob,raíz,—,∇^1 θ̂+0.0157 LR41.176,,—,,sin par,1,ruido blanco (Q): p mínimo = 0.0000,0,0,0,0,0,1
AR(2) cplx corto p8 r.7,1,15,1,1,—,,—,∇^2 θ̂+0.9919 LR0.041,cancela,θ̂+0.0157 LR41.176,genuina,sin par,0,,1,0,0,0,0,1
AR(2) cplx corto p8 r.7,1,15,2,1,—,,—,∇^3 θ̂+1.0000 LR0.000,cancela,θ̂+0.9919 LR0.041,cancelada,sin par,1,ruido blanco (Q): p mínimo = 0.0000,0,0,0,0,0,1
AR(2) cplx corto p8 r.7,1,16,0,1,SFsob,raíz,—,∇^1 θ̂+0.1324 LR65.021,,—,,sin par,1,ruido blanco (Q): p mínimo = 0.0000; estacionalidad en los r,0,0,0,1,1,1
AR(2) cplx corto p8 r.7,1,16,1,1,—,,—,∇^2 θ̂+1.0000 LR0.000,cancela,θ̂+0.1324 LR65.021,genuina,sin par,0,,1,0,0,1,1,1
AR(2) cplx corto p8 r.7,1,16,2,1,—,,—,∇^3 θ̂+1.0000 LR-0.000,cancela,θ̂+1.0000 LR0.000,cancelada,sin par,1,ruido blanco (Q): p mínimo = 0.0003; estacionalidad en los r,0,0,0,1,1,1
AR(2) cplx corto p8 r.7,1,17,0,1,SF,raíz,—,∇^1 θ̂+0.0632 LR112.001,genuina,—,,coinciden,1,ruido blanco (Q): p mínimo = 0.0000,0,0,0,1,1,0
AR(2) cplx corto p8 r.7,1,17,1,1,—,,—,∇^2 θ̂+1.0000 LR-0.000,cancela,θ̂+0.0632 LR112.001,genuina,sin par,0,,1,0,0,1,1,0
AR(2) cplx corto p8 r.7,1,17,2,1,—,,—,∇^3 θ̂+1.0000 LR-0.000,cancela,θ̂+1.0000 LR-0.000,cancelada,sin par,1,ruido blanco (Q): p mínimo = 0.0000,0,0,0,1,1,0
AR(2) cplx corto p8 r.7,1,18,0,1,SF,raíz,—,∇^1 θ̂-0.0224 LR48.054,genuina,—,,—,1,ruido blanco (Q): p mínimo = 0.0000,0,0,1,1,1,1
AR(2) cplx corto p8 r.7,1,18,1,1,SFsob,estac.,—,∇^2 θ̂+0.9873 LR0.162,cancela,θ̂-0.0224 LR48.054,genuina,sin par,1,"normalidad (JB): 6.289, p = 0.0431",0,0,1,1,1,1
AR(2) cplx corto p8 r.7,1,18,2,1,—,,—,∇^3 θ̂+1.0000 LR0.000,cancela,θ̂+0.9873 LR0.162,cancelada,sin par,1,ruido blanco (Q): p mínimo = 0.0005,0,0,0,1,1,1
AR(2) cplx corto p8 r.7,1,19,0,1,SF,raíz,—,∇^1 θ̂+0.0021 LR34.026,genuina,—,,coinciden,1,ruido blanco (Q): p mínimo = 0.0000,0,0,0,1,1,1
AR(2) cplx corto p8 r.7,1,19,1,1,—,,—,∇^2 θ̂+0.9713 LR1.557,cancela,θ̂+0.0021 LR34.026,genuina,sin par,0,,1,0,0,1,1,1
AR(2) cplx corto p8 r.7,1,19,2,1,—,,—,∇^3 θ̂+1.0000 LR-0.000,cancela,θ̂+0.9713 LR1.557,cancelada,sin par,1,ruido blanco (Q): p mínimo = 0.0002,0,0,0,1,1,1
AR(2) cplx corto p8 r.7,1,20,0,1,SF,raíz,—,∇^1 θ̂-0.2451 LR30.516,genuina,—,,—,1,ruido blanco (Q): p mínimo = 0.0002,0,0,1,1,1,1
AR(2) cplx corto p8 r.7,1,20,1,1,SFsob,estac.,—,∇^2 θ̂+0.9665 LR0.139,cancela,θ̂-0.2451 LR30.516,genuina,sin par,1,"normalidad (JB): 6.314, p = 0.0426",0,0,1,1,1,1
AR(2) cplx corto p8 r.7,1,20,2,1,—,,—,∇^3 θ̂+1.0000 LR-0.000,cancela,θ̂+0.9665 LR0.139,cancelada,sin par,0,,1,0,0,1,1,1
AR(2) cplx corto p8 r.7,1,21,0,1,SF,estac.,—,∇^1 θ̂+0.0256 LR33.705,genuina,—,,discrepan,1,ruido blanco (Q): p mínimo = 0.0000,0,0,0,1,1,1
AR(2) cplx corto p8 r.7,1,21,1,1,—,,—,∇^2 θ̂+1.0000 LR-0.000,cancela,θ̂+0.0256 LR33.705,genuina,sin par,0,,1,0,0,1,1,1
AR(2) cplx corto p8 r.7,1,21,2,1,—,,—,∇^3 θ̂+1.0000 LR-0.000,cancela,θ̂+1.0000 LR0.000,cancelada,sin par,1,ruido blanco (Q): p mínimo = 0.0005,0,0,0,1,1,1
AR(2) cplx corto p8 r.7,1,23,0,1,SF,estac.,—,∇^1 θ̂+0.2374 LR53.633,genuina,—,,discrepan,1,ruido blanco (Q): p mínimo = 0.0000,0,0,0,1,1,1
AR(2) cplx corto p8 r.7,1,23,1,1,—,,—,∇^2 θ̂+0.9848 LR0.167,cancela,θ̂+0.2374 LR53.633,genuina,sin par,0,,1,0,0,1,1,1
AR(2) cplx corto p8 r.7,1,23,2,1,—,,—,∇^3 θ̂+1.0000 LR0.000,cancela,θ̂+0.9848 LR0.167,cancelada,sin par,1,ruido blanco (Q): p mínimo = 0.0000,0,0,0,1,1,1
AR(2) cplx corto p8 r.7,1,22,0,1,SFsob,estac.,—,∇^1 θ̂+0.0105 LR45.030,,—,,sin par,1,ruido blanco (Q): p mínimo = 0.0000,0,0,0,0,1,1
AR(2) cplx corto p8 r.7,1,22,1,1,—,,—,∇^2 θ̂+1.0000 LR0.000,cancela,θ̂+0.0105 LR45.030,genuina,sin par,0,,1,0,0,0,1,1
AR(2) cplx corto p8 r.7,1,22,2,1,—,,—,∇^3 θ̂+1.0000 LR0.000,cancela,θ̂+1.0000 LR-0.000,cancelada,sin par,1,ruido blanco (Q): p mínimo = 0.0000,0,0,0,0,1,1
AR(2) cplx corto p8 r.7,1,24,0,1,SF,raíz,—,∇^1 θ̂-0.1046 LR51.913,genuina,—,,—,1,ruido blanco (Q): p mínimo = 0.0000,0,0,1,1,1,1
AR(2) cplx corto p8 r.7,1,24,1,1,SFsob,estac.,—,∇^2 θ̂+1.0000 LR0.000,cancela,θ̂-0.1046 LR51.913,genuina,sin par,0,,1,0,1,1,1,1
AR(2) cplx corto p8 r.7,1,24,2,1,—,,—,∇^3 θ̂+1.0000 LR0.000,cancela,θ̂+1.0000 LR0.000,cancelada,sin par,1,ruido blanco (Q): p mínimo = 0.0018,0,0,0,1,1,1
AR(2) cplx corto p8 r.7,1,25,0,1,SF,raíz,—,∇^1 θ̂-0.1361 LR129.173,genuina,—,,—,1,ruido blanco (Q): p mínimo = 0.0000,0,0,1,1,1,1
AR(2) cplx corto p8 r.7,1,25,1,1,SFsob,estac.,—,∇^2 θ̂+1.0000 LR0.000,cancela,θ̂-0.1361 LR129.173,genuina,sin par,0,,1,0,1,1,1,1
AR(2) cplx corto p8 r.7,1,25,2,1,—,,—,∇^3 θ̂+1.0000 LR-0.000,cancela,θ̂+1.0000 LR0.000,cancelada,sin par,1,ruido blanco (Q): p mínimo = 0.0028,0,0,0,1,1,1
AR(2) cplx corto p8 r.7,1,26,0,1,SF,raíz,—,∇^1 θ̂+0.0616 LR89.680,genuina,—,,coinciden,1,ruido blanco (Q): p mínimo = 0.0000,0,0,0,1,1,1
AR(2) cplx corto p8 r.7,1,26,1,1,—,,—,∇^2 θ̂+1.0000 LR-0.000,cancela,θ̂+0.0616 LR89.680,genuina,sin par,1,estacionalidad en los residuos (p = 0.0414),0,0,0,1,1,1
AR(2) cplx corto p8 r.7,1,26,2,1,—,,—,∇^3 θ̂+1.0000 LR0.000,cancela,θ̂+1.0000 LR0.000,cancelada,sin par,1,ruido blanco (Q): p mínimo = 0.0000,0,0,0,1,1,1
AR(2) cplx corto p8 r.7,1,27,0,1,SF,raíz,—,∇^1 θ̂+0.1335 LR52.339,genuina,—,,coinciden,1,ruido blanco (Q): p mínimo = 0.0000,0,0,0,1,1,1
AR(2) cplx corto p8 r.7,1,27,1,1,—,,—,∇^2 θ̂+1.0000 LR-0.000,cancela,θ̂+0.1335 LR52.339,genuina,sin par,0,,1,0,0,1,1,1
AR(2) cplx corto p8 r.7,1,27,2,1,—,,—,∇^3 θ̂+1.0000 LR0.000,cancela,θ̂+1.0000 LR-0.000,cancelada,sin par,1,"ruido blanco (Q): p mínimo = 0.0003; normalidad (JB): 6.370,",0,0,0,1,1,1
AR(2) cplx corto p8 r.7,1,28,0,1,SF,estac.,—,∇^1 θ̂+0.2578 LR33.236,genuina,—,,discrepan,1,ruido blanco (Q): p mínimo = 0.0000; estacionalidad en los r,0,0,0,1,1,1
AR(2) cplx corto p8 r.7,1,28,1,1,—,,—,∇^2 θ̂+1.0000 LR0.000,cancela,θ̂+0.2578 LR33.236,genuina,sin par,1,estacionalidad en los residuos (p = 0.0105),0,0,0,1,1,1
AR(2) cplx corto p8 r.7,1,28,2,1,—,,—,∇^3 θ̂+1.0000 LR-0.000,cancela,θ̂+1.0000 LR0.000,cancelada,sin par,1,ruido blanco (Q): p mínimo = 0.0000; estacionalidad en los r,0,0,0,1,1,1
AR(2) cplx corto p8 r.7,1,29,0,1,SFsob,raíz,—,∇^1 θ̂-0.0051 LR70.969,,—,,sin par,1,ruido blanco (Q): p mínimo = 0.0000,0,0,1,1,1,1
AR(2) cplx corto p8 r.7,1,29,1,1,SFsob,estac.,—,∇^2 θ̂+1.0000 LR0.000,cancela,θ̂-0.0051 LR70.969,genuina,sin par,0,,1,0,1,1,1,1
AR(2) cplx corto p8 r.7,1,29,2,1,—,,—,∇^3 θ̂+1.0000 LR0.000,cancela,θ̂+1.0000 LR0.000,cancelada,sin par,1,ruido blanco (Q): p mínimo = 0.0000,0,0,0,1,1,1
AR(2) cplx corto p8 r.7,1,30,0,1,SF,raíz,—,∇^1 θ̂-0.1788 LR42.889,genuina,—,,—,1,ruido blanco (Q): p mínimo = 0.0000,0,0,1,1,2,1
AR(2) cplx corto p8 r.7,1,30,1,1,SFsob,estac.,—,∇^2 θ̂+0.9394 LR4.947,,θ̂-0.1788 LR42.889,genuina,sin par,0,,1,0,1,1,2,1
AR(2) cplx corto p8 r.7,1,30,2,1,—,,—,∇^3 θ̂+1.0000 LR-0.000,cancela,θ̂+0.9394 LR4.947,genuina,sin par,1,ruido blanco (Q): p mínimo = 0.0000; estacionalidad en los r,0,0,0,1,2,1
AR(2) cplx corto p8 r.7,1,31,0,1,SF,estac.,—,∇^1 θ̂+0.0231 LR74.130,genuina,—,,discrepan,1,ruido blanco (Q): p mínimo = 0.0000,0,0,0,1,1,1
AR(2) cplx corto p8 r.7,1,31,1,1,—,,—,∇^2 θ̂+1.0000 LR0.000,cancela,θ̂+0.0231 LR74.130,genuina,sin par,0,,1,0,0,1,1,1
AR(2) cplx corto p8 r.7,1,31,2,1,—,,—,∇^3 θ̂+1.0000 LR-0.000,cancela,θ̂+1.0000 LR0.000,cancelada,sin par,1,ruido blanco (Q): p mínimo = 0.0000,0,0,0,1,1,1
AR(2) cplx corto p8 r.7,1,32,0,1,SF,estac.,—,∇^1 θ̂+0.2386 LR36.323,genuina,—,,discrepan,1,ruido blanco (Q): p mínimo = 0.0000,0,0,0,1,1,1
AR(2) cplx corto p8 r.7,1,32,1,1,—,,—,∇^2 θ̂+1.0000 LR0.000,cancela,θ̂+0.2386 LR36.323,genuina,sin par,1,estacionalidad en los residuos (p = 0.0391),0,0,0,1,1,1
AR(2) cplx corto p8 r.7,1,32,2,1,—,,—,∇^3 θ̂+1.0000 LR-0.000,cancela,θ̂+1.0000 LR-0.000,cancelada,sin par,1,ruido blanco (Q): p mínimo = 0.0016; estacionalidad en los r,0,0,0,1,1,1
AR(2) cplx corto p8 r.7,1,33,0,1,SF,raíz,—,∇^1 θ̂+0.1715 LR55.173,genuina,—,,coinciden,1,ruido blanco (Q): p mínimo = 0.0000,0,0,0,1,1,1
AR(2) cplx corto p8 r.7,1,33,1,1,—,,—,∇^2 θ̂+1.0000 LR0.000,cancela,θ̂+0.1714 LR55.173,genuina,sin par,0,,1,0,0,1,1,1
AR(2) cplx corto p8 r.7,1,33,2,1,—,,—,∇^3 θ̂+1.0000 LR0.000,cancela,θ̂+1.0000 LR-0.000,cancelada,sin par,1,ruido blanco (Q): p mínimo = 0.0000,0,0,0,1,1,1
AR(2) cplx corto p8 r.7,1,34,0,1,SF,raíz,—,∇^1 θ̂+0.1179 LR80.105,genuina,—,,coinciden,1,ruido blanco (Q): p mínimo = 0.0000,0,0,0,1,1,1
AR(2) cplx corto p8 r.7,1,34,1,1,—,,—,∇^2 θ̂+1.0000 LR0.000,cancela,θ̂+0.1179 LR80.105,genuina,sin par,0,,1,0,0,1,1,1
AR(2) cplx corto p8 r.7,1,34,2,1,—,,—,∇^3 θ̂+1.0000 LR0.000,cancela,θ̂+1.0000 LR-0.000,cancelada,sin par,1,ruido blanco (Q): p mínimo = 0.0000,0,0,0,1,1,1
AR(2) cplx corto p8 r.7,1,35,0,1,SF,raíz,—,∇^1 θ̂+0.0692 LR69.258,genuina,—,,coinciden,1,"ruido blanco (Q): p mínimo = 0.0000; normalidad (JB): 6.900,",0,0,0,1,1,1
AR(2) cplx corto p8 r.7,1,35,1,1,—,,—,∇^2 θ̂+0.9809 LR0.292,cancela,θ̂+0.0692 LR69.258,genuina,sin par,0,,1,0,0,1,1,1
AR(2) cplx corto p8 r.7,1,35,2,1,—,,—,∇^3 θ̂+1.0000 LR0.000,cancela,θ̂+0.9809 LR0.292,cancelada,sin par,1,ruido blanco (Q): p mínimo = 0.0000,0,0,0,1,1,1
AR(2) cplx corto p8 r.7,1,36,0,1,SF,estac.,—,∇^1 θ̂+0.0227 LR55.087,genuina,—,,discrepan,1,ruido blanco (Q): p mínimo = 0.0000,0,0,0,1,1,1
AR(2) cplx corto p8 r.7,1,36,1,1,—,,—,∇^2 θ̂+1.0000 LR-0.000,cancela,θ̂+0.0227 LR55.087,genuina,sin par,0,,1,0,0,1,1,1
AR(2) cplx corto p8 r.7,1,36,2,1,—,,—,∇^3 θ̂+1.0000 LR0.000,cancela,θ̂+1.0000 LR0.000,cancelada,sin par,1,ruido blanco (Q): p mínimo = 0.0005,0,0,0,1,1,1
AR(2) cplx corto p8 r.7,1,37,0,1,SF,raíz,—,∇^1 θ̂+0.1845 LR13.457,genuina,—,,coinciden,1,ruido blanco (Q): p mínimo = 0.0039,0,0,0,1,1,1
AR(2) cplx corto p8 r.7,1,37,1,1,—,,—,∇^2 θ̂+1.0000 LR-0.000,cancela,θ̂+0.1845 LR13.457,genuina,sin par,0,,1,0,0,1,1,1
AR(2) cplx corto p8 r.7,1,37,2,1,—,,—,∇^3 θ̂+1.0000 LR0.000,cancela,θ̂+1.0000 LR-0.000,cancelada,sin par,1,ruido blanco (Q): p mínimo = 0.0023,0,0,0,1,1,1
AR(2) cplx corto p8 r.7,1,38,0,1,SF,raíz,—,∇^1 θ̂-0.0200 LR46.476,genuina,—,,—,1,ruido blanco (Q): p mínimo = 0.0000,0,0,1,1,1,1
AR(2) cplx corto p8 r.7,1,38,1,1,SFsob,estac.,—,∇^2 θ̂+0.9974 LR0.000,cancela,θ̂-0.0200 LR46.476,genuina,sin par,0,,1,0,1,1,1,1
AR(2) cplx corto p8 r.7,1,38,2,1,—,,—,∇^3 θ̂+1.0000 LR0.000,cancela,θ̂+0.9974 LR0.000,cancelada,sin par,1,ruido blanco (Q): p mínimo = 0.0014,0,0,0,1,1,1
AR(2) cplx corto p8 r.7,1,39,0,1,SFsob,raíz,—,∇^1 θ̂+0.0963 LR86.295,,—,,sin par,1,ruido blanco (Q): p mínimo = 0.0000,0,0,0,1,1,1
AR(2) cplx corto p8 r.7,1,39,1,1,—,,—,∇^2 θ̂+1.0000 LR0.000,cancela,θ̂+0.0963 LR86.295,genuina,sin par,1,ruido blanco (Q): p mínimo = 0.0175,0,0,0,1,1,1
AR(2) cplx corto p8 r.7,1,39,2,1,—,,—,∇^3 θ̂+1.0000 LR-0.000,cancela,θ̂+1.0000 LR0.000,cancelada,sin par,1,ruido blanco (Q): p mínimo = 0.0000,0,0,0,1,1,1
AR(2) cplx corto p8 r.7,1,40,0,1,SFsob,raíz,—,∇^1 θ̂-0.0688 LR35.752,,—,,sin par,1,ruido blanco (Q): p mínimo = 0.0000,0,0,1,0,1,1
AR(2) cplx corto p8 r.7,1,40,1,1,SFsob,estac.,—,∇^2 θ̂+0.9829 LR0.645,cancela,θ̂-0.0688 LR35.752,genuina,sin par,0,,1,0,1,0,1,1
AR(2) cplx corto p8 r.7,1,40,2,1,—,,—,∇^3 θ̂+1.0000 LR-0.000,cancela,θ̂+0.9829 LR0.645,cancelada,sin par,1,ruido blanco (Q): p mínimo = 0.0001,0,0,0,0,1,1
AR(2) cplx corto p8 r.7,1,41,0,1,SFsob,raíz,—,∇^1 θ̂+0.0406 LR49.346,,—,,sin par,1,ruido blanco (Q): p mínimo = 0.0000,0,0,0,0,1,1
AR(2) cplx corto p8 r.7,1,41,1,1,—,,—,∇^2 θ̂+0.9876 LR0.241,cancela,θ̂+0.0406 LR49.346,genuina,sin par,0,,1,0,0,0,1,1
AR(2) cplx corto p8 r.7,1,41,2,1,—,,—,∇^3 θ̂+1.0000 LR0.000,cancela,θ̂+0.9876 LR0.241,cancelada,sin par,1,ruido blanco (Q): p mínimo = 0.0000,0,0,0,0,1,1
AR(2) cplx corto p8 r.7,1,42,0,1,SFsob,raíz,—,∇^1 θ̂-0.0086 LR83.657,,—,,sin par,1,ruido blanco (Q): p mínimo = 0.0000,0,0,1,1,1,1
AR(2) cplx corto p8 r.7,1,42,1,1,SFsob,estac.,—,∇^2 θ̂+0.9874 LR0.216,cancela,θ̂-0.0086 LR83.657,genuina,sin par,1,ruido blanco (Q): p mínimo = 0.0217,0,0,1,1,1,1
AR(2) cplx corto p8 r.7,1,42,2,1,—,,—,∇^3 θ̂+1.0000 LR-0.000,cancela,θ̂+0.9874 LR0.216,cancelada,sin par,1,ruido blanco (Q): p mínimo = 0.0001,0,0,0,1,1,1
AR(2) cplx corto p8 r.7,1,43,0,1,SF,estac.,—,∇^1 θ̂-0.0029 LR63.576,genuina,—,,—,1,ruido blanco (Q): p mínimo = 0.0000; normalidad (JB): 10.355,0,0,1,1,1,1
AR(2) cplx corto p8 r.7,1,43,1,1,SFsob,estac.,—,∇^2 θ̂+0.9674 LR1.631,cancela,θ̂-0.0029 LR63.576,genuina,sin par,0,,1,0,1,1,1,1
AR(2) cplx corto p8 r.7,1,43,2,1,—,,—,∇^3 θ̂+1.0000 LR-0.000,cancela,θ̂+0.9674 LR1.631,cancelada,sin par,1,ruido blanco (Q): p mínimo = 0.0002,0,0,0,1,1,1
AR(2) cplx corto p8 r.7,1,44,0,1,SFsob,raíz,—,∇^1 θ̂+0.2684 LR61.449,,—,,sin par,1,"ruido blanco (Q): p mínimo = 0.0000; normalidad (JB): 6.938,",0,0,0,1,1,1
AR(2) cplx corto p8 r.7,1,44,1,1,—,,—,∇^2 θ̂+1.0000 LR0.000,cancela,θ̂+0.2684 LR61.449,genuina,sin par,0,,1,0,0,1,1,1
AR(2) cplx corto p8 r.7,1,44,2,1,—,,—,∇^3 θ̂+1.0000 LR-0.000,cancela,θ̂+1.0000 LR0.000,cancelada,sin par,1,ruido blanco (Q): p mínimo = 0.0000,0,0,0,1,1,1
AR(2) cplx corto p8 r.7,1,45,0,1,SF,raíz,—,∇^1 θ̂-0.1486 LR57.461,genuina,—,,—,1,ruido blanco (Q): p mínimo = 0.0000,0,0,1,1,1,1
AR(2) cplx corto p8 r.7,1,45,1,1,SFsob,estac.,—,∇^2 θ̂+0.9913 LR0.067,cancela,θ̂-0.1486 LR57.461,genuina,sin par,0,,1,0,1,1,1,1
AR(2) cplx corto p8 r.7,1,45,2,1,—,,—,∇^3 θ̂+1.0000 LR0.000,cancela,θ̂+0.9913 LR0.067,cancelada,sin par,1,ruido blanco (Q): p mínimo = 0.0001,0,0,0,1,1,1
AR(2) cplx corto p8 r.7,1,46,0,1,SFsob,raíz,—,∇^1 θ̂-0.0759 LR64.873,,—,,sin par,1,ruido blanco (Q): p mínimo = 0.0000,0,0,1,0,1,1
AR(2) cplx corto p8 r.7,1,46,1,1,SFsob,estac.,—,∇^2 θ̂+1.0000 LR0.000,cancela,θ̂-0.0759 LR64.873,genuina,sin par,0,,1,0,1,0,1,1
AR(2) cplx corto p8 r.7,1,46,2,1,—,,—,∇^3 θ̂+1.0000 LR0.000,cancela,θ̂+1.0000 LR-0.000,cancelada,sin par,1,ruido blanco (Q): p mínimo = 0.0000,0,0,0,0,1,1
AR(2) cplx corto p8 r.7,1,47,0,1,SFsob,raíz,—,∇^1 θ̂-0.0174 LR79.288,,—,,sin par,1,ruido blanco (Q): p mínimo = 0.0000,0,0,1,0,0,1
AR(2) cplx corto p8 r.7,1,47,1,1,SFsob,estac.,—,∇^2 θ̂+0.9931 LR0.017,cancela,θ̂-0.0174 LR79.288,genuina,sin par,0,,1,0,1,0,0,1
AR(2) cplx corto p8 r.7,1,47,2,1,—,,—,∇^3 θ̂+1.0000 LR-0.000,cancela,θ̂+0.9931 LR0.017,cancelada,sin par,1,ruido blanco (Q): p mínimo = 0.0000,0,0,0,0,0,1
AR(2) cplx corto p8 r.7,1,48,0,1,SF,estac.,—,∇^1 θ̂+0.1086 LR34.087,genuina,—,,discrepan,1,ruido blanco (Q): p mínimo = 0.0000; estacionalidad en los r,0,0,0,1,1,1
AR(2) cplx corto p8 r.7,1,48,1,1,—,,—,∇^2 θ̂+1.0000 LR0.000,cancela,θ̂+0.1086 LR34.087,genuina,sin par,0,,1,0,0,1,1,1
AR(2) cplx corto p8 r.7,1,48,2,1,—,,—,∇^3 θ̂+1.0000 LR-0.000,cancela,θ̂+1.0000 LR-0.000,cancelada,sin par,1,ruido blanco (Q): p mínimo = 0.0000,0,0,0,1,1,1
AR(2) cplx corto p8 r.7,1,49,0,1,SF,estac.,—,∇^1 θ̂+0.0419 LR63.354,genuina,—,,discrepan,1,ruido blanco (Q): p mínimo = 0.0000,0,0,0,1,1,1
AR(2) cplx corto p8 r.7,1,49,1,1,—,,—,∇^2 θ̂+1.0000 LR-0.000,cancela,θ̂+0.0419 LR63.354,genuina,sin par,0,,1,0,0,1,1,1
AR(2) cplx corto p8 r.7,1,49,2,1,—,,—,∇^3 θ̂+1.0000 LR-0.000,cancela,θ̂+1.0000 LR0.000,cancelada,sin par,1,ruido blanco (Q): p mínimo = 0.0004,0,0,0,1,1,1
AR(2) cplx largo p36 r.97,1,0,0,1,—,,—,∇^1 θ̂+0.0240 LR426.926,,—,,sin par,1,ruido blanco (Q): p mínimo = 0.0000,0,0,0,1,1,1
AR(2) cplx largo p36 r.97,1,0,1,1,—,,—,∇^2 θ̂+1.0000 LR0.000,cancela,θ̂+0.0240 LR426.926,genuina,sin par,1,ruido blanco (Q): p mínimo = 0.0136; estacionalidad en los r,0,0,0,1,1,1
AR(2) cplx largo p36 r.97,1,0,2,1,SF,estac.,—,∇^3 θ̂+1.0000 LR0.000,cancela,θ̂+1.0000 LR-0.000,cancelada,coinciden,1,ruido blanco (Q): p mínimo = 0.0000; estacionalidad en los r,0,0,0,1,1,1
AR(2) cplx largo p36 r.97,1,1,0,1,—,,—,∇^1 θ̂-0.0001 LR293.954,,—,,sin par,1,ruido blanco (Q): p mínimo = 0.0000,0,0,1,0,0,1
AR(2) cplx largo p36 r.97,1,1,1,1,—,,—,∇^2 θ̂+1.0000 LR-0.000,cancela,θ̂+0.0108 LR293.974,genuina,sin par,0,,1,0,0,0,0,1
AR(2) cplx largo p36 r.97,1,1,2,1,SF,estac.,—,∇^3 θ̂+1.0000 LR-0.000,cancela,θ̂+1.0000 LR0.000,cancelada,coinciden,1,ruido blanco (Q): p mínimo = 0.0001,0,0,0,0,0,1
AR(2) cplx largo p36 r.97,1,2,0,1,—,,—,∇^1 θ̂-0.0549 LR327.173,,—,,sin par,1,"ruido blanco (Q): p mínimo = 0.0000; normalidad (JB): 9.903,",0,0,1,1,1,1
AR(2) cplx largo p36 r.97,1,2,1,1,SFsob,estac.,—,∇^2 θ̂+0.9777 LR0.663,cancela,θ̂-0.0549 LR327.173,genuina,sin par,0,,1,0,1,1,1,1
AR(2) cplx largo p36 r.97,1,2,2,1,SF,estac.,—,∇^3 θ̂+1.0000 LR0.000,cancela,θ̂+0.9777 LR0.663,cancelada,coinciden,0,,1,0,0,1,1,1
AR(2) cplx largo p36 r.97,1,3,0,1,—,,—,∇^1 θ̂-0.0703 LR294.410,,—,,sin par,1,ruido blanco (Q): p mínimo = 0.0000,0,0,1,1,1,1
AR(2) cplx largo p36 r.97,1,3,1,1,SFsob,estac.,—,∇^2 θ̂+0.9665 LR0.719,cancela,θ̂-0.0703 LR294.410,genuina,sin par,0,,1,0,1,1,1,1
AR(2) cplx largo p36 r.97,1,3,2,1,SF,estac.,—,∇^3 θ̂+1.0000 LR-0.000,cancela,θ̂+0.9665 LR0.719,cancelada,coinciden,1,ruido blanco (Q): p mínimo = 0.0001,0,0,0,1,1,1
AR(2) cplx largo p36 r.97,1,4,0,1,—,,—,∇^1 θ̂-0.1365 LR289.881,,—,,sin par,1,ruido blanco (Q): p mínimo = 0.0000; normalidad (JB): 102.15,0,0,1,1,1,1
AR(2) cplx largo p36 r.97,1,4,1,1,SFsob,estac.,—,∇^2 θ̂+1.0000 LR0.000,cancela,θ̂-0.1365 LR289.881,genuina,sin par,0,,1,0,1,1,1,1
AR(2) cplx largo p36 r.97,1,4,2,1,SF,estac.,—,∇^3 θ̂+1.0000 LR0.000,cancela,θ̂+1.0000 LR0.000,cancelada,coinciden,0,,1,0,0,1,1,1
AR(2) cplx largo p36 r.97,1,5,0,1,—,,—,∇^1 θ̂-0.0939 LR273.447,,—,,sin par,1,ruido blanco (Q): p mínimo = 0.0000,0,0,1,1,1,2
AR(2) cplx largo p36 r.97,1,5,1,1,SFsob,estac.,—,∇^2 θ̂+0.8622 LR-2.339,cancela,θ̂-0.0939 LR273.447,genuina,sin par,1,ruido blanco (Q): p mínimo = 0.0464,0,1,1,1,1,2
AR(2) cplx largo p36 r.97,1,5,2,1,SF,estac.,—,∇^3 θ̂+1.0000 LR-0.000,cancela,θ̂+1.0000 LR0.000,cancelada,coinciden,1,ruido blanco (Q): p mínimo = 0.0002,0,0,0,1,1,2
AR(2) cplx largo p36 r.97,1,6,0,1,—,,—,∇^1 θ̂-0.0138 LR260.393,,—,,sin par,1,ruido blanco (Q): p mínimo = 0.0000,0,0,1,1,1,1
AR(2) cplx largo p36 r.97,1,6,1,1,SFsob,estac.,—,∇^2 θ̂+1.0000 LR-0.000,cancela,θ̂-0.0138 LR260.393,genuina,sin par,0,,1,0,1,1,1,1
AR(2) cplx largo p36 r.97,1,6,2,1,SF,estac.,—,∇^3 θ̂+1.0000 LR-0.000,cancela,θ̂+1.0000 LR-0.000,cancelada,coinciden,1,ruido blanco (Q): p mínimo = 0.0060,0,0,0,1,1,1
AR(2) cplx largo p36 r.97,1,7,0,1,—,,—,∇^1 θ̂-0.0000 LR326.538,,—,,sin par,1,ruido blanco (Q): p mínimo = 0.0000,0,0,1,1,1,1
AR(2) cplx largo p36 r.97,1,7,1,1,—,,—,∇^2 θ̂+1.0000 LR-0.000,cancela,θ̂+0.0002 LR326.538,genuina,sin par,0,,1,0,0,1,1,1
AR(2) cplx largo p36 r.97,1,7,2,1,SF,estac.,—,∇^3 θ̂+1.0000 LR0.000,cancela,θ̂+1.0000 LR-0.000,cancelada,coinciden,0,,1,0,0,1,1,1
AR(2) cplx largo p36 r.97,1,8,0,1,—,,—,∇^1 θ̂-0.0546 LR316.804,,—,,sin par,1,ruido blanco (Q): p mínimo = 0.0000,0,0,1,1,1,1
AR(2) cplx largo p36 r.97,1,8,1,1,SFsob,estac.,—,∇^2 θ̂+1.0000 LR0.000,cancela,θ̂-0.0546 LR316.804,genuina,sin par,0,,1,0,1,1,1,1
AR(2) cplx largo p36 r.97,1,8,2,1,SF,estac.,—,∇^3 θ̂+1.0000 LR0.000,cancela,θ̂+1.0000 LR0.000,cancelada,coinciden,1,ruido blanco (Q): p mínimo = 0.0049,0,0,0,1,1,1
AR(2) cplx largo p36 r.97,1,9,0,1,—,,—,∇^1 θ̂+0.0055 LR281.839,,—,,sin par,1,ruido blanco (Q): p mínimo = 0.0000,0,0,0,1,1,1
AR(2) cplx largo p36 r.97,1,9,1,1,—,,—,∇^2 θ̂+1.0000 LR0.000,cancela,θ̂+0.0055 LR281.839,genuina,sin par,0,,1,0,0,1,1,1
AR(2) cplx largo p36 r.97,1,9,2,1,SF,estac.,—,∇^3 θ̂+1.0000 LR0.000,cancela,θ̂+1.0000 LR-0.000,cancelada,coinciden,1,ruido blanco (Q): p mínimo = 0.0102,0,0,0,1,1,1
AR(2) cplx largo p36 r.97,1,11,0,1,—,,—,∇^1 θ̂+0.0155 LR397.681,,—,,sin par,1,ruido blanco (Q): p mínimo = 0.0000,0,0,0,1,1,1
AR(2) cplx largo p36 r.97,1,11,1,1,—,,—,∇^2 θ̂+1.0000 LR0.000,cancela,θ̂+0.0155 LR397.681,genuina,sin par,0,,1,0,0,1,1,1
AR(2) cplx largo p36 r.97,1,11,2,1,SF,estac.,—,∇^3 θ̂+1.0000 LR-0.000,cancela,θ̂+1.0000 LR-0.000,cancelada,coinciden,1,ruido blanco (Q): p mínimo = 0.0017,0,0,0,1,1,1
AR(2) cplx largo p36 r.97,1,12,0,1,—,,—,∇^1 θ̂+0.0799 LR395.019,,—,,sin par,1,ruido blanco (Q): p mínimo = 0.0000,0,0,0,1,1,1
AR(2) cplx largo p36 r.97,1,12,1,1,—,,—,∇^2 θ̂+1.0000 LR0.000,cancela,θ̂+0.0799 LR395.019,genuina,sin par,0,,1,0,0,1,1,1
AR(2) cplx largo p36 r.97,1,12,2,1,SF,estac.,—,∇^3 θ̂+1.0000 LR0.000,cancela,θ̂+1.0000 LR-0.000,cancelada,coinciden,1,ruido blanco (Q): p mínimo = 0.0001,0,0,0,1,1,1
AR(2) cplx largo p36 r.97,1,10,0,1,—,,—,∇^1 θ̂-0.0178 LR338.387,,—,,sin par,1,"ruido blanco (Q): p mínimo = 0.0000; normalidad (JB): 6.122,",0,0,1,1,1,1
AR(2) cplx largo p36 r.97,1,10,1,1,SFsob,estac.,—,∇^2 θ̂+0.9887 LR0.168,cancela,θ̂-0.0178 LR338.387,genuina,sin par,0,,1,0,1,1,1,1
AR(2) cplx largo p36 r.97,1,10,2,1,SF,estac.,—,∇^3 θ̂+1.0000 LR0.000,cancela,θ̂+0.9887 LR0.168,cancelada,coinciden,0,,1,0,0,1,1,1
AR(2) cplx largo p36 r.97,1,13,0,1,SFsob,raíz,—,∇^1 θ̂-0.0000 LR316.271,,—,,sin par,1,ruido blanco (Q): p mínimo = 0.0000,0,0,1,1,1,0
AR(2) cplx largo p36 r.97,1,13,1,1,—,,—,∇^2 θ̂+1.0000 LR0.000,cancela,θ̂+0.0252 LR316.381,genuina,sin par,0,,1,0,0,1,1,0
AR(2) cplx largo p36 r.97,1,13,2,1,SF,estac.,—,∇^3 θ̂+1.0000 LR0.000,cancela,θ̂+1.0000 LR-0.000,cancelada,coinciden,1,ruido blanco (Q): p mínimo = 0.0001,0,0,0,1,1,0
AR(2) cplx largo p36 r.97,1,14,0,1,—,,—,∇^1 θ̂+0.0435 LR453.517,,—,,sin par,1,"ruido blanco (Q): p mínimo = 0.0000; normalidad (JB): 6.771,",0,0,0,1,1,1
AR(2) cplx largo p36 r.97,1,14,1,1,—,,—,∇^2 θ̂+1.0000 LR-0.000,cancela,θ̂+0.0435 LR453.517,genuina,sin par,1,ruido blanco (Q): p mínimo = 0.0286; estacionalidad en los r,0,0,0,1,1,1
AR(2) cplx largo p36 r.97,1,14,2,1,SF,estac.,—,∇^3 θ̂+1.0000 LR0.000,cancela,θ̂+1.0000 LR0.000,cancelada,coinciden,1,ruido blanco (Q): p mínimo = 0.0000; estacionalidad en los r,0,0,0,1,1,1
AR(2) cplx largo p36 r.97,1,16,0,1,—,,—,∇^1 θ̂+0.1366 LR373.817,,—,,sin par,1,ruido blanco (Q): p mínimo = 0.0000; normalidad (JB): 26.121,0,0,0,1,1,1
AR(2) cplx largo p36 r.97,1,16,1,1,—,,—,∇^2 θ̂+1.0000 LR0.000,cancela,θ̂+0.1366 LR373.817,genuina,sin par,0,,1,0,0,1,1,1
AR(2) cplx largo p36 r.97,1,16,2,1,SF,estac.,—,∇^3 θ̂+1.0000 LR-0.000,cancela,θ̂+1.0000 LR0.000,cancelada,coinciden,1,ruido blanco (Q): p mínimo = 0.0003,0,0,0,1,1,1
AR(2) cplx largo p36 r.97,1,15,0,1,—,,—,∇^1 θ̂+0.1285 LR372.766,,—,,sin par,1,ruido blanco (Q): p mínimo = 0.0000,0,0,0,1,2,1
AR(2) cplx largo p36 r.97,1,15,1,1,—,,—,∇^2 θ̂+0.9462 LR3.944,,θ̂+0.1285 LR372.766,genuina,sin par,1,ruido blanco (Q): p mínimo = 0.0005,0,0,0,1,2,1
AR(2) cplx largo p36 r.97,1,15,2,1,SF,estac.,—,∇^3 θ̂+0.4557 LR5.297,genuina,θ̂+0.9462 LR3.944,genuina,discrepan,1,ruido blanco (Q): p mínimo = 0.0000,0,0,0,1,2,1
AR(2) cplx largo p36 r.97,1,17,0,1,—,,—,∇^1 θ̂+0.0581 LR319.677,,—,,sin par,1,ruido blanco (Q): p mínimo = 0.0000,0,0,0,1,1,1
AR(2) cplx largo p36 r.97,1,17,1,1,—,,—,∇^2 θ̂+1.0000 LR0.000,cancela,θ̂+0.0581 LR319.677,genuina,sin par,0,,1,0,0,1,1,1
AR(2) cplx largo p36 r.97,1,17,2,1,SF,estac.,—,∇^3 θ̂+1.0000 LR-0.000,cancela,θ̂+0.9733 LR0.096,cancelada,coinciden,1,ruido blanco (Q): p mínimo = 0.0001,0,0,0,1,1,1
AR(2) cplx largo p36 r.97,1,18,0,1,—,,—,∇^1 θ̂-0.1379 LR411.356,,—,,sin par,1,ruido blanco (Q): p mínimo = 0.0000,0,0,1,1,1,1
AR(2) cplx largo p36 r.97,1,18,1,1,SFsob,estac.,—,∇^2 θ̂+0.9466 LR5.485,,θ̂-0.1379 LR411.356,genuina,sin par,1,"normalidad (JB): 12.678, p = 0.0018",0,0,1,1,1,1
AR(2) cplx largo p36 r.97,1,18,2,1,SF,estac.,—,∇^3 θ̂+1.0000 LR0.000,cancela,θ̂+0.9466 LR5.485,genuina,coinciden,1,"ruido blanco (Q): p mínimo = 0.0005; normalidad (JB): 6.723,",0,0,0,1,1,1
AR(2) cplx largo p36 r.97,1,20,0,1,SFsob,raíz,—,∇^1 θ̂-0.0253 LR267.803,,—,,sin par,1,ruido blanco (Q): p mínimo = 0.0000,0,0,1,1,1,1
AR(2) cplx largo p36 r.97,1,20,1,1,SFsob,estac.,—,∇^2 θ̂+1.0000 LR0.000,cancela,θ̂-0.0253 LR267.803,genuina,sin par,0,,1,0,1,1,1,1
AR(2) cplx largo p36 r.97,1,20,2,1,SF,estac.,—,∇^3 θ̂+1.0000 LR0.000,cancela,θ̂+1.0000 LR-0.000,cancelada,coinciden,0,,1,0,0,1,1,1
AR(2) cplx largo p36 r.97,1,19,0,1,—,,—,∇^1 θ̂+0.0759 LR272.833,,—,,sin par,1,ruido blanco (Q): p mínimo = 0.0000,0,0,0,1,1,0
AR(2) cplx largo p36 r.97,1,19,1,1,—,,—,∇^2 θ̂+0.9848 LR0.133,cancela,θ̂+0.0759 LR272.833,genuina,sin par,1,"normalidad (JB): 10.948, p = 0.0042",0,0,0,1,1,0
AR(2) cplx largo p36 r.97,1,19,2,1,SF,estac.,—,∇^3 θ̂+1.0000 LR0.000,cancela,θ̂+0.9848 LR0.133,cancelada,coinciden,1,ruido blanco (Q): p mínimo = 0.0213,0,0,0,1,1,0
AR(2) cplx largo p36 r.97,1,21,0,1,—,,—,∇^1 θ̂-0.0000 LR333.160,,—,,sin par,1,ruido blanco (Q): p mínimo = 0.0000,0,0,1,0,1,0
AR(2) cplx largo p36 r.97,1,21,1,1,—,,—,∇^2 θ̂+1.0000 LR-0.000,cancela,θ̂+0.0006 LR333.160,genuina,sin par,0,,1,0,0,0,1,0
AR(2) cplx largo p36 r.97,1,21,2,1,SF,estac.,—,∇^3 θ̂+1.0000 LR0.000,cancela,θ̂+1.0000 LR-0.000,cancelada,coinciden,1,ruido blanco (Q): p mínimo = 0.0001,0,0,0,0,1,0
AR(2) cplx largo p36 r.97,1,23,0,1,—,,—,∇^1 θ̂+0.1026 LR271.507,,—,,sin par,1,ruido blanco (Q): p mínimo = 0.0000,0,0,0,0,1,1
AR(2) cplx largo p36 r.97,1,23,1,1,—,,—,∇^2 θ̂+1.0000 LR-0.000,cancela,θ̂+0.1026 LR271.507,genuina,sin par,0,,1,0,0,0,1,1
AR(2) cplx largo p36 r.97,1,23,2,1,SF,estac.,—,∇^3 θ̂+1.0000 LR-0.000,cancela,θ̂+1.0000 LR0.000,cancelada,coinciden,1,ruido blanco (Q): p mínimo = 0.0002,0,0,0,0,1,1
AR(2) cplx largo p36 r.97,1,22,0,1,—,,—,∇^1 θ̂-0.0320 LR231.514,,—,,sin par,1,ruido blanco (Q): p mínimo = 0.0000,0,0,1,1,1,0
AR(2) cplx largo p36 r.97,1,22,1,1,SFsob,estac.,—,∇^2 θ̂+1.0000 LR-0.000,cancela,θ̂-0.0320 LR231.514,genuina,sin par,0,,1,0,1,1,1,0
AR(2) cplx largo p36 r.97,1,22,2,1,SF,estac.,—,∇^3 θ̂+1.0000 LR-0.000,cancela,θ̂+1.0000 LR0.000,cancelada,coinciden,0,,1,0,0,1,1,0
AR(2) cplx largo p36 r.97,1,24,0,1,SFsob,raíz,—,∇^1 θ̂+0.0588 LR339.059,,—,,sin par,1,ruido blanco (Q): p mínimo = 0.0000,0,0,0,1,1,1
AR(2) cplx largo p36 r.97,1,24,1,1,—,,—,∇^2 θ̂+1.0000 LR-0.000,cancela,θ̂+0.0588 LR339.059,genuina,sin par,0,,1,0,0,1,1,1
AR(2) cplx largo p36 r.97,1,24,2,1,SF,estac.,—,∇^3 θ̂+1.0000 LR0.000,cancela,θ̂+1.0000 LR0.000,cancelada,coinciden,1,ruido blanco (Q): p mínimo = 0.0002,0,0,0,1,1,1
AR(2) cplx largo p36 r.97,1,25,0,1,—,,—,∇^1 θ̂+0.0125 LR428.354,,—,,sin par,1,ruido blanco (Q): p mínimo = 0.0000,0,0,0,1,1,1
AR(2) cplx largo p36 r.97,1,25,1,1,—,,—,∇^2 θ̂+1.0000 LR0.000,cancela,θ̂+0.0125 LR428.354,genuina,sin par,0,,1,0,0,1,1,1
AR(2) cplx largo p36 r.97,1,25,2,1,SF,estac.,—,∇^3 θ̂+1.0000 LR0.000,cancela,θ̂+1.0000 LR0.000,cancelada,coinciden,1,ruido blanco (Q): p mínimo = 0.0000,0,0,0,1,1,1
AR(2) cplx largo p36 r.97,1,27,0,1,—,,—,∇^1 θ̂-0.0584 LR411.454,,—,,sin par,1,"ruido blanco (Q): p mínimo = 0.0000; normalidad (JB): 6.002,",0,0,1,1,1,1
AR(2) cplx largo p36 r.97,1,27,1,1,SFsob,estac.,—,∇^2 θ̂+1.0000 LR-0.000,cancela,θ̂-0.0584 LR411.454,genuina,sin par,0,,1,0,1,1,1,1
AR(2) cplx largo p36 r.97,1,27,2,1,SF,estac.,—,∇^3 θ̂+1.0000 LR0.000,cancela,θ̂+1.0000 LR-0.000,cancelada,coinciden,1,ruido blanco (Q): p mínimo = 0.0000,0,0,0,1,1,1
AR(2) cplx largo p36 r.97,1,26,0,1,—,,—,∇^1 θ̂+0.1695 LR346.457,,—,,sin par,1,ruido blanco (Q): p mínimo = 0.0000; normalidad (JB): 21.004,0,0,0,1,1,1
AR(2) cplx largo p36 r.97,1,26,1,1,—,,—,∇^2 θ̂+1.0000 LR-0.000,cancela,θ̂+0.1695 LR346.457,genuina,sin par,0,,1,0,0,1,1,1
AR(2) cplx largo p36 r.97,1,26,2,1,SF,estac.,—,∇^3 θ̂+1.0000 LR0.000,cancela,θ̂+1.0000 LR0.000,cancelada,coinciden,1,ruido blanco (Q): p mínimo = 0.0000,0,0,0,1,1,1
AR(2) cplx largo p36 r.97,1,28,0,1,—,,—,∇^1 θ̂-0.0958 LR279.062,,—,,sin par,1,"ruido blanco (Q): p mínimo = 0.0000; normalidad (JB): 7.029,",0,0,1,1,2,2
AR(2) cplx largo p36 r.97,1,28,1,1,SFsob,estac.,—,∇^2 θ̂+0.9540 LR0.197,cancela,θ̂-0.0958 LR279.062,genuina,sin par,0,,1,0,1,1,2,2
AR(2) cplx largo p36 r.97,1,28,2,1,SF,estac.,—,∇^3 θ̂+1.0000 LR-0.000,cancela,θ̂+0.9540 LR0.197,cancelada,coinciden,0,,1,0,0,1,2,2
AR(2) cplx largo p36 r.97,1,29,0,1,—,,—,∇^1 θ̂-0.2377 LR378.791,,—,,sin par,1,ruido blanco (Q): p mínimo = 0.0000,0,0,1,1,0,1
AR(2) cplx largo p36 r.97,1,29,1,1,SFsob,estac.,—,∇^2 θ̂+0.9965 LR0.001,cancela,θ̂-0.2377 LR378.791,genuina,sin par,0,,1,0,1,1,0,1
AR(2) cplx largo p36 r.97,1,29,2,1,SF,estac.,—,∇^3 θ̂+1.0000 LR0.000,cancela,θ̂+0.9965 LR0.001,cancelada,coinciden,1,ruido blanco (Q): p mínimo = 0.0022,0,0,0,1,0,1
AR(2) cplx largo p36 r.97,1,30,0,1,—,,—,∇^1 θ̂+0.1051 LR287.805,,—,,sin par,1,"ruido blanco (Q): p mínimo = 0.0000; normalidad (JB): 8.813,",0,0,0,1,1,1
AR(2) cplx largo p36 r.97,1,30,1,1,—,,—,∇^2 θ̂+1.0000 LR-0.000,cancela,θ̂+0.1051 LR287.805,genuina,sin par,0,,1,0,0,1,1,1
AR(2) cplx largo p36 r.97,1,30,2,1,SF,estac.,—,∇^3 θ̂+1.0000 LR-0.000,cancela,θ̂+1.0000 LR-0.000,cancelada,coinciden,0,,1,0,0,1,1,1
AR(2) cplx largo p36 r.97,1,31,0,1,—,,—,∇^1 θ̂-0.0750 LR374.344,,—,,sin par,1,ruido blanco (Q): p mínimo = 0.0000,0,0,1,1,1,2
AR(2) cplx largo p36 r.97,1,31,1,1,SFsob,estac.,—,∇^2 θ̂+0.8613 LR2.182,,θ̂-0.0750 LR374.344,genuina,sin par,0,,1,0,1,1,1,2
AR(2) cplx largo p36 r.97,1,31,2,1,SF,estac.,—,∇^3 θ̂+1.0000 LR0.000,cancela,θ̂+0.8613 LR2.182,genuina,coinciden,0,,1,0,0,1,1,2
AR(2) cplx largo p36 r.97,1,33,0,1,SFsob,raíz,—,∇^1 θ̂+0.1278 LR317.786,,—,,sin par,1,ruido blanco (Q): p mínimo = 0.0000,0,0,0,1,1,1
AR(2) cplx largo p36 r.97,1,33,1,1,—,,—,∇^2 θ̂+1.0000 LR0.000,cancela,θ̂+0.1278 LR317.786,genuina,sin par,1,ruido blanco (Q): p mínimo = 0.0000,0,0,0,1,1,1
AR(2) cplx largo p36 r.97,1,33,2,1,SF,estac.,—,∇^3 θ̂+1.0000 LR-0.000,cancela,θ̂+1.0000 LR-0.000,cancelada,coinciden,1,ruido blanco (Q): p mínimo = 0.0000,0,0,0,1,1,1
AR(2) cplx largo p36 r.97,1,32,0,1,—,,—,∇^1 θ̂-0.0368 LR340.802,,—,,sin par,1,ruido blanco (Q): p mínimo = 0.0000,0,0,1,1,1,1
AR(2) cplx largo p36 r.97,1,32,1,1,SFsob,estac.,—,∇^2 θ̂+0.9815 LR0.810,cancela,θ̂-0.0368 LR340.802,genuina,sin par,0,,1,0,1,1,1,1
AR(2) cplx largo p36 r.97,1,32,2,1,SF,estac.,—,∇^3 θ̂+1.0000 LR-0.000,cancela,θ̂+0.9815 LR0.810,cancelada,coinciden,1,ruido blanco (Q): p mínimo = 0.0008,0,0,0,1,1,1
AR(2) cplx largo p36 r.97,1,34,0,1,—,,—,∇^1 θ̂-0.0948 LR354.344,,—,,sin par,1,ruido blanco (Q): p mínimo = 0.0000,0,0,1,1,0,1
AR(2) cplx largo p36 r.97,1,34,1,1,SFsob,estac.,—,∇^2 θ̂+0.9798 LR0.754,cancela,θ̂-0.0948 LR354.344,genuina,sin par,0,,1,0,1,1,0,1
AR(2) cplx largo p36 r.97,1,34,2,1,SF,estac.,—,∇^3 θ̂+1.0000 LR0.000,cancela,θ̂+0.9798 LR0.754,cancelada,coinciden,0,,1,0,0,1,0,1
AR(2) cplx largo p36 r.97,1,35,0,1,—,,—,∇^1 θ̂-0.0560 LR415.848,,—,,sin par,1,ruido blanco (Q): p mínimo = 0.0000,0,0,1,1,1,1
AR(2) cplx largo p36 r.97,1,35,1,1,SFsob,estac.,—,∇^2 θ̂+0.9955 LR0.002,cancela,θ̂-0.0560 LR415.848,genuina,sin par,0,,1,0,1,1,1,1
AR(2) cplx largo p36 r.97,1,35,2,1,SF,estac.,—,∇^3 θ̂+1.0000 LR0.000,cancela,θ̂+0.9955 LR0.002,cancelada,coinciden,1,ruido blanco (Q): p mínimo = 0.0002,0,0,0,1,1,1
AR(2) cplx largo p36 r.97,1,36,0,1,—,,—,∇^1 θ̂+0.0404 LR255.419,,—,,sin par,1,ruido blanco (Q): p mínimo = 0.0000,0,0,0,1,0,1
AR(2) cplx largo p36 r.97,1,36,1,1,—,,—,∇^2 θ̂+1.0000 LR0.000,cancela,θ̂+0.0404 LR255.419,genuina,sin par,0,,1,0,0,1,0,1
AR(2) cplx largo p36 r.97,1,36,2,1,SF,estac.,—,∇^3 θ̂+1.0000 LR-0.000,cancela,θ̂+1.0000 LR0.000,cancelada,coinciden,1,ruido blanco (Q): p mínimo = 0.0030,0,0,0,1,0,1
AR(2) cplx largo p36 r.97,1,37,0,1,—,,—,∇^1 θ̂-0.0272 LR357.710,,—,,sin par,1,ruido blanco (Q): p mínimo = 0.0000,0,0,1,1,0,1
AR(2) cplx largo p36 r.97,1,37,1,1,SFsob,estac.,—,∇^2 θ̂+0.9681 LR0.844,cancela,θ̂-0.0272 LR357.710,genuina,sin par,0,,1,0,1,1,0,1
AR(2) cplx largo p36 r.97,1,37,2,1,SF,estac.,—,∇^3 θ̂+1.0000 LR0.000,cancela,θ̂+0.9681 LR0.844,cancelada,coinciden,1,ruido blanco (Q): p mínimo = 0.0056,0,0,0,1,0,1
AR(2) cplx largo p36 r.97,1,39,0,1,—,,—,∇^1 θ̂+0.0307 LR466.430,,—,,sin par,1,ruido blanco (Q): p mínimo = 0.0000; normalidad (JB): 15.860,0,0,0,1,1,1
AR(2) cplx largo p36 r.97,1,39,1,1,—,,—,∇^2 θ̂+1.0000 LR0.000,cancela,θ̂+0.0307 LR466.430,genuina,sin par,0,,1,0,0,1,1,1
AR(2) cplx largo p36 r.97,1,39,2,1,SF,estac.,—,∇^3 θ̂+1.0000 LR0.000,cancela,θ̂+1.0000 LR-0.000,cancelada,coinciden,1,ruido blanco (Q): p mínimo = 0.0000,0,0,0,1,1,1
AR(2) cplx largo p36 r.97,1,38,0,1,—,,—,∇^1 θ̂+0.0923 LR406.674,,—,,sin par,1,ruido blanco (Q): p mínimo = 0.0000,0,0,0,1,1,1
AR(2) cplx largo p36 r.97,1,38,1,1,—,,—,∇^2 θ̂+1.0000 LR0.000,cancela,θ̂+0.0923 LR406.674,genuina,sin par,0,,1,0,0,1,1,1
AR(2) cplx largo p36 r.97,1,38,2,1,SF,estac.,—,∇^3 θ̂+0.3546 LR10.620,genuina,θ̂+1.0000 LR-0.000,cancelada,discrepan,1,ruido blanco (Q): p mínimo = 0.0000,0,0,0,1,1,1
AR(2) cplx largo p36 r.97,1,41,0,1,—,,—,∇^1 θ̂-0.0743 LR275.976,,—,,sin par,1,ruido blanco (Q): p mínimo = 0.0000,0,0,1,1,1,1
AR(2) cplx largo p36 r.97,1,41,1,1,SFsob,estac.,—,∇^2 θ̂+1.0000 LR0.000,cancela,θ̂-0.0743 LR275.976,genuina,sin par,0,,1,0,1,1,1,1
AR(2) cplx largo p36 r.97,1,41,2,1,SF,estac.,—,∇^3 θ̂+1.0000 LR-0.000,cancela,θ̂+1.0000 LR-0.000,cancelada,coinciden,0,,1,0,0,1,1,1
AR(2) cplx largo p36 r.97,1,40,0,1,—,,—,∇^1 θ̂-0.0535 LR586.277,,—,,sin par,1,"ruido blanco (Q): p mínimo = 0.0000; normalidad (JB): 8.794,",0,0,1,1,1,1
AR(2) cplx largo p36 r.97,1,40,1,1,SFsob,estac.,—,∇^2 θ̂+0.9413 LR3.810,,θ̂-0.0535 LR586.277,genuina,sin par,0,,1,0,1,1,1,1
AR(2) cplx largo p36 r.97,1,40,2,1,SF,estac.,—,∇^3 θ̂+0.3908 LR13.686,genuina,θ̂+0.9413 LR3.810,genuina,discrepan,1,ruido blanco (Q): p mínimo = 0.0000,0,0,0,1,1,1
AR(2) cplx largo p36 r.97,1,43,0,1,—,,—,∇^1 θ̂+0.0794 LR371.250,,—,,sin par,1,ruido blanco (Q): p mínimo = 0.0000,0,0,0,1,1,1
AR(2) cplx largo p36 r.97,1,43,1,1,—,,—,∇^2 θ̂+1.0000 LR0.000,cancela,θ̂+0.0794 LR371.250,genuina,sin par,0,,1,0,0,1,1,1
AR(2) cplx largo p36 r.97,1,43,2,1,SF,estac.,—,∇^3 θ̂+1.0000 LR0.000,cancela,θ̂+1.0000 LR-0.000,cancelada,coinciden,1,"ruido blanco (Q): p mínimo = 0.0004; normalidad (JB): 6.524,",0,0,0,1,1,1
AR(2) cplx largo p36 r.97,1,42,0,1,—,,—,∇^1 θ̂-0.1325 LR321.030,,—,,sin par,1,ruido blanco (Q): p mínimo = 0.0000,0,0,1,0,1,1
AR(2) cplx largo p36 r.97,1,42,1,1,SFsob,estac.,—,∇^2 θ̂+0.9730 LR0.891,cancela,θ̂-0.1325 LR321.030,genuina,sin par,0,,1,0,1,0,1,1
AR(2) cplx largo p36 r.97,1,42,2,1,SF,estac.,—,∇^3 θ̂+1.0000 LR-0.000,cancela,θ̂+0.9730 LR0.891,cancelada,coinciden,1,ruido blanco (Q): p mínimo = 0.0161,0,0,0,0,1,1
AR(2) cplx largo p36 r.97,1,44,0,1,SFsob,raíz,—,∇^1 θ̂-0.0000 LR302.243,,—,,sin par,1,"ruido blanco (Q): p mínimo = 0.0000; normalidad (JB): 8.076,",0,0,1,0,0,1
AR(2) cplx largo p36 r.97,1,44,1,1,—,,—,∇^2 θ̂+0.9790 LR0.530,cancela,θ̂+0.0302 LR302.424,genuina,sin par,0,,1,0,0,0,0,1
AR(2) cplx largo p36 r.97,1,44,2,1,SF,estac.,—,∇^3 θ̂+1.0000 LR-0.000,cancela,θ̂+0.9790 LR0.530,cancelada,coinciden,1,ruido blanco (Q): p mínimo = 0.0000,0,0,0,0,0,1
AR(2) cplx largo p36 r.97,1,45,0,1,—,,—,∇^1 θ̂+0.1818 LR232.352,,—,,sin par,1,ruido blanco (Q): p mínimo = 0.0000,0,0,0,1,1,1
AR(2) cplx largo p36 r.97,1,45,1,1,—,,—,∇^2 θ̂+1.0000 LR-0.000,cancela,θ̂+0.1818 LR232.352,genuina,sin par,1,ruido blanco (Q): p mínimo = 0.0184,0,0,0,1,1,1
AR(2) cplx largo p36 r.97,1,45,2,1,SF,estac.,—,∇^3 θ̂+1.0000 LR-0.000,cancela,θ̂+1.0000 LR-0.000,cancelada,coinciden,1,ruido blanco (Q): p mínimo = 0.0002,0,0,0,1,1,1
AR(2) cplx largo p36 r.97,1,46,0,1,—,,—,∇^1 θ̂-0.0197 LR447.302,,—,,sin par,1,ruido blanco (Q): p mínimo = 0.0000,0,0,1,1,1,1
AR(2) cplx largo p36 r.97,1,46,1,1,SFsob,estac.,—,∇^2 θ̂+0.9804 LR-0.026,cancela,θ̂-0.0197 LR447.302,genuina,sin par,0,,1,1,1,1,1,1
AR(2) cplx largo p36 r.97,1,46,2,1,SF,estac.,—,∇^3 θ̂+1.0000 LR-0.000,cancela,θ̂+0.9804 LR-0.026,cancelada,coinciden,1,ruido blanco (Q): p mínimo = 0.0008,0,1,0,1,1,1
AR(2) cplx largo p36 r.97,1,47,0,1,—,,—,∇^1 θ̂+0.0476 LR330.481,,—,,sin par,1,ruido blanco (Q): p mínimo = 0.0000,0,0,0,1,1,1
AR(2) cplx largo p36 r.97,1,47,1,1,—,,—,∇^2 θ̂+0.9659 LR0.888,cancela,θ̂+0.0476 LR330.481,genuina,sin par,0,,1,0,0,1,1,1
AR(2) cplx largo p36 r.97,1,47,2,1,SF,estac.,—,∇^3 θ̂+1.0000 LR-0.000,cancela,θ̂+0.9659 LR0.888,cancelada,coinciden,1,ruido blanco (Q): p mínimo = 0.0009,0,0,0,1,1,1
AR(2) cplx largo p36 r.97,1,48,0,1,—,,—,∇^1 θ̂-0.0067 LR260.642,,—,,sin par,1,ruido blanco (Q): p mínimo = 0.0000,0,0,1,1,1,1
AR(2) cplx largo p36 r.97,1,48,1,1,SFsob,estac.,—,∇^2 θ̂+1.0000 LR-0.000,cancela,θ̂-0.0067 LR260.642,genuina,sin par,0,,1,0,1,1,1,1
AR(2) cplx largo p36 r.97,1,48,2,1,SF,estac.,—,∇^3 θ̂+1.0000 LR0.000,cancela,θ̂+1.0000 LR-0.000,cancelada,coinciden,0,,1,0,0,1,1,1
ruido,2,0,1,1,—,,—,∇^2 θ̂-0.0520 LR568.307,,θ̂-0.9069 LR1777.550,genuina,sin par,1,ruido blanco (Q): p mínimo = 0.0000; normalidad (JB): 11.061,0,0,1,2,2,2
ruido,2,0,2,1,—,,—,∇^3 θ̂+1.0000 LR0.000,cancela,θ̂-0.0520 LR568.307,genuina,sin par,0,,1,0,1,2,2,2
AR(2) cplx largo p36 r.97,1,49,0,1,—,,—,∇^1 θ̂-0.0672 LR404.603,,—,,sin par,1,ruido blanco (Q): p mínimo = 0.0000,0,0,1,1,1,1
AR(2) cplx largo p36 r.97,1,49,1,1,SFsob,estac.,—,∇^2 θ̂+1.0000 LR-0.000,cancela,θ̂-0.0672 LR404.603,genuina,sin par,1,estacionalidad en los residuos (p = 0.0124),0,0,1,1,1,1
AR(2) cplx largo p36 r.97,1,49,2,1,SF,estac.,—,∇^3 θ̂+0.4870 LR-0.608,cancela,θ̂+1.0000 LR0.000,cancelada,coinciden,1,ruido blanco (Q): p mínimo = 0.0000,0,1,0,1,1,1
ruido,2,1,1,1,—,,—,∇^2 θ̂-0.0001 LR630.205,,θ̂-0.9647 LR1877.152,genuina,sin par,1,ruido blanco (Q): p mínimo = 0.0000; normalidad (JB): 33.873,0,0,1,1,2,2
ruido,2,1,2,1,—,,—,∇^3 θ̂+0.9824 LR0.672,cancela,θ̂-0.0001 LR630.205,genuina,sin par,0,,1,0,1,1,2,2
ruido,2,2,1,1,—,,—,∇^2 θ̂-0.0001 LR429.109,,θ̂-0.8215 LR1659.324,genuina,sin par,1,ruido blanco (Q): p mínimo = 0.0000; normalidad (JB): 16.445,0,0,1,2,2,2
ruido,2,2,2,1,—,,—,∇^3 θ̂+1.0000 LR0.000,cancela,θ̂-0.0001 LR429.109,genuina,sin par,1,estacionalidad en los residuos (p = 0.0354),0,0,1,2,2,2
ruido,2,3,1,1,—,,—,∇^2 θ̂-0.0388 LR722.847,,θ̂-0.9594 LR1793.482,genuina,sin par,1,ruido blanco (Q): p mínimo = 0.0000; normalidad (JB): 20.187,0,0,1,2,2,2
ruido,2,3,2,1,—,,—,∇^3 θ̂+0.9518 LR2.926,,θ̂-0.0388 LR722.847,genuina,sin par,0,,0,0,1,2,2,2
ruido,2,4,1,1,—,,—,∇^2 θ̂-0.0769 LR736.033,,θ̂-0.9322 LR1842.213,genuina,sin par,1,"ruido blanco (Q): p mínimo = 0.0000; normalidad (JB): 7.470,",0,0,1,2,2,2
ruido,2,4,2,1,—,,—,∇^3 θ̂+0.9714 LR0.832,cancela,θ̂-0.0769 LR736.033,genuina,sin par,0,,1,0,1,2,2,2
ruido,2,5,1,1,—,,—,∇^2 θ̂-0.1044 LR940.496,,θ̂-0.9622 LR1858.060,genuina,sin par,1,ruido blanco (Q): p mínimo = 0.0000; normalidad (JB): 12.722,0,0,1,2,2,2
ruido,2,5,2,1,—,,—,∇^3 θ̂+0.9853 LR0.202,cancela,θ̂-0.1044 LR940.496,genuina,sin par,1,media residual distinta de cero: t = +2.13,0,0,1,2,2,2
ruido,2,7,1,1,—,,—,∇^2 θ̂-0.0843 LR1038.189,,θ̂-0.9904 LR1818.250,genuina,sin par,1,ruido blanco (Q): p mínimo = 0.0000; normalidad (JB): 19.717,0,0,1,2,2,2
ruido,2,7,2,1,—,,—,∇^3 θ̂+1.0000 LR-0.000,cancela,θ̂-0.0843 LR1038.189,genuina,sin par,1,media residual distinta de cero: t = -2.97,0,0,1,2,2,2
ruido,2,6,1,1,—,,—,∇^2 θ̂-0.0162 LR495.291,,θ̂-0.9389 LR1876.153,genuina,sin par,1,"ruido blanco (Q): p mínimo = 0.0000; normalidad (JB): 6.477,",0,0,1,1,2,2
ruido,2,6,2,1,—,,—,∇^3 θ̂+0.9828 LR0.655,cancela,θ̂-0.0162 LR495.291,genuina,sin par,0,,1,0,1,1,2,2
ruido,2,8,1,1,—,,—,∇^2 θ̂-0.0981 LR926.131,,θ̂-0.9758 LR1790.712,genuina,sin par,1,ruido blanco (Q): p mínimo = 0.0000; normalidad (JB): 19.193,0,0,1,2,2,2
ruido,2,8,2,1,—,,—,∇^3 θ̂+0.9752 LR0.185,cancela,θ̂-0.0981 LR926.131,genuina,sin par,0,,1,0,1,2,2,2
ruido,2,9,1,1,—,,—,∇^2 θ̂-0.0001 LR702.068,,θ̂-0.8986 LR1837.021,genuina,sin par,1,ruido blanco (Q): p mínimo = 0.0000; normalidad (JB): 15.750,0,0,1,2,2,2
ruido,2,9,2,1,—,,—,∇^3 θ̂+0.9781 LR0.869,cancela,θ̂-0.0001 LR702.068,genuina,sin par,0,,1,0,1,2,2,2
ruido,2,10,1,1,—,,—,∇^2 θ̂-0.0001 LR577.039,,θ̂-0.8741 LR1709.425,genuina,sin par,1,ruido blanco (Q): p mínimo = 0.0000; normalidad (JB): 10.689,0,0,1,2,2,2
ruido,2,10,2,1,—,,—,∇^3 θ̂+1.0000 LR-0.000,cancela,θ̂-0.0001 LR577.039,genuina,sin par,1,"normalidad (JB): 7.964, p = 0.0187",0,0,1,2,2,2
ruido,2,12,1,1,—,,—,∇^2 θ̂-0.0017 LR487.708,,θ̂-0.9497 LR1837.429,genuina,sin par,1,ruido blanco (Q): p mínimo = 0.0000; media residual distinta,0,0,1,2,2,2
ruido,2,12,2,1,—,,—,∇^3 θ̂+1.0000 LR-0.000,cancela,θ̂-0.0017 LR487.708,genuina,sin par,1,estacionalidad en los residuos (p = 0.0036),0,0,1,2,2,2
ruido,2,11,1,1,—,,—,∇^2 θ̂-0.0001 LR576.111,,θ̂-0.9395 LR1781.744,genuina,sin par,1,ruido blanco (Q): p mínimo = 0.0000; media residual distinta,0,0,1,2,2,2
ruido,2,11,2,1,—,,—,∇^3 θ̂+1.0000 LR-0.000,cancela,θ̂-0.0001 LR576.111,genuina,sin par,0,,1,0,1,2,2,2
ruido,2,13,1,1,—,,—,∇^2 θ̂-0.1047 LR560.786,,θ̂-0.9220 LR1684.736,genuina,sin par,1,ruido blanco (Q): p mínimo = 0.0000; normalidad (JB): 12.192,0,0,1,2,2,2
ruido,2,13,2,1,—,,—,∇^3 θ̂+1.0000 LR-0.000,cancela,θ̂-0.1047 LR560.786,genuina,sin par,0,,1,0,1,2,2,2
ruido,2,14,1,1,—,,—,∇^2 θ̂-0.0865 LR919.734,,θ̂-0.9715 LR1860.537,genuina,sin par,1,ruido blanco (Q): p mínimo = 0.0000; media residual distinta,0,0,1,2,2,1
ruido,2,14,2,1,—,,—,∇^3 θ̂+0.9960 LR0.002,cancela,θ̂-0.0865 LR919.734,genuina,sin par,1,media residual distinta de cero: t = -3.02,0,0,1,2,2,1
ruido,2,16,1,1,—,,—,∇^2 θ̂-0.0001 LR690.326,,θ̂-0.9234 LR1854.264,genuina,sin par,1,ruido blanco (Q): p mínimo = 0.0000; normalidad (JB): 18.863,0,0,1,2,2,2
ruido,2,16,2,1,—,,—,∇^3 θ̂+1.0000 LR-0.000,cancela,θ̂-0.0001 LR690.326,genuina,sin par,0,,1,0,1,2,2,2
ruido,2,17,1,1,—,,—,∇^2 θ̂-0.0137 LR692.393,,θ̂-0.8998 LR1525.611,genuina,sin par,1,ruido blanco (Q): p mínimo = 0.0000; normalidad (JB): 10.507,0,0,1,2,2,2
ruido,2,17,2,1,—,,—,∇^3 θ̂+0.9748 LR1.129,cancela,θ̂-0.0137 LR692.393,genuina,sin par,1,"normalidad (JB): 8.110, p = 0.0173",0,0,1,2,2,2
ruido,2,15,1,1,—,,—,∇^2 θ̂-0.0001 LR548.640,,θ̂-0.8979 LR1856.122,genuina,sin par,1,ruido blanco (Q): p mínimo = 0.0000; normalidad (JB): 36.690,0,0,1,2,2,2
ruido,2,15,2,1,—,,—,∇^3 θ̂+1.0000 LR0.000,cancela,θ̂-0.0001 LR548.640,genuina,sin par,0,,1,0,1,2,2,2
ruido,2,19,1,1,—,,—,∇^2 θ̂-0.0001 LR549.603,,θ̂-0.8813 LR1670.506,genuina,sin par,1,ruido blanco (Q): p mínimo = 0.0000; media residual distinta,0,0,1,2,2,2
ruido,2,19,2,1,—,,—,∇^3 θ̂+1.0000 LR-0.000,cancela,θ̂-0.0001 LR549.603,genuina,sin par,0,,1,0,1,2,2,2
ruido,2,18,1,1,—,,—,∇^2 θ̂-0.0001 LR871.002,,θ̂-0.9714 LR1883.412,genuina,sin par,1,ruido blanco (Q): p mínimo = 0.0000; normalidad (JB): 20.483,0,0,1,2,2,2
ruido,2,18,2,1,—,,—,∇^3 θ̂+0.9810 LR1.290,cancela,θ̂-0.0001 LR871.002,genuina,sin par,1,"normalidad (JB): 6.257, p = 0.0438",0,0,1,2,2,2
ruido,2,21,1,1,—,,—,∇^2 θ̂-0.0001 LR635.809,,θ̂-0.9820 LR1868.404,genuina,sin par,1,ruido blanco (Q): p mínimo = 0.0000; media residual distinta,0,0,1,2,2,2
ruido,2,21,2,1,—,,—,∇^3 θ̂+1.0000 LR0.000,cancela,θ̂-0.0001 LR635.809,genuina,sin par,0,,1,0,1,2,2,2
ruido,2,20,1,1,—,,—,∇^2 θ̂-0.0270 LR655.298,,θ̂-1.0000 LR1896.001,genuina,sin par,1,ruido blanco (Q): p mínimo = 0.0000; normalidad (JB): 19.758,0,0,1,2,2,2
ruido,2,20,2,1,—,,—,∇^3 θ̂+0.9870 LR0.321,cancela,θ̂-0.0270 LR655.298,genuina,sin par,0,,1,0,1,2,2,2
ruido,2,23,1,1,—,,—,∇^2 θ̂-0.0001 LR578.785,,θ̂-0.9588 LR1890.579,genuina,sin par,1,"ruido blanco (Q): p mínimo = 0.0000; normalidad (JB): 8.051,",0,0,1,2,2,2
ruido,2,23,2,1,—,,—,∇^3 θ̂+0.9968 LR0.001,cancela,θ̂-0.0001 LR578.785,genuina,sin par,0,,1,0,1,2,2,2
ruido,2,22,1,1,—,,—,∇^2 θ̂-0.1720 LR567.197,,θ̂-0.9004 LR1692.460,genuina,sin par,1,ruido blanco (Q): p mínimo = 0.0000; normalidad (JB): 17.957,0,0,1,1,1,2
ruido,2,22,2,1,—,,—,∇^3 θ̂+0.8837 LR-0.371,cancela,θ̂-0.1720 LR567.197,genuina,sin par,0,,1,1,1,1,1,2
ruido,2,24,1,1,—,,—,∇^2 θ̂-0.1584 LR857.811,,θ̂-0.9683 LR1816.699,genuina,sin par,1,ruido blanco (Q): p mínimo = 0.0000; normalidad (JB): 18.615,0,0,1,2,2,2
ruido,2,24,2,1,—,,—,∇^3 θ̂+1.0000 LR0.000,cancela,θ̂-0.1584 LR857.811,genuina,sin par,0,,1,0,1,2,2,2
ruido,2,25,1,1,—,,—,∇^2 θ̂-0.1890 LR793.300,,θ̂-1.0000 LR1835.413,genuina,sin par,1,ruido blanco (Q): p mínimo = 0.0000; normalidad (JB): 16.730,0,0,1,2,2,2
ruido,2,25,2,1,—,,—,∇^3 θ̂+1.0000 LR0.000,cancela,θ̂-0.1890 LR793.300,genuina,sin par,1,ruido blanco (Q): p mínimo = 0.0312,0,0,1,2,2,2
ruido,2,26,1,1,—,,—,∇^2 θ̂-0.0157 LR831.773,,θ̂-0.9802 LR1899.821,genuina,sin par,1,"ruido blanco (Q): p mínimo = 0.0000; normalidad (JB): 9.464,",0,0,1,2,2,2
ruido,2,26,2,1,—,,—,∇^3 θ̂+0.9490 LR4.787,,θ̂-0.0157 LR831.773,genuina,sin par,0,,0,0,1,2,2,2
ruido,2,27,1,1,—,,—,∇^2 θ̂-0.0001 LR583.353,,θ̂-0.8823 LR1700.504,genuina,sin par,1,"ruido blanco (Q): p mínimo = 0.0000; normalidad (JB): 8.004,",0,0,1,2,2,2
ruido,2,27,2,1,—,,—,∇^3 θ̂+1.0000 LR0.000,cancela,θ̂-0.0001 LR583.353,genuina,sin par,0,,1,0,1,2,2,2
ruido,2,28,1,1,—,,—,∇^2 θ̂-0.0001 LR647.466,,θ̂-0.9239 LR1801.615,genuina,sin par,1,ruido blanco (Q): p mínimo = 0.0000; normalidad (JB): 12.309,0,0,1,2,2,0
ruido,2,28,2,1,—,,—,∇^3 θ̂+1.0000 LR0.000,cancela,θ̂-0.0001 LR647.466,genuina,sin par,0,,1,0,1,2,2,0
ruido,2,29,1,1,—,,—,∇^2 θ̂-0.0003 LR536.481,,θ̂-0.8854 LR1802.732,genuina,sin par,1,ruido blanco (Q): p mínimo = 0.0000; media residual distinta,0,0,1,2,2,2
ruido,2,29,2,1,—,,—,∇^3 θ̂+1.0000 LR0.000,cancela,θ̂-0.0003 LR536.481,genuina,sin par,0,,1,0,1,2,2,2
ruido,2,30,1,1,—,,—,∇^2 θ̂-0.0553 LR635.492,,θ̂-0.9448 LR1743.674,genuina,sin par,1,ruido blanco (Q): p mínimo = 0.0000; normalidad (JB): 14.359,0,0,1,2,2,2
ruido,2,30,2,1,—,,—,∇^3 θ̂+1.0000 LR-0.000,cancela,θ̂-0.0553 LR635.492,genuina,sin par,1,"normalidad (JB): 6.656, p = 0.0359",0,0,1,2,2,2
ruido,2,33,1,1,—,,—,∇^2 θ̂-0.0152 LR596.005,,θ̂-0.9138 LR1860.989,genuina,sin par,1,ruido blanco (Q): p mínimo = 0.0000; normalidad (JB): 15.988,0,0,1,2,2,2
ruido,2,33,2,1,—,,—,∇^3 θ̂+0.9858 LR0.356,cancela,θ̂-0.0152 LR596.005,genuina,sin par,0,,1,0,1,2,2,2
ruido,2,31,1,1,—,,—,∇^2 θ̂-0.0001 LR568.379,,θ̂-0.9518 LR1849.784,genuina,sin par,1,ruido blanco (Q): p mínimo = 0.0000; media residual distinta,0,0,1,2,2,2
ruido,2,31,2,1,—,,—,∇^3 θ̂+1.0000 LR-0.000,cancela,θ̂-0.0001 LR568.379,genuina,sin par,0,,1,0,1,2,2,2
ruido,2,32,1,1,—,,—,∇^2 θ̂-0.1536 LR730.957,,θ̂-0.9256 LR1757.098,genuina,sin par,1,ruido blanco (Q): p mínimo = 0.0000; media residual distinta,0,0,1,2,2,2
ruido,2,32,2,1,—,,—,∇^3 θ̂+0.9570 LR1.168,cancela,θ̂-0.1536 LR730.957,genuina,sin par,0,,1,0,1,2,2,2
ruido,2,35,1,1,—,,—,∇^2 θ̂-0.0134 LR451.798,,θ̂-0.8861 LR1678.013,genuina,sin par,1,"ruido blanco (Q): p mínimo = 0.0000; normalidad (JB): 6.987,",0,0,1,1,2,2
ruido,2,35,2,1,—,,—,∇^3 θ̂+1.0000 LR0.000,cancela,θ̂-0.0134 LR451.798,genuina,sin par,0,,1,0,1,1,2,2
ruido,2,34,1,1,—,,—,∇^2 θ̂-0.0311 LR545.944,,θ̂-0.9222 LR1835.142,genuina,sin par,1,ruido blanco (Q): p mínimo = 0.0000; normalidad (JB): 12.840,0,0,1,1,2,1
ruido,2,34,2,1,—,,—,∇^3 θ̂+1.0000 LR-0.000,cancela,θ̂-0.0311 LR545.944,genuina,sin par,1,estacionalidad en los residuos (p = 0.0072),0,0,1,1,2,1
ruido,2,36,1,1,—,,—,∇^2 θ̂-0.0201 LR658.199,,θ̂-0.8698 LR1664.183,genuina,sin par,1,ruido blanco (Q): p mínimo = 0.0000; normalidad (JB): 11.836,0,0,1,2,2,2
ruido,2,36,2,1,—,,—,∇^3 θ̂+1.0000 LR-0.000,cancela,θ̂-0.0201 LR658.199,genuina,sin par,0,,1,0,1,2,2,2
ruido,2,37,1,1,—,,—,∇^2 θ̂-0.1300 LR725.521,,θ̂-0.9590 LR1785.588,genuina,sin par,1,ruido blanco (Q): p mínimo = 0.0000; normalidad (JB): 13.625,0,0,1,2,2,2
ruido,2,37,2,1,—,,—,∇^3 θ̂+1.0000 LR0.000,cancela,θ̂-0.1300 LR725.521,genuina,sin par,0,,1,0,1,2,2,2
ruido,2,38,1,1,—,,—,∇^2 θ̂-0.0003 LR736.493,,θ̂-0.9462 LR1748.652,genuina,sin par,1,ruido blanco (Q): p mínimo = 0.0000; normalidad (JB): 16.717,0,0,1,2,2,2
ruido,2,38,2,1,—,,—,∇^3 θ̂+1.0000 LR0.000,cancela,θ̂-0.0003 LR736.493,genuina,sin par,0,,1,0,1,2,2,2
ruido,2,39,1,1,—,,—,∇^2 θ̂-0.0005 LR704.479,,θ̂-0.9069 LR1771.900,genuina,sin par,1,"ruido blanco (Q): p mínimo = 0.0000; normalidad (JB): 7.111,",0,0,1,2,2,2
ruido,2,39,2,1,—,,—,∇^3 θ̂+0.9587 LR2.174,,θ̂-0.0005 LR704.479,genuina,sin par,0,,0,0,1,2,2,2
ruido,2,41,1,1,—,,—,∇^2 θ̂-0.0002 LR851.430,,θ̂-0.9561 LR1737.151,genuina,sin par,1,"ruido blanco (Q): p mínimo = 0.0000; normalidad (JB): 9.929,",0,0,1,2,2,1
ruido,2,41,2,1,—,,—,∇^3 θ̂+1.0000 LR-0.000,cancela,θ̂-0.0002 LR851.430,genuina,sin par,0,,1,0,1,2,2,1
ruido,2,40,1,1,—,,—,∇^2 θ̂-0.0001 LR406.971,,θ̂-0.8664 LR1762.351,genuina,sin par,1,ruido blanco (Q): p mínimo = 0.0000; media residual distinta,0,0,1,1,2,2
ruido,2,40,2,1,—,,—,∇^3 θ̂+1.0000 LR-0.000,cancela,θ̂-0.0001 LR406.971,genuina,sin par,0,,1,0,1,1,2,2
ruido,2,43,1,1,—,,—,∇^2 θ̂-0.0001 LR821.046,,θ̂-0.9266 LR1732.001,genuina,sin par,1,ruido blanco (Q): p mínimo = 0.0000; normalidad (JB): 16.825,0,0,1,2,2,2
ruido,2,43,2,1,—,,—,∇^3 θ̂+1.0000 LR-0.000,cancela,θ̂-0.0001 LR821.046,genuina,sin par,0,,1,0,1,2,2,2
ruido,2,42,1,1,—,,—,∇^2 θ̂-0.0430 LR514.317,,θ̂-0.8538 LR1359.226,genuina,sin par,1,ruido blanco (Q): p mínimo = 0.0000; normalidad (JB): 43.808,0,0,1,2,2,2
ruido,2,42,2,1,—,,—,∇^3 θ̂+1.0000 LR-0.000,cancela,θ̂-0.0430 LR514.317,genuina,sin par,1,ruido blanco (Q): p mínimo = 0.0281,0,0,1,2,2,2
ruido,2,45,1,1,—,,—,∇^2 θ̂-0.0001 LR638.449,,θ̂-0.9324 LR1811.554,genuina,sin par,1,ruido blanco (Q): p mínimo = 0.0000; normalidad (JB): 13.526,0,0,1,2,2,2
ruido,2,45,2,1,—,,—,∇^3 θ̂+1.0000 LR0.000,cancela,θ̂-0.0001 LR638.449,genuina,sin par,0,,1,0,1,2,2,2
ruido,2,44,1,1,—,,—,∇^2 θ̂-0.0324 LR505.502,,θ̂-1.0000 LR1866.789,genuina,sin par,1,ruido blanco (Q): p mínimo = 0.0000; media residual distinta,0,0,1,2,2,2
ruido,2,44,2,1,—,,—,∇^3 θ̂+1.0000 LR0.000,cancela,θ̂-0.0324 LR505.502,genuina,sin par,0,,1,0,1,2,2,2
ruido,2,46,1,1,—,,—,∇^2 θ̂-0.0431 LR638.451,,θ̂-0.9912 LR1900.371,genuina,sin par,1,ruido blanco (Q): p mínimo = 0.0000; normalidad (JB): 15.557,0,0,1,2,2,2
ruido,2,46,2,1,—,,—,∇^3 θ̂+0.9848 LR0.458,cancela,θ̂-0.0431 LR638.451,genuina,sin par,1,ruido blanco (Q): p mínimo = 0.0043,0,0,1,2,2,2
ruido,2,48,1,1,—,,—,∇^2 θ̂-0.0001 LR887.461,,θ̂-0.9183 LR1647.544,genuina,sin par,1,ruido blanco (Q): p mínimo = 0.0000; normalidad (JB): 25.106,0,0,1,2,2,2
ruido,2,48,2,1,—,,—,∇^3 θ̂+0.9853 LR0.408,cancela,θ̂-0.0001 LR887.461,genuina,sin par,1,"normalidad (JB): 8.333, p = 0.0155",0,0,1,2,2,2
ruido,2,47,1,1,—,,—,∇^2 θ̂-0.0001 LR454.409,,θ̂-0.8961 LR1749.102,genuina,sin par,1,ruido blanco (Q): p mínimo = 0.0000; media residual distinta,0,0,1,2,2,2
ruido,2,47,2,1,—,,—,∇^3 θ̂+1.0000 LR0.000,cancela,θ̂-0.0001 LR454.409,genuina,sin par,0,,1,0,1,2,2,2
ruido,2,49,1,1,—,,—,∇^2 θ̂-0.0511 LR764.111,,θ̂-0.9387 LR1819.427,genuina,sin par,1,"ruido blanco (Q): p mínimo = 0.0000; normalidad (JB): 9.801,",0,0,1,2,2,2
ruido,2,49,2,1,—,,—,∇^3 θ̂+1.0000 LR-0.000,cancela,θ̂-0.0511 LR764.111,genuina,sin par,1,ruido blanco (Q): p mínimo = 0.0332,0,0,1,2,2,2
AR(1) .5,2,0,1,1,SF,raíz,—,∇^2 θ̂+0.0309 LR68.150,genuina,θ̂-0.4464 LR864.371,genuina,coinciden,1,ruido blanco (Q): p mínimo = 0.0000,0,0,1,1,2,2
AR(1) .5,2,0,2,1,SF,estac.,—,∇^3 θ̂+0.9820 LR0.486,cancela,θ̂+0.0309 LR68.150,genuina,coinciden,0,,1,0,0,1,2,2
AR(1) .5,2,1,1,1,SF,raíz,—,∇^2 θ̂+0.0324 LR61.161,genuina,θ̂-0.4307 LR1058.569,genuina,coinciden,1,ruido blanco (Q): p mínimo = 0.0000,0,0,1,2,2,2
AR(1) .5,2,1,2,1,SF,estac.,—,∇^3 θ̂+0.9732 LR1.772,cancela,θ̂+0.0324 LR61.161,genuina,coinciden,0,,1,0,0,2,2,2
AR(1) .5,2,2,1,1,SF,raíz,—,∇^2 θ̂-0.2633 LR44.369,genuina,θ̂-0.4679 LR933.637,genuina,—,1,ruido blanco (Q): p mínimo = 0.0000,0,0,1,2,2,2
AR(1) .5,2,2,2,1,SF,estac.,—,∇^3 θ̂+0.9977 LR0.000,cancela,θ̂-0.2633 LR44.369,genuina,coinciden,0,,1,0,1,2,2,2
AR(1) .5,2,3,1,1,SF,raíz,—,∇^2 θ̂+0.1080 LR60.948,genuina,θ̂-0.4316 LR1374.717,genuina,coinciden,1,ruido blanco (Q): p mínimo = 0.0000,0,0,1,2,2,2
AR(1) .5,2,3,2,1,SF,estac.,—,∇^3 θ̂+0.9722 LR1.881,cancela,θ̂+0.1080 LR60.948,genuina,coinciden,0,,1,0,0,2,2,2
AR(1) .5,2,4,1,1,SF,raíz,—,∇^2 θ̂-0.0960 LR38.036,genuina,θ̂-0.4125 LR951.703,genuina,—,1,ruido blanco (Q): p mínimo = 0.0000,0,0,1,2,2,2
AR(1) .5,2,4,2,1,SF,estac.,—,∇^3 θ̂+1.0000 LR-0.000,cancela,θ̂-0.0961 LR38.036,genuina,coinciden,0,,1,0,1,2,2,2
AR(1) .5,2,5,1,1,SF,raíz,—,∇^2 θ̂-0.0564 LR48.463,genuina,θ̂-0.4316 LR1120.937,genuina,—,1,ruido blanco (Q): p mínimo = 0.0000,0,0,1,0,2,2
AR(1) .5,2,5,2,1,SF,estac.,—,∇^3 θ̂+0.9618 LR3.500,genuina,θ̂-0.0564 LR48.463,genuina,discrepan,0,,0,0,1,0,2,2
AR(1) .5,2,6,1,1,SF,raíz,—,∇^2 θ̂+0.3901 LR61.581,genuina,θ̂-0.3967 LR1157.746,genuina,coinciden,1,"ruido blanco (Q): p mínimo = 0.0000; normalidad (JB): 7.760,",0,0,1,2,2,2
AR(1) .5,2,6,2,1,SF,estac.,—,∇^3 θ̂+0.9346 LR4.293,genuina,θ̂+0.3901 LR61.581,genuina,discrepan,0,,0,0,0,2,2,2
AR(1) .5,2,7,1,1,SF,raíz,—,∇^2 θ̂+0.2098 LR37.686,genuina,θ̂-0.3555 LR1157.637,genuina,coinciden,1,ruido blanco (Q): p mínimo = 0.0000,0,0,1,2,2,0
AR(1) .5,2,7,2,1,SF,estac.,—,∇^3 θ̂+0.9775 LR0.753,cancela,θ̂+0.2098 LR37.686,genuina,coinciden,0,,1,0,0,2,2,0
AR(1) .5,2,8,1,1,SF,raíz,—,∇^2 θ̂-0.0788 LR39.420,genuina,θ̂-0.4023 LR1089.051,genuina,—,1,ruido blanco (Q): p mínimo = 0.0000,0,0,1,2,2,2
AR(1) .5,2,8,2,1,SF,estac.,—,∇^3 θ̂+1.0000 LR0.000,cancela,θ̂-0.0789 LR39.420,genuina,coinciden,1,"normalidad (JB): 7.746, p = 0.0208",0,0,1,2,2,2
AR(1) .5,2,9,1,1,SF,raíz,—,∇^2 θ̂-0.2180 LR42.233,genuina,θ̂-0.4174 LR1315.740,genuina,—,1,ruido blanco (Q): p mínimo = 0.0000; media residual distinta,0,0,1,2,2,2
AR(1) .5,2,9,2,1,SF,estac.,—,∇^3 θ̂+0.9956 LR0.004,cancela,θ̂-0.2180 LR42.233,genuina,coinciden,0,,1,0,1,2,2,2
AR(1) .5,2,10,1,1,SF,raíz,—,∇^2 θ̂+0.0210 LR59.354,genuina,θ̂-0.4198 LR974.904,genuina,coinciden,1,ruido blanco (Q): p mínimo = 0.0000,0,0,1,2,2,2
AR(1) .5,2,10,2,1,SF,estac.,—,∇^3 θ̂+1.0000 LR0.000,cancela,θ̂+0.0210 LR59.354,genuina,coinciden,0,,1,0,0,2,2,2
AR(1) .5,2,11,1,1,SF,raíz,—,∇^2 θ̂+0.0512 LR22.371,genuina,θ̂-0.2737 LR1034.099,genuina,coinciden,1,ruido blanco (Q): p mínimo = 0.0004,0,0,1,2,2,2
AR(1) .5,2,11,2,1,SF,estac.,—,∇^3 θ̂+0.9872 LR0.246,cancela,θ̂+0.0512 LR22.371,genuina,coinciden,0,,1,0,0,2,2,2
AR(1) .5,2,12,1,1,SF,raíz,—,∇^2 θ̂-0.0400 LR53.029,genuina,θ̂-0.4310 LR1376.824,genuina,—,1,ruido blanco (Q): p mínimo = 0.0000; media residual distinta,0,0,1,2,2,2
AR(1) .5,2,12,2,1,SF,estac.,—,∇^3 θ̂+0.9940 LR0.016,cancela,θ̂-0.0400 LR53.029,genuina,coinciden,0,,1,0,1,2,2,2
AR(1) .5,2,13,1,1,SF,raíz,—,∇^2 θ̂-0.2950 LR51.533,genuina,θ̂-0.4759 LR834.842,genuina,—,1,ruido blanco (Q): p mínimo = 0.0000,0,0,1,2,2,2
AR(1) .5,2,13,2,1,SF,estac.,—,∇^3 θ̂+1.0000 LR0.000,cancela,θ̂-0.2950 LR51.533,genuina,coinciden,0,,1,0,1,2,2,2
AR(1) .5,2,14,1,1,SF,raíz,—,∇^2 θ̂+0.1214 LR64.951,genuina,θ̂-0.4527 LR1296.119,genuina,coinciden,1,ruido blanco (Q): p mínimo = 0.0000; media residual distinta,0,0,1,2,2,2
AR(1) .5,2,14,2,1,SF,estac.,—,∇^3 θ̂+1.0000 LR-0.000,cancela,θ̂+0.1215 LR64.951,genuina,coinciden,1,estacionalidad en los residuos (p = 0.0097),0,0,0,2,2,2
AR(1) .5,2,15,1,1,SF,raíz,—,∇^2 θ̂+0.0260 LR97.640,genuina,θ̂-0.4869 LR1021.550,genuina,coinciden,1,ruido blanco (Q): p mínimo = 0.0000,0,0,1,1,2,2
AR(1) .5,2,15,2,1,SF,estac.,—,∇^3 θ̂+0.9874 LR0.205,cancela,θ̂+0.0260 LR97.640,genuina,coinciden,0,,1,0,0,1,2,2
AR(1) .5,2,16,1,1,SF,raíz,—,∇^2 θ̂-0.0968 LR61.371,genuina,θ̂-0.4709 LR1039.409,genuina,—,1,ruido blanco (Q): p mínimo = 0.0000,0,0,1,2,2,2
AR(1) .5,2,16,2,1,SF,estac.,—,∇^3 θ̂+0.9818 LR0.973,cancela,θ̂-0.0968 LR61.371,genuina,coinciden,0,,1,0,1,2,2,2
AR(1) .5,2,19,1,1,SF,raíz,—,∇^2 θ̂+0.1764 LR49.844,genuina,θ̂-0.3667 LR1245.380,genuina,coinciden,1,ruido blanco (Q): p mínimo = 0.0000,0,0,1,2,2,2
AR(1) .5,2,19,2,1,SF,estac.,—,∇^3 θ̂+0.9801 LR0.698,cancela,θ̂+0.1765 LR49.844,genuina,coinciden,0,,1,0,0,2,2,2
AR(1) .5,2,17,1,1,SF,raíz,—,∇^2 θ̂-0.1015 LR64.154,genuina,θ̂-0.4803 LR823.242,genuina,—,1,ruido blanco (Q): p mínimo = 0.0000,0,0,1,2,2,2
AR(1) .5,2,17,2,1,SF,estac.,—,∇^3 θ̂+1.0000 LR-0.000,cancela,θ̂-0.1015 LR64.154,genuina,coinciden,0,,1,0,1,2,2,2
AR(1) .5,2,18,1,1,SF,raíz,—,∇^2 θ̂-0.1712 LR50.057,genuina,θ̂-0.4240 LR1040.563,genuina,—,1,ruido blanco (Q): p mínimo = 0.0000,0,0,1,2,2,2
AR(1) .5,2,18,2,1,SF,estac.,—,∇^3 θ̂+0.9852 LR0.364,cancela,θ̂-0.1712 LR50.057,genuina,coinciden,0,,1,0,1,2,2,2
AR(1) .5,2,20,1,1,SF,raíz,—,∇^2 θ̂+0.0950 LR32.037,genuina,θ̂-0.2939 LR1250.379,genuina,coinciden,1,ruido blanco (Q): p mínimo = 0.0000; media residual distinta,0,0,1,2,2,0
AR(1) .5,2,20,2,1,SF,estac.,—,∇^3 θ̂+0.9925 LR0.039,cancela,θ̂+0.0950 LR32.037,genuina,coinciden,0,,1,0,0,2,2,0
AR(1) .5,2,22,1,1,SF,raíz,—,∇^2 θ̂-0.1355 LR51.468,genuina,θ̂-0.4651 LR923.873,genuina,—,1,ruido blanco (Q): p mínimo = 0.0000,0,0,1,2,2,2
AR(1) .5,2,22,2,1,SF,estac.,—,∇^3 θ̂+0.9858 LR0.391,cancela,θ̂-0.1355 LR51.468,genuina,coinciden,0,,1,0,1,2,2,2
AR(1) .5,2,21,1,1,SF,raíz,—,∇^2 θ̂-0.2363 LR35.681,genuina,θ̂-0.4091 LR918.485,genuina,—,1,ruido blanco (Q): p mínimo = 0.0000,0,0,1,2,2,2
AR(1) .5,2,21,2,1,SF,estac.,—,∇^3 θ̂+1.0000 LR-0.000,cancela,θ̂-0.2363 LR35.681,genuina,coinciden,0,,1,0,1,2,2,2
AR(1) .5,2,23,1,1,SF,raíz,—,∇^2 θ̂+0.0677 LR65.693,genuina,θ̂-0.4095 LR823.226,genuina,coinciden,1,ruido blanco (Q): p mínimo = 0.0000; estacionalidad en los r,0,0,1,2,2,2
AR(1) .5,2,23,2,1,SF,estac.,—,∇^3 θ̂+0.9842 LR0.268,cancela,θ̂+0.0677 LR65.693,genuina,coinciden,1,estacionalidad en los residuos (p = 0.0105),0,0,0,2,2,2
AR(1) .5,2,24,1,1,SF,raíz,—,∇^2 θ̂-0.3326 LR49.790,genuina,θ̂-0.4980 LR833.088,genuina,—,1,ruido blanco (Q): p mínimo = 0.0000,0,0,1,2,2,1
AR(1) .5,2,24,2,1,SF,estac.,—,∇^3 θ̂+1.0000 LR-0.000,cancela,θ̂-0.3326 LR49.790,genuina,coinciden,0,,1,0,1,2,2,1
AR(1) .5,2,25,1,1,SF,raíz,—,∇^2 θ̂-0.0489 LR60.046,genuina,θ̂-0.4897 LR766.047,genuina,—,1,ruido blanco (Q): p mínimo = 0.0000,0,0,1,2,2,2
AR(1) .5,2,25,2,1,SF,estac.,—,∇^3 θ̂+1.0000 LR-0.000,cancela,θ̂-0.0489 LR60.046,genuina,coinciden,0,,1,0,1,2,2,2
AR(1) .5,2,27,1,1,SF,raíz,—,∇^2 θ̂+0.1474 LR37.380,genuina,θ̂-0.3975 LR1101.052,genuina,coinciden,1,"ruido blanco (Q): p mínimo = 0.0000; normalidad (JB): 7.552,",0,0,1,2,2,2
AR(1) .5,2,27,2,1,SF,estac.,—,∇^3 θ̂+0.9643 LR0.302,cancela,θ̂+0.1474 LR37.380,genuina,coinciden,0,,1,0,0,2,2,2
AR(1) .5,2,26,1,1,SF,raíz,—,∇^2 θ̂+0.0964 LR45.108,genuina,θ̂-0.3712 LR1211.961,genuina,coinciden,1,ruido blanco (Q): p mínimo = 0.0000; media residual distinta,0,0,1,2,2,2
AR(1) .5,2,26,2,1,SF,estac.,—,∇^3 θ̂+1.0000 LR0.000,cancela,θ̂+0.0964 LR45.108,genuina,coinciden,0,,1,0,0,2,2,2
AR(1) .5,2,30,1,1,SF,raíz,—,∇^2 θ̂+0.0850 LR52.715,genuina,θ̂-0.3785 LR1113.658,genuina,coinciden,1,ruido blanco (Q): p mínimo = 0.0000,0,0,1,2,2,2
AR(1) .5,2,30,2,1,SF,estac.,—,∇^3 θ̂+1.0000 LR0.000,cancela,θ̂+0.0850 LR52.715,genuina,coinciden,1,ruido blanco (Q): p mínimo = 0.0289,0,0,0,2,2,2
AR(1) .5,2,29,1,1,SF,raíz,—,∇^2 θ̂-0.3591 LR41.138,genuina,θ̂-0.4513 LR1453.558,genuina,—,1,ruido blanco (Q): p mínimo = 0.0000; media residual distinta,0,0,1,2,2,2
AR(1) .5,2,29,2,1,SF,estac.,—,∇^3 θ̂+0.9794 LR1.283,cancela,θ̂-0.3591 LR41.138,genuina,coinciden,0,,1,0,1,2,2,2
AR(1) .5,2,28,1,1,SF,raíz,—,∇^2 θ̂+0.2310 LR47.636,genuina,θ̂-0.3663 LR1282.233,genuina,coinciden,1,ruido blanco (Q): p mínimo = 0.0000; media residual distinta,0,0,1,2,2,2
AR(1) .5,2,28,2,1,SF,estac.,—,∇^3 θ̂+0.9926 LR0.010,cancela,θ̂+0.2310 LR47.636,genuina,coinciden,0,,1,0,0,2,2,2
AR(1) .5,2,31,1,1,SF,raíz,—,∇^2 θ̂-0.0916 LR43.827,genuina,θ̂-0.4033 LR1232.294,genuina,—,1,ruido blanco (Q): p mínimo = 0.0000; media residual distinta,0,0,1,2,2,2
AR(1) .5,2,31,2,1,SF,estac.,—,∇^3 θ̂+1.0000 LR-0.000,cancela,θ̂-0.0916 LR43.827,genuina,coinciden,0,,1,0,1,2,2,2
AR(1) .5,2,32,1,1,SF,raíz,—,∇^2 θ̂+0.2941 LR68.359,genuina,θ̂-0.3760 LR1192.150,genuina,coinciden,1,ruido blanco (Q): p mínimo = 0.0000; media residual distinta,0,0,1,2,2,2
AR(1) .5,2,32,2,1,SF,estac.,—,∇^3 θ̂+1.0000 LR-0.000,cancela,θ̂+0.2941 LR68.359,genuina,coinciden,0,,1,0,0,2,2,2
AR(1) .5,2,33,1,1,SF,raíz,—,∇^2 θ̂-0.0118 LR66.876,genuina,θ̂-0.4842 LR1214.554,genuina,—,1,ruido blanco (Q): p mínimo = 0.0000,0,0,1,2,2,2
AR(1) .5,2,33,2,1,SF,estac.,—,∇^3 θ̂+0.9583 LR0.416,cancela,θ̂-0.0118 LR66.876,genuina,coinciden,0,,1,0,1,2,2,2
AR(1) .5,2,34,1,1,SF,raíz,—,∇^2 θ̂-0.1735 LR61.906,genuina,θ̂-0.4644 LR1074.314,genuina,—,1,ruido blanco (Q): p mínimo = 0.0000; media residual distinta,0,0,1,2,2,2
AR(1) .5,2,34,2,1,SF,estac.,—,∇^3 θ̂+1.0000 LR0.000,cancela,θ̂-0.1735 LR61.906,genuina,coinciden,0,,1,0,1,2,2,2
AR(1) .5,2,35,1,1,SF,raíz,—,∇^2 θ̂-0.0103 LR34.771,genuina,θ̂-0.3601 LR967.124,genuina,—,1,ruido blanco (Q): p mínimo = 0.0000,0,0,1,1,2,2
AR(1) .5,2,35,2,1,SF,estac.,—,∇^3 θ̂+0.9932 LR0.023,cancela,θ̂-0.0103 LR34.771,genuina,coinciden,0,,1,0,1,1,2,2
AR(1) .5,2,36,1,1,SF,raíz,—,∇^2 θ̂-0.0172 LR41.592,genuina,θ̂-0.3985 LR1214.875,genuina,—,1,ruido blanco (Q): p mínimo = 0.0000,0,0,1,2,2,2
AR(1) .5,2,36,2,1,SF,estac.,—,∇^3 θ̂+0.9807 LR0.412,cancela,θ̂-0.0172 LR41.592,genuina,coinciden,0,,1,0,1,2,2,2
AR(1) .5,2,37,1,1,SF,raíz,—,∇^2 θ̂-0.1098 LR40.789,genuina,θ̂-0.4136 LR758.642,genuina,—,1,ruido blanco (Q): p mínimo = 0.0000,0,0,1,1,2,2
AR(1) .5,2,37,2,1,SF,estac.,—,∇^3 θ̂+1.0000 LR-0.000,cancela,θ̂-0.1098 LR40.789,genuina,coinciden,0,,1,0,1,1,2,2
AR(1) .5,2,38,1,1,SF,raíz,—,∇^2 θ̂+0.0524 LR64.062,genuina,θ̂-0.4198 LR1440.831,genuina,coinciden,1,ruido blanco (Q): p mínimo = 0.0000; media residual distinta,0,0,1,2,2,2
AR(1) .5,2,38,2,1,SF,estac.,—,∇^3 θ̂+0.9905 LR0.099,cancela,θ̂+0.0524 LR64.062,genuina,coinciden,0,,1,0,0,2,2,2
AR(1) .5,2,39,1,1,SF,raíz,—,∇^2 θ̂-0.0398 LR46.512,genuina,θ̂-0.3952 LR958.932,genuina,—,1,ruido blanco (Q): p mínimo = 0.0000,0,0,1,2,2,2
AR(1) .5,2,39,2,1,SF,estac.,—,∇^3 θ̂+0.9891 LR0.083,cancela,θ̂-0.0398 LR46.512,genuina,coinciden,0,,1,0,1,2,2,2
AR(1) .5,2,40,1,1,SF,raíz,—,∇^2 θ̂-0.5848 LR61.489,genuina,θ̂-0.5998 LR1330.083,genuina,—,1,"ruido blanco (Q): p mínimo = 0.0000; normalidad (JB): 9.410,",0,0,1,2,2,2
AR(1) .5,2,40,2,1,SF,estac.,—,∇^3 θ̂+0.9895 LR0.067,cancela,θ̂-0.5848 LR61.489,genuina,coinciden,1,"normalidad (JB): 24.012, p = 0.0000",0,0,1,2,2,2
AR(1) .5,2,41,1,1,SF,raíz,—,∇^2 θ̂-0.0231 LR82.007,genuina,θ̂-0.4848 LR1013.269,genuina,—,1,ruido blanco (Q): p mínimo = 0.0000,0,0,1,2,2,2
AR(1) .5,2,41,2,1,SF,estac.,—,∇^3 θ̂+0.9899 LR0.035,cancela,θ̂-0.0231 LR82.007,genuina,coinciden,1,estacionalidad en los residuos (p = 0.0221),0,0,1,2,2,2
AR(1) .5,2,42,1,1,SF,raíz,—,∇^2 θ̂+0.0340 LR86.355,genuina,θ̂-0.5239 LR1193.289,genuina,coinciden,1,ruido blanco (Q): p mínimo = 0.0000; media residual distinta,0,0,1,1,2,2
AR(1) .5,2,42,2,1,SF,estac.,—,∇^3 θ̂+0.9732 LR0.163,cancela,θ̂+0.0340 LR86.355,genuina,coinciden,0,,1,0,0,1,2,2
AR(1) .5,2,43,1,1,SF,raíz,—,∇^2 θ̂-0.1277 LR68.581,genuina,θ̂-0.4683 LR1111.003,genuina,—,1,ruido blanco (Q): p mínimo = 0.0000; media residual distinta,0,0,1,2,2,1
AR(1) .5,2,43,2,1,SF,estac.,—,∇^3 θ̂+1.0000 LR0.000,cancela,θ̂-0.1277 LR68.581,genuina,coinciden,0,,1,0,1,2,2,1
AR(1) .5,2,44,1,1,SF,raíz,—,∇^2 θ̂-0.1191 LR77.821,genuina,θ̂-0.4913 LR1270.594,genuina,—,1,ruido blanco (Q): p mínimo = 0.0000; media residual distinta,0,0,1,2,2,2
AR(1) .5,2,44,2,1,SF,estac.,—,∇^3 θ̂+0.9686 LR0.069,cancela,θ̂-0.1191 LR77.821,genuina,coinciden,0,,1,0,1,2,2,2
AR(1) .5,2,45,1,1,SF,raíz,—,∇^2 θ̂-0.1875 LR82.323,genuina,θ̂-0.5644 LR829.131,genuina,—,1,ruido blanco (Q): p mínimo = 0.0000,0,0,1,2,0,2
AR(1) .5,2,45,2,1,SF,estac.,—,∇^3 θ̂+1.0000 LR-0.000,cancela,θ̂-0.1875 LR82.323,genuina,coinciden,0,,1,0,1,2,0,2
AR(1) .5,2,46,1,1,SF,raíz,—,∇^2 θ̂-0.0864 LR39.944,genuina,θ̂-0.4147 LR950.339,genuina,—,1,ruido blanco (Q): p mínimo = 0.0000,0,0,1,1,2,2
AR(1) .5,2,46,2,1,SF,estac.,—,∇^3 θ̂+1.0000 LR0.000,cancela,θ̂-0.0864 LR39.944,genuina,coinciden,0,,1,0,1,1,2,2
AR(1) .5,2,47,1,1,SF,raíz,—,∇^2 θ̂-0.0221 LR55.860,genuina,θ̂-0.4152 LR885.201,genuina,—,1,ruido blanco (Q): p mínimo = 0.0000,0,0,1,2,2,2
AR(1) .5,2,47,2,1,SF,estac.,—,∇^3 θ̂+1.0000 LR0.000,cancela,θ̂-0.0221 LR55.860,genuina,coinciden,1,"normalidad (JB): 6.261, p = 0.0437",0,0,1,2,2,2
MA(1) .5,2,0,1,1,—,,sí,∇^2 θ̂+0.4915 LR688.591,,θ̂-0.8460 LR1695.932,genuina,sin par,1,"ruido blanco (Q): p mínimo = 0.0000; normalidad (JB): 8.272,",0,0,1,2,2,2
MA(1) .5,2,0,2,1,—,,sí,∇^3 θ̂+1.0000 LR-0.000,cancela,θ̂+0.4915 LR688.591,genuina,sin par,1,media residual distinta de cero: t = +2.05,0,0,0,2,2,2
AR(1) .5,2,49,1,1,SF,raíz,—,∇^2 θ̂-0.1736 LR64.029,genuina,θ̂-0.5183 LR1248.431,genuina,—,1,ruido blanco (Q): p mínimo = 0.0000; media residual distinta,0,0,1,2,2,1
AR(1) .5,2,49,2,1,SF,estac.,—,∇^3 θ̂+1.0000 LR0.000,cancela,θ̂-0.1736 LR64.029,genuina,coinciden,0,,1,0,1,2,2,1
AR(1) .5,2,48,1,1,SF,raíz,—,∇^2 θ̂-0.4645 LR45.853,genuina,θ̂-0.4985 LR1126.500,genuina,—,1,ruido blanco (Q): p mínimo = 0.0000; media residual distinta,0,0,1,0,2,2
AR(1) .5,2,48,2,1,SF,estac.,—,∇^3 θ̂+0.9746 LR1.817,cancela,θ̂-0.4645 LR45.853,genuina,coinciden,0,,1,0,1,0,2,2
MA(1) .5,2,1,1,1,—,,sí,∇^2 θ̂+0.5163 LR335.892,,θ̂-0.8234 LR1753.197,genuina,sin par,1,ruido blanco (Q): p mínimo = 0.0000; media residual distinta,0,0,1,2,2,2
MA(1) .5,2,1,2,1,—,,sí,∇^3 θ̂+1.0000 LR-0.000,cancela,θ̂+0.5163 LR335.892,genuina,sin par,0,,1,0,0,2,2,2
MA(1) .5,2,2,1,1,—,,sí,∇^2 θ̂+0.5039 LR393.392,,θ̂-0.7110 LR1651.674,genuina,sin par,1,ruido blanco (Q): p mínimo = 0.0000; media residual distinta,0,0,1,2,2,2
MA(1) .5,2,2,2,1,—,,sí,∇^3 θ̂+1.0000 LR-0.000,cancela,θ̂+0.5039 LR393.392,genuina,sin par,0,,1,0,0,2,2,2
MA(1) .5,2,3,1,1,—,,sí,∇^2 θ̂-0.0001 LR606.287,,θ̂-0.9099 LR1876.470,genuina,sin par,1,ruido blanco (Q): p mínimo = 0.0000; media residual distinta,0,0,1,2,2,0
MA(1) .5,2,3,2,1,—,,sí,∇^3 θ̂+1.0000 LR0.000,cancela,θ̂+0.4335 LR638.221,genuina,sin par,0,,1,0,0,2,2,0
MA(1) .5,2,4,1,1,—,,sí,∇^2 θ̂+0.6281 LR291.360,,θ̂-0.7468 LR1719.576,genuina,sin par,1,ruido blanco (Q): p mínimo = 0.0000; media residual distinta,0,0,1,2,2,2
MA(1) .5,2,4,2,1,—,,sí,∇^3 θ̂+1.0000 LR-0.000,cancela,θ̂+0.6281 LR291.360,genuina,sin par,0,,1,0,0,2,2,2
MA(1) .5,2,5,1,1,—,,sí,∇^2 θ̂+0.5472 LR278.951,,θ̂-0.6360 LR1493.883,genuina,sin par,1,ruido blanco (Q): p mínimo = 0.0000; media residual distinta,0,0,1,2,2,1
MA(1) .5,2,5,2,1,—,,sí,∇^3 θ̂+1.0000 LR-0.000,cancela,θ̂+0.5472 LR278.951,genuina,sin par,1,estacionalidad en los residuos (p = 0.0455),0,0,0,2,2,1
MA(1) .5,2,6,1,1,—,,sí,∇^2 θ̂+0.4895 LR559.932,,θ̂-0.9227 LR1867.274,genuina,sin par,1,"ruido blanco (Q): p mínimo = 0.0000; normalidad (JB): 8.463,",0,0,1,2,2,2
MA(1) .5,2,6,2,1,—,,sí,∇^3 θ̂+1.0000 LR0.000,cancela,θ̂+0.4895 LR559.932,genuina,sin par,1,estacionalidad en los residuos (p = 0.0255),0,0,0,2,2,2
MA(1) .5,2,7,1,1,—,,sí,∇^2 θ̂-0.0001 LR608.204,,θ̂-0.9129 LR1800.053,genuina,sin par,1,ruido blanco (Q): p mínimo = 0.0000; media residual distinta,0,0,1,2,2,2
MA(1) .5,2,7,2,1,—,,sí,∇^3 θ̂+1.0000 LR-0.000,cancela,θ̂+0.4244 LR637.544,genuina,sin par,0,,1,0,0,2,2,2
MA(1) .5,2,8,1,1,—,,sí,∇^2 θ̂+0.5554 LR377.058,,θ̂-0.8366 LR1824.345,genuina,sin par,1,ruido blanco (Q): p mínimo = 0.0000; media residual distinta,0,0,1,1,2,2
MA(1) .5,2,8,2,1,—,,sí,∇^3 θ̂+1.0000 LR-0.000,cancela,θ̂+0.5554 LR377.058,genuina,sin par,0,,1,0,0,1,2,2
MA(1) .5,2,9,1,1,—,,sí,∇^2 θ̂+0.5510 LR435.151,,θ̂-0.8136 LR1770.990,genuina,sin par,1,ruido blanco (Q): p mínimo = 0.0000; media residual distinta,0,0,1,2,2,2
MA(1) .5,2,9,2,1,—,,sí,∇^3 θ̂+1.0000 LR0.000,cancela,θ̂+0.5510 LR435.151,genuina,sin par,0,,1,0,0,2,2,2
MA(1) .5,2,12,1,1,—,,sí,∇^2 θ̂+0.5246 LR206.127,,θ̂-0.6843 LR1747.754,genuina,sin par,1,ruido blanco (Q): p mínimo = 0.0000; media residual distinta,0,0,1,1,2,2
MA(1) .5,2,12,2,1,—,,sí,∇^3 θ̂+1.0000 LR0.000,cancela,θ̂+0.5246 LR206.127,genuina,sin par,0,,1,0,0,1,2,2
MA(1) .5,2,10,1,1,—,,sí,∇^2 θ̂+0.5908 LR295.263,,θ̂-0.8060 LR1810.095,genuina,sin par,1,ruido blanco (Q): p mínimo = 0.0000; media residual distinta,0,0,1,1,2,2
MA(1) .5,2,10,2,1,—,,sí,∇^3 θ̂+1.0000 LR-0.000,cancela,θ̂+0.5908 LR295.263,genuina,sin par,0,,1,0,0,1,2,2
MA(1) .5,2,11,1,1,—,,sí,∇^2 θ̂+0.5231 LR365.024,,θ̂-0.8297 LR1781.639,genuina,sin par,1,ruido blanco (Q): p mínimo = 0.0000; media residual distinta,0,0,1,2,2,2
MA(1) .5,2,11,2,1,—,,sí,∇^3 θ̂+1.0000 LR-0.000,cancela,θ̂+0.5231 LR365.024,genuina,sin par,1,estacionalidad en los residuos (p = 0.0118),0,0,0,2,2,2
MA(1) .5,2,13,1,1,—,,sí,∇^2 θ̂+0.5010 LR474.349,,θ̂-0.8975 LR1853.038,genuina,sin par,1,ruido blanco (Q): p mínimo = 0.0000; media residual distinta,0,0,1,2,2,2
MA(1) .5,2,13,2,1,—,,sí,∇^3 θ̂+1.0000 LR-0.000,cancela,θ̂+0.5010 LR474.349,genuina,sin par,0,,1,0,0,2,2,2
MA(1) .5,2,15,1,1,—,,sí,∇^2 θ̂+0.4731 LR444.205,,θ̂-0.8596 LR1809.980,genuina,sin par,1,ruido blanco (Q): p mínimo = 0.0000; media residual distinta,0,0,1,2,2,2
MA(1) .5,2,15,2,1,—,,sí,∇^3 θ̂+1.0000 LR0.000,cancela,θ̂+0.4731 LR444.205,genuina,sin par,0,,1,0,0,2,2,2
MA(1) .5,2,14,1,1,—,,sí,∇^2 θ̂+0.4334 LR478.092,,θ̂-0.7617 LR1730.424,genuina,sin par,1,ruido blanco (Q): p mínimo = 0.0000; media residual distinta,0,0,1,2,2,2
MA(1) .5,2,14,2,1,—,,sí,∇^3 θ̂+1.0000 LR0.000,cancela,θ̂+0.4334 LR478.092,genuina,sin par,0,,1,0,0,2,2,2
MA(1) .5,2,17,1,1,—,,sí,∇^2 θ̂+0.5117 LR598.260,,θ̂-0.9075 LR1784.818,genuina,sin par,1,ruido blanco (Q): p mínimo = 0.0000; normalidad (JB): 10.459,0,0,1,2,2,2
MA(1) .5,2,17,2,1,—,,sí,∇^3 θ̂+1.0000 LR-0.000,cancela,θ̂+0.5117 LR598.260,genuina,sin par,0,,1,0,0,2,2,2
MA(1) .5,2,16,1,1,—,,sí,∇^2 θ̂-0.0001 LR485.029,,θ̂-0.7768 LR1494.587,genuina,sin par,1,ruido blanco (Q): p mínimo = 0.0000; normalidad (JB): 22.531,0,0,1,2,2,0
MA(1) .5,2,16,2,1,—,,sí,∇^3 θ̂+1.0000 LR-0.000,cancela,θ̂+0.3519 LR510.942,genuina,sin par,1,"normalidad (JB): 9.635, p = 0.0081",0,0,0,2,2,0
MA(1) .5,2,18,1,1,—,,sí,∇^2 θ̂+0.6066 LR325.414,,θ̂-0.7537 LR1664.498,genuina,sin par,1,ruido blanco (Q): p mínimo = 0.0000; media residual distinta,0,0,1,2,2,2
MA(1) .5,2,18,2,1,—,,sí,∇^3 θ̂+1.0000 LR-0.000,cancela,θ̂+0.6066 LR325.414,genuina,sin par,0,,1,0,0,2,2,2
MA(1) .5,2,21,1,1,—,,sí,∇^2 θ̂+0.5332 LR523.823,,θ̂-0.8781 LR1828.730,genuina,sin par,1,"ruido blanco (Q): p mínimo = 0.0000; normalidad (JB): 8.216,",0,0,1,2,2,2
MA(1) .5,2,21,2,1,—,,sí,∇^3 θ̂+1.0000 LR0.000,cancela,θ̂+0.5332 LR523.823,genuina,sin par,0,,1,0,0,2,2,2
MA(1) .5,2,19,1,1,—,,sí,∇^2 θ̂+0.4811 LR360.320,,θ̂-0.6908 LR1385.545,genuina,sin par,1,"ruido blanco (Q): p mínimo = 0.0000; normalidad (JB): 8.356,",0,0,1,2,2,2
MA(1) .5,2,19,2,1,—,,sí,∇^3 θ̂+1.0000 LR0.000,cancela,θ̂+0.4811 LR360.320,genuina,sin par,1,"normalidad (JB): 6.427, p = 0.0402",0,0,0,2,2,2
MA(1) .5,2,20,1,1,—,,sí,∇^2 θ̂+0.4918 LR170.018,,θ̂-0.4757 LR995.015,genuina,sin par,1,ruido blanco (Q): p mínimo = 0.0000,0,0,1,0,1,0
MA(1) .5,2,20,2,1,—,,sí,∇^3 θ̂+1.0000 LR-0.000,cancela,θ̂+0.4918 LR170.018,genuina,sin par,0,,1,0,0,0,1,0
MA(1) .5,2,22,1,1,—,,sí,∇^2 θ̂-0.0001 LR499.435,,θ̂-0.7671 LR1525.046,genuina,sin par,1,"ruido blanco (Q): p mínimo = 0.0000; normalidad (JB): 7.850,",0,0,1,2,2,2
MA(1) .5,2,22,2,1,—,,sí,∇^3 θ̂+1.0000 LR0.000,cancela,θ̂+0.4124 LR531.823,genuina,sin par,0,,1,0,0,2,2,2
MA(1) .5,2,23,1,1,—,,sí,∇^2 θ̂-0.0001 LR711.342,,θ̂-0.9422 LR1834.949,genuina,sin par,1,ruido blanco (Q): p mínimo = 0.0000; media residual distinta,0,0,1,2,2,2
MA(1) .5,2,23,2,1,—,,sí,∇^3 θ̂+1.0000 LR0.000,cancela,θ̂+0.4137 LR741.798,genuina,sin par,0,,1,0,0,2,2,2
MA(1) .5,2,24,1,1,—,,sí,∇^2 θ̂+0.4526 LR234.934,,θ̂-0.8114 LR1804.594,genuina,sin par,1,ruido blanco (Q): p mínimo = 0.0000; media residual distinta,0,0,1,1,2,2
MA(1) .5,2,24,2,1,—,,sí,∇^3 θ̂+1.0000 LR0.000,cancela,θ̂+0.4526 LR234.934,genuina,sin par,0,,1,0,0,1,2,2
MA(1) .5,2,25,1,1,—,,sí,∇^2 θ̂-0.0001 LR389.806,,θ̂-0.8085 LR1750.836,genuina,sin par,1,ruido blanco (Q): p mínimo = 0.0000; normalidad (JB): 13.050,0,0,1,2,2,2
MA(1) .5,2,25,2,1,—,,sí,∇^3 θ̂+1.0000 LR-0.000,cancela,θ̂+0.4035 LR413.830,genuina,sin par,0,,1,0,0,2,2,2
MA(1) .5,2,26,1,1,—,,sí,∇^2 θ̂+0.4492 LR443.691,,θ̂-0.7563 LR1528.897,genuina,sin par,1,ruido blanco (Q): p mínimo = 0.0000; media residual distinta,0,0,1,2,2,1
MA(1) .5,2,26,2,1,—,,sí,∇^3 θ̂+1.0000 LR-0.000,cancela,θ̂+0.4492 LR443.691,genuina,sin par,0,,1,0,0,2,2,1
MA(1) .5,2,27,1,1,—,,sí,∇^2 θ̂+0.4657 LR410.212,,θ̂-0.8854 LR1852.121,genuina,sin par,1,ruido blanco (Q): p mínimo = 0.0000; media residual distinta,0,0,1,2,2,2
MA(1) .5,2,27,2,1,—,,sí,∇^3 θ̂+1.0000 LR0.000,cancela,θ̂+0.4657 LR410.212,genuina,sin par,0,,1,0,0,2,2,2
MA(1) .5,2,28,1,1,—,,sí,∇^2 θ̂+0.4622 LR219.890,,θ̂-0.7542 LR1800.940,genuina,sin par,1,ruido blanco (Q): p mínimo = 0.0000; media residual distinta,0,0,1,1,2,2
MA(1) .5,2,28,2,1,—,,sí,∇^3 θ̂+1.0000 LR0.000,cancela,θ̂+0.4622 LR219.890,genuina,sin par,0,,1,0,0,1,2,2
MA(1) .5,2,29,1,1,—,,sí,∇^2 θ̂+0.5241 LR379.919,,θ̂-0.6415 LR1615.606,genuina,sin par,1,ruido blanco (Q): p mínimo = 0.0000; media residual distinta,0,0,1,2,2,2
MA(1) .5,2,29,2,1,—,,sí,∇^3 θ̂+1.0000 LR0.000,cancela,θ̂+0.5241 LR379.919,genuina,sin par,0,,1,0,0,2,2,2
MA(1) .5,2,30,1,1,—,,sí,∇^2 θ̂+0.5622 LR321.643,,θ̂-0.6463 LR1414.201,genuina,sin par,1,ruido blanco (Q): p mínimo = 0.0000; media residual distinta,0,0,1,2,2,2
MA(1) .5,2,30,2,1,—,,sí,∇^3 θ̂+1.0000 LR-0.000,cancela,θ̂+0.5622 LR321.643,genuina,sin par,0,,1,0,0,2,2,2
MA(1) .5,2,31,1,1,—,,sí,∇^2 θ̂+0.5373 LR583.767,,θ̂-0.8213 LR1743.863,genuina,sin par,1,"ruido blanco (Q): p mínimo = 0.0000; normalidad (JB): 7.424,",0,0,1,2,2,1
MA(1) .5,2,31,2,1,—,,sí,∇^3 θ̂+1.0000 LR0.000,cancela,θ̂+0.5373 LR583.767,genuina,sin par,1,"normalidad (JB): 10.251, p = 0.0059",0,0,0,2,2,1
MA(1) .5,2,32,1,1,—,,sí,∇^2 θ̂+0.5382 LR237.074,,θ̂-0.5965 LR1505.082,genuina,sin par,1,ruido blanco (Q): p mínimo = 0.0000; media residual distinta,0,0,1,1,2,2
MA(1) .5,2,32,2,1,—,,sí,∇^3 θ̂+1.0000 LR0.000,cancela,θ̂+0.5382 LR237.074,genuina,sin par,0,,1,0,0,1,2,2
MA(1) .5,2,33,1,1,—,,sí,∇^2 θ̂-0.0001 LR326.342,,θ̂-0.7152 LR1396.931,genuina,sin par,1,ruido blanco (Q): p mínimo = 0.0000,0,0,1,2,2,2
MA(1) .5,2,33,2,1,—,,sí,∇^3 θ̂+1.0000 LR0.000,cancela,θ̂+0.4381 LR364.386,genuina,sin par,0,,1,0,0,2,2,2
MA(1) .5,2,34,1,1,—,,sí,∇^2 θ̂+0.5074 LR253.816,,θ̂-0.6254 LR1317.938,genuina,sin par,1,ruido blanco (Q): p mínimo = 0.0000; media residual distinta,0,0,1,1,2,2
MA(1) .5,2,34,2,1,—,,sí,∇^3 θ̂+1.0000 LR-0.000,cancela,θ̂+0.5074 LR253.816,genuina,sin par,0,,1,0,0,1,2,2
MA(1) .5,2,35,1,1,—,,sí,∇^2 θ̂+0.4777 LR391.194,,θ̂-0.8755 LR1869.498,genuina,sin par,1,ruido blanco (Q): p mínimo = 0.0000; media residual distinta,0,0,1,1,2,2
MA(1) .5,2,35,2,1,—,,sí,∇^3 θ̂+1.0000 LR-0.000,cancela,θ̂+0.4777 LR391.194,genuina,sin par,0,,1,0,0,1,2,2
MA(1) .5,2,38,1,1,—,,sí,∇^2 θ̂+0.5719 LR354.753,,θ̂-0.7260 LR1798.542,genuina,sin par,1,ruido blanco (Q): p mínimo = 0.0000; media residual distinta,0,0,1,2,2,2
MA(1) .5,2,38,2,1,—,,sí,∇^3 θ̂+1.0000 LR-0.000,cancela,θ̂+0.5719 LR354.753,genuina,sin par,0,,1,0,0,2,2,2
MA(1) .5,2,37,1,1,—,,sí,∇^2 θ̂-0.0001 LR348.775,,θ̂-0.7161 LR1660.062,genuina,sin par,1,ruido blanco (Q): p mínimo = 0.0000; normalidad (JB): 26.009,0,0,1,2,2,2
MA(1) .5,2,37,2,1,—,,sí,∇^3 θ̂+1.0000 LR0.000,cancela,θ̂+0.4487 LR385.191,genuina,sin par,0,,1,0,0,2,2,2
MA(1) .5,2,36,1,1,—,,sí,∇^2 θ̂+0.5628 LR254.504,,θ̂-0.7562 LR1723.512,genuina,sin par,1,ruido blanco (Q): p mínimo = 0.0000; media residual distinta,0,0,1,1,2,2
MA(1) .5,2,36,2,1,—,,sí,∇^3 θ̂+1.0000 LR-0.000,cancela,θ̂+0.5628 LR254.504,genuina,sin par,0,,1,0,0,1,2,2
MA(1) .5,2,39,1,1,—,,sí,∇^2 θ̂+0.4952 LR464.226,,θ̂-0.7342 LR1450.309,genuina,sin par,1,"ruido blanco (Q): p mínimo = 0.0000; normalidad (JB): 7.630,",0,0,1,2,2,2
MA(1) .5,2,39,2,1,—,,sí,∇^3 θ̂+1.0000 LR0.000,cancela,θ̂+0.4952 LR464.226,genuina,sin par,0,,1,0,0,2,2,2
MA(1) .5,2,42,1,1,—,,sí,∇^2 θ̂-0.0001 LR530.555,,θ̂-0.7874 LR1576.297,genuina,sin par,1,ruido blanco (Q): p mínimo = 0.0000; media residual distinta,0,0,1,2,2,2
MA(1) .5,2,42,2,1,—,,sí,∇^3 θ̂+1.0000 LR0.000,cancela,θ̂+0.4595 LR572.598,genuina,sin par,0,,1,0,0,2,2,2
MA(1) .5,2,40,1,1,—,,sí,∇^2 θ̂-0.0001 LR284.781,,θ̂-0.8453 LR1844.989,genuina,sin par,1,"ruido blanco (Q): p mínimo = 0.0000; normalidad (JB): 9.717,",0,0,1,1,2,2
MA(1) .5,2,40,2,1,—,,sí,∇^3 θ̂+1.0000 LR0.000,cancela,θ̂+0.4425 LR323.521,genuina,sin par,0,,1,0,0,1,2,2
MA(1) .5,2,41,1,1,—,,sí,∇^2 θ̂-0.0001 LR532.003,,θ̂-0.9202 LR1861.082,genuina,sin par,1,ruido blanco (Q): p mínimo = 0.0000; media residual distinta,0,0,1,2,2,2
MA(1) .5,2,41,2,1,—,,sí,∇^3 θ̂+1.0000 LR-0.000,cancela,θ̂+0.4106 LR556.577,genuina,sin par,0,,1,0,0,2,2,2
MA(1) .5,2,43,1,1,—,,sí,∇^2 θ̂+0.4830 LR269.144,,θ̂-0.7913 LR1684.080,genuina,sin par,1,ruido blanco (Q): p mínimo = 0.0000; media residual distinta,0,0,1,2,2,2
MA(1) .5,2,43,2,1,—,,sí,∇^3 θ̂+1.0000 LR0.000,cancela,θ̂+0.4830 LR269.144,genuina,sin par,0,,1,0,0,2,2,2
MA(1) .5,2,44,1,1,—,,sí,∇^2 θ̂-0.0001 LR579.512,,θ̂-0.9562 LR1848.747,genuina,sin par,1,"ruido blanco (Q): p mínimo = 0.0000; normalidad (JB): 6.543,",0,0,1,2,2,2
MA(1) .5,2,44,2,1,—,,sí,∇^3 θ̂+1.0000 LR0.000,cancela,θ̂+0.3906 LR608.312,genuina,sin par,0,,1,0,0,2,2,2
MA(1) .5,2,46,1,1,—,,sí,∇^2 θ̂+0.4822 LR250.084,,θ̂-0.7916 LR1797.564,genuina,sin par,1,ruido blanco (Q): p mínimo = 0.0000; media residual distinta,0,0,1,1,2,2
MA(1) .5,2,46,2,1,—,,sí,∇^3 θ̂+1.0000 LR0.000,cancela,θ̂+0.4822 LR250.084,genuina,sin par,0,,1,0,0,1,2,2
MA(1) .5,2,45,1,1,—,,sí,∇^2 θ̂+0.5682 LR94.911,,θ̂-0.4146 LR1213.975,genuina,sin par,1,ruido blanco (Q): p mínimo = 0.0000; media residual distinta,0,0,1,0,2,1
MA(1) .5,2,45,2,1,—,,sí,∇^3 θ̂+1.0000 LR0.000,cancela,θ̂+0.5682 LR94.911,genuina,sin par,0,,1,0,0,0,2,1
MA(1) .5,2,47,1,1,—,,sí,∇^2 θ̂+0.5732 LR450.737,,θ̂-0.8256 LR1745.043,genuina,sin par,1,ruido blanco (Q): p mínimo = 0.0000; media residual distinta,0,0,1,2,2,2
MA(1) .5,2,47,2,1,—,,sí,∇^3 θ̂+1.0000 LR-0.000,cancela,θ̂+0.5732 LR450.737,genuina,sin par,0,,1,0,0,2,2,2
MA(1) .5,2,48,1,1,—,,sí,∇^2 θ̂+0.4657 LR337.369,,θ̂-0.8645 LR1810.129,genuina,sin par,1,ruido blanco (Q): p mínimo = 0.0000; media residual distinta,0,0,1,2,2,2
MA(1) .5,2,48,2,1,—,,sí,∇^3 θ̂+1.0000 LR0.000,cancela,θ̂+0.4657 LR337.369,genuina,sin par,0,,1,0,0,2,2,2
"ARMA(1,1) .6/.3",2,0,1,1,SF,raíz,sí,∇^2 θ̂-0.0757 LR21.343,genuina,θ̂-0.3094 LR853.513,genuina,—,0,,0,0,1,2,2,2
"ARMA(1,1) .6/.3",2,0,2,1,SF,estac.,sí,∇^3 θ̂+0.9846 LR0.178,cancela,θ̂-0.0757 LR21.343,genuina,coinciden,0,,1,0,1,2,2,2
MA(1) .5,2,49,1,1,—,,sí,∇^2 θ̂+0.6312 LR169.847,,θ̂-0.7180 LR1756.851,genuina,sin par,1,ruido blanco (Q): p mínimo = 0.0000; media residual distinta,0,0,1,1,2,2
MA(1) .5,2,49,2,1,—,,sí,∇^3 θ̂+1.0000 LR-0.000,cancela,θ̂+0.6312 LR169.847,genuina,sin par,0,,1,0,0,1,2,2
"ARMA(1,1) .6/.3",2,1,1,1,SF,raíz,sí,∇^2 θ̂+0.2124 LR44.875,genuina,θ̂-0.3312 LR818.808,genuina,coinciden,1,ruido blanco (Q): p mínimo = 0.0013,0,0,1,2,2,2
"ARMA(1,1) .6/.3",2,1,2,1,SF,estac.,sí,∇^3 θ̂+1.0000 LR-0.000,cancela,θ̂+0.2124 LR44.875,genuina,coinciden,0,,1,0,0,2,2,2
"ARMA(1,1) .6/.3",2,2,1,1,SF,raíz,sí,∇^2 θ̂+0.3092 LR48.367,genuina,θ̂-0.3187 LR855.657,genuina,coinciden,1,ruido blanco (Q): p mínimo = 0.0007,0,0,1,2,2,0
"ARMA(1,1) .6/.3",2,2,2,1,SF,estac.,sí,∇^3 θ̂+0.9476 LR0.556,cancela,θ̂+0.3092 LR48.367,genuina,coinciden,0,,1,0,0,2,2,0
"ARMA(1,1) .6/.3",2,3,1,1,SF,raíz,sí,∇^2 θ̂-0.0465 LR32.809,genuina,θ̂-0.3940 LR806.722,genuina,—,0,,0,0,1,1,1,2
"ARMA(1,1) .6/.3",2,3,2,1,SF,estac.,sí,∇^3 θ̂+1.0000 LR-0.000,cancela,θ̂-0.0465 LR32.809,genuina,coinciden,0,,1,0,1,1,1,2
"ARMA(1,1) .6/.3",2,4,1,1,SF,raíz,sí,∇^2 θ̂+0.4568 LR25.165,genuina,θ̂-0.2402 LR1289.804,genuina,coinciden,1,media residual distinta de cero: t = +2.33,0,0,1,2,2,2
"ARMA(1,1) .6/.3",2,4,2,1,SF,estac.,sí,∇^3 θ̂+0.9921 LR0.024,cancela,θ̂+0.4568 LR25.165,genuina,coinciden,0,,1,0,0,2,2,2
"ARMA(1,1) .6/.3",2,5,1,1,SF,raíz,sí,∇^2 θ̂+0.3835 LR9.616,genuina,θ̂-0.2136 LR851.670,genuina,coinciden,0,,0,0,1,2,2,0
"ARMA(1,1) .6/.3",2,5,2,1,SF,estac.,sí,∇^3 θ̂+1.0000 LR-0.000,cancela,θ̂+0.3835 LR9.616,genuina,coinciden,0,,1,0,0,2,2,0
"ARMA(1,1) .6/.3",2,6,1,1,SF,raíz,sí,∇^2 θ̂+0.3052 LR27.816,genuina,θ̂-0.2901 LR1135.392,genuina,coinciden,0,,0,0,1,2,2,2
"ARMA(1,1) .6/.3",2,6,2,1,SF,estac.,sí,∇^3 θ̂+0.9842 LR0.273,cancela,θ̂+0.3052 LR27.816,genuina,coinciden,0,,1,0,0,2,2,2
"ARMA(1,1) .6/.3",2,7,1,1,SF,raíz,sí,∇^2 θ̂-0.0898 LR32.238,genuina,θ̂-0.3542 LR887.981,genuina,—,0,,0,0,1,2,2,2
"ARMA(1,1) .6/.3",2,7,2,1,SF,estac.,sí,∇^3 θ̂+1.0000 LR0.000,cancela,θ̂-0.0898 LR32.238,genuina,coinciden,0,,1,0,1,2,2,2
"ARMA(1,1) .6/.3",2,8,1,1,SF,raíz,sí,∇^2 θ̂+0.6799 LR23.783,genuina,θ̂-0.1949 LR1119.333,genuina,coinciden,1,ruido blanco (Q): p mínimo = 0.0016; media residual distinta,0,0,1,2,2,2
"ARMA(1,1) .6/.3",2,8,2,1,SF,estac.,sí,∇^3 θ̂+0.8464 LR1.603,cancela,θ̂+0.6799 LR23.783,genuina,coinciden,1,estacionalidad en los residuos (p = 0.0418),0,0,0,2,2,2
"ARMA(1,1) .6/.3",2,9,1,1,SF,raíz,sí,∇^2 θ̂+0.0883 LR18.831,genuina,θ̂-0.2790 LR1320.491,genuina,coinciden,1,media residual distinta de cero: t = +2.87,0,0,1,2,2,2
"ARMA(1,1) .6/.3",2,9,2,1,SF,estac.,sí,∇^3 θ̂+1.0000 LR0.000,cancela,θ̂+0.0883 LR18.831,genuina,coinciden,1,media residual distinta de cero: t = +2.32,0,0,0,2,2,2
"ARMA(1,1) .6/.3",2,10,1,1,SF,raíz,sí,∇^2 θ̂+0.1117 LR27.072,genuina,θ̂-0.3028 LR1313.032,genuina,coinciden,0,,0,0,1,2,2,2
"ARMA(1,1) .6/.3",2,10,2,1,SF,estac.,sí,∇^3 θ̂+0.9806 LR1.001,cancela,θ̂+0.1117 LR27.072,genuina,coinciden,0,,1,0,0,2,2,2
"ARMA(1,1) .6/.3",2,11,1,1,SF,raíz,sí,∇^2 θ̂+0.5552 LR24.245,genuina,θ̂-0.2582 LR1383.244,genuina,coinciden,1,media residual distinta de cero: t = -2.62,0,0,1,2,2,0
"ARMA(1,1) .6/.3",2,11,2,1,SF,estac.,sí,∇^3 θ̂+0.9795 LR0.920,cancela,θ̂+0.5552 LR24.245,genuina,coinciden,0,,1,0,0,2,2,0
"ARMA(1,1) .6/.3",2,12,1,1,SF,raíz,sí,∇^2 θ̂+0.4075 LR30.165,genuina,θ̂-0.2770 LR1398.599,genuina,coinciden,1,media residual distinta de cero: t = +2.71,0,0,1,2,2,2
"ARMA(1,1) .6/.3",2,12,2,1,SF,estac.,sí,∇^3 θ̂+0.9837 LR0.477,cancela,θ̂+0.4075 LR30.165,genuina,coinciden,0,,1,0,0,2,2,2
"ARMA(1,1) .6/.3",2,13,1,1,SF,raíz,sí,∇^2 θ̂+0.2687 LR37.299,genuina,θ̂-0.3239 LR991.834,genuina,coinciden,0,,0,0,1,2,2,2
"ARMA(1,1) .6/.3",2,13,2,1,SF,estac.,sí,∇^3 θ̂+0.9813 LR0.508,cancela,θ̂+0.2687 LR37.299,genuina,coinciden,0,,1,0,0,2,2,2
"ARMA(1,1) .6/.3",2,14,1,1,SF,raíz,sí,∇^2 θ̂+0.2454 LR17.028,genuina,θ̂-0.2499 LR1161.549,genuina,coinciden,1,media residual distinta de cero: t = -2.16,0,0,1,2,2,2
"ARMA(1,1) .6/.3",2,14,2,1,SF,estac.,sí,∇^3 θ̂+1.0000 LR0.000,cancela,θ̂+0.2454 LR17.028,genuina,coinciden,0,,1,0,0,2,2,2
"ARMA(1,1) .6/.3",2,15,1,1,SF,raíz,sí,∇^2 θ̂+0.1959 LR17.633,genuina,θ̂-0.2348 LR1237.376,genuina,coinciden,1,media residual distinta de cero: t = -2.03,0,0,1,2,2,2
"ARMA(1,1) .6/.3",2,15,2,1,SF,estac.,sí,∇^3 θ̂+1.0000 LR0.000,cancela,θ̂+0.1960 LR17.633,genuina,coinciden,0,,1,0,0,2,2,2
"ARMA(1,1) .6/.3",2,16,1,1,SF,raíz,sí,∇^2 θ̂-0.0466 LR21.093,genuina,θ̂-0.2892 LR889.096,genuina,—,0,,0,0,1,2,2,2
"ARMA(1,1) .6/.3",2,16,2,1,SF,estac.,sí,∇^3 θ̂+0.9857 LR0.364,cancela,θ̂-0.0466 LR21.093,genuina,coinciden,0,,1,0,1,2,2,2
"ARMA(1,1) .6/.3",2,17,1,1,SF,raíz,sí,∇^2 θ̂+0.0791 LR38.068,genuina,θ̂-0.3432 LR939.480,genuina,coinciden,1,"normalidad (JB): 7.003, p = 0.0302",0,0,1,2,2,2
"ARMA(1,1) .6/.3",2,17,2,1,SF,estac.,sí,∇^3 θ̂+1.0000 LR-0.000,cancela,θ̂+0.0791 LR38.068,genuina,coinciden,0,,1,0,0,2,2,2
"ARMA(1,1) .6/.3",2,18,1,1,SF,raíz,sí,∇^2 θ̂-0.1489 LR33.935,genuina,θ̂-0.3745 LR1145.287,genuina,—,0,,0,0,1,2,2,2
"ARMA(1,1) .6/.3",2,18,2,1,SF,estac.,sí,∇^3 θ̂+1.0000 LR0.000,cancela,θ̂-0.1489 LR33.935,genuina,coinciden,0,,1,0,1,2,2,2
"ARMA(1,1) .6/.3",2,19,1,1,SF,raíz,sí,∇^2 θ̂+0.2092 LR61.379,genuina,θ̂-0.4057 LR960.238,genuina,coinciden,1,ruido blanco (Q): p mínimo = 0.0009,0,0,1,1,1,2
"ARMA(1,1) .6/.3",2,19,2,1,SF,estac.,sí,∇^3 θ̂+1.0000 LR-0.000,cancela,θ̂+0.2092 LR61.379,genuina,coinciden,0,,1,0,0,1,1,2
"ARMA(1,1) .6/.3",2,20,1,1,SF,raíz,sí,∇^2 θ̂-0.1609 LR25.031,genuina,θ̂-0.3493 LR833.428,genuina,—,0,,0,0,1,2,2,2
"ARMA(1,1) .6/.3",2,20,2,1,SF,estac.,sí,∇^3 θ̂+1.0000 LR0.000,cancela,θ̂-0.1609 LR25.031,genuina,coinciden,0,,1,0,1,2,2,2
"ARMA(1,1) .6/.3",2,21,1,1,SF,raíz,sí,∇^2 θ̂-0.0247 LR17.896,genuina,θ̂-0.2832 LR962.989,genuina,—,0,,0,0,1,2,2,2
"ARMA(1,1) .6/.3",2,21,2,1,SF,estac.,sí,∇^3 θ̂+0.9854 LR0.345,cancela,θ̂-0.0247 LR17.896,genuina,coinciden,0,,1,0,1,2,2,2
"ARMA(1,1) .6/.3",2,22,1,1,SF,raíz,sí,∇^2 θ̂+0.3162 LR19.162,genuina,θ̂-0.2387 LR1337.733,genuina,coinciden,1,media residual distinta de cero: t = +2.86,0,0,1,2,2,2
"ARMA(1,1) .6/.3",2,22,2,1,SF,estac.,sí,∇^3 θ̂+0.9897 LR0.041,cancela,θ̂+0.3162 LR19.162,genuina,coinciden,0,,1,0,0,2,2,2
"ARMA(1,1) .6/.3",2,24,1,1,SF,raíz,sí,∇^2 θ̂+0.6366 LR23.591,genuina,θ̂-0.2694 LR1210.071,genuina,coinciden,1,media residual distinta de cero: t = -2.34,0,0,1,2,2,2
"ARMA(1,1) .6/.3",2,24,2,1,SF,estac.,sí,∇^3 θ̂+0.9774 LR0.363,cancela,θ̂+0.6366 LR23.591,genuina,coinciden,0,,1,0,0,2,2,2
"ARMA(1,1) .6/.3",2,23,1,1,SF,raíz,sí,∇^2 θ̂+0.2910 LR42.115,genuina,θ̂-0.3449 LR1305.592,genuina,coinciden,1,media residual distinta de cero: t = -2.33,0,0,1,2,2,2
"ARMA(1,1) .6/.3",2,23,2,1,SF,estac.,sí,∇^3 θ̂+0.9720 LR0.439,cancela,θ̂+0.2910 LR42.115,genuina,coinciden,0,,1,0,0,2,2,2
"ARMA(1,1) .6/.3",2,25,1,1,SF,raíz,sí,∇^2 θ̂+0.3430 LR10.715,genuina,θ̂-0.1692 LR1048.765,genuina,coinciden,1,ruido blanco (Q): p mínimo = 0.0189,0,0,1,2,2,2
"ARMA(1,1) .6/.3",2,25,2,1,SF,estac.,sí,∇^3 θ̂+1.0000 LR-0.000,cancela,θ̂+0.3430 LR10.715,genuina,coinciden,1,ruido blanco (Q): p mínimo = 0.0176,0,0,0,2,2,2
"ARMA(1,1) .6/.3",2,26,1,1,SF,raíz,sí,∇^2 θ̂+0.4499 LR61.789,genuina,θ̂-0.3738 LR1352.183,genuina,coinciden,1,ruido blanco (Q): p mínimo = 0.0000; media residual distinta,0,0,1,2,2,2
"ARMA(1,1) .6/.3",2,26,2,1,SF,estac.,sí,∇^3 θ̂+0.8358 LR0.535,cancela,θ̂+0.4499 LR61.789,genuina,coinciden,0,,1,0,0,2,2,2
"ARMA(1,1) .6/.3",2,27,1,1,SF,raíz,sí,∇^2 θ̂+0.3485 LR23.655,genuina,θ̂-0.2572 LR855.210,genuina,coinciden,0,,0,0,1,2,2,2
"ARMA(1,1) .6/.3",2,27,2,1,SF,estac.,sí,∇^3 θ̂+0.9911 LR0.027,cancela,θ̂+0.3485 LR23.655,genuina,coinciden,0,,1,0,0,2,2,2
"ARMA(1,1) .6/.3",2,28,1,1,SF,raíz,sí,∇^2 θ̂-0.1294 LR18.897,genuina,θ̂-0.2915 LR1006.882,genuina,—,0,,0,0,1,2,2,2
"ARMA(1,1) .6/.3",2,28,2,1,SF,estac.,sí,∇^3 θ̂+1.0000 LR0.000,cancela,θ̂-0.1294 LR18.897,genuina,coinciden,0,,1,0,1,2,2,2
"ARMA(1,1) .6/.3",2,29,1,1,SF,raíz,sí,∇^2 θ̂+0.3063 LR35.980,genuina,θ̂-0.2495 LR1315.297,genuina,coinciden,1,media residual distinta de cero: t = -3.13,0,0,1,2,2,2
"ARMA(1,1) .6/.3",2,29,2,1,SF,estac.,sí,∇^3 θ̂+1.0000 LR-0.000,cancela,θ̂+0.3063 LR35.980,genuina,coinciden,0,,1,0,0,2,2,2
"ARMA(1,1) .6/.3",2,30,1,1,SF,estac.,sí,∇^2 θ̂-0.1542 LR7.763,genuina,θ̂-0.2485 LR496.140,genuina,—,0,,0,0,1,1,1,2
"ARMA(1,1) .6/.3",2,30,2,1,SF,estac.,sí,∇^3 θ̂+1.0000 LR0.000,cancela,θ̂-0.1542 LR7.763,genuina,coinciden,0,,1,0,1,1,1,2
"ARMA(1,1) .6/.3",2,31,1,1,SF,raíz,sí,∇^2 θ̂+0.0036 LR23.452,genuina,θ̂-0.3231 LR832.448,genuina,coinciden,0,,0,0,1,1,1,2
"ARMA(1,1) .6/.3",2,31,2,1,SF,estac.,sí,∇^3 θ̂+1.0000 LR0.000,cancela,θ̂+0.0036 LR23.452,genuina,coinciden,0,,1,0,0,1,1,2
"ARMA(1,1) .6/.3",2,32,1,1,SF,raíz,sí,∇^2 θ̂+0.4719 LR10.828,genuina,θ̂-0.1958 LR642.739,genuina,coinciden,1,ruido blanco (Q): p mínimo = 0.0168,0,0,1,1,2,2
"ARMA(1,1) .6/.3",2,32,2,1,SF,estac.,sí,∇^3 θ̂+1.0000 LR-0.000,cancela,θ̂+0.4719 LR10.828,genuina,coinciden,0,,1,0,0,1,2,2
"ARMA(1,1) .6/.3",2,33,1,1,SF,raíz,sí,∇^2 θ̂+0.3679 LR45.997,genuina,θ̂-0.3561 LR1256.645,genuina,coinciden,1,ruido blanco (Q): p mínimo = 0.0009; media residual distinta,0,0,1,2,2,2
"ARMA(1,1) .6/.3",2,33,2,1,SF,estac.,sí,∇^3 θ̂+1.0000 LR-0.000,cancela,θ̂+0.3679 LR45.997,genuina,coinciden,0,,1,0,0,2,2,2
"ARMA(1,1) .6/.3",2,34,1,1,SF,raíz,sí,∇^2 θ̂+0.1340 LR10.109,genuina,θ̂-0.2031 LR849.719,genuina,coinciden,0,,0,0,1,2,2,2
"ARMA(1,1) .6/.3",2,34,2,1,SF,estac.,sí,∇^3 θ̂+0.9773 LR1.537,cancela,θ̂+0.1340 LR10.109,genuina,coinciden,0,,1,0,0,2,2,2
"ARMA(1,1) .6/.3",2,35,1,1,SF,raíz,sí,∇^2 θ̂+0.5498 LR44.880,genuina,θ̂-0.3347 LR953.674,genuina,coinciden,1,ruido blanco (Q): p mínimo = 0.0010,0,0,1,2,2,2
"ARMA(1,1) .6/.3",2,35,2,1,SF,estac.,sí,∇^3 θ̂+0.8018 LR2.925,genuina,θ̂+0.5498 LR44.880,genuina,discrepan,0,,0,0,0,2,2,2
"ARMA(1,1) .6/.3",2,36,1,1,SF,raíz,sí,∇^2 θ̂+0.3465 LR23.358,genuina,θ̂-0.2412 LR962.499,genuina,coinciden,1,ruido blanco (Q): p mínimo = 0.0195,0,0,1,2,2,2
"ARMA(1,1) .6/.3",2,36,2,1,SF,estac.,sí,∇^3 θ̂+1.0000 LR0.000,cancela,θ̂+0.3465 LR23.358,genuina,coinciden,0,,1,0,0,2,2,2
"ARMA(1,1) .6/.3",2,37,1,1,SF,raíz,sí,∇^2 θ̂+0.3387 LR23.755,genuina,θ̂-0.2423 LR1413.748,genuina,coinciden,1,ruido blanco (Q): p mínimo = 0.0191; media residual distinta,0,0,1,2,2,2
"ARMA(1,1) .6/.3",2,37,2,1,SF,estac.,sí,∇^3 θ̂+0.9348 LR3.983,genuina,θ̂+0.3387 LR23.755,genuina,discrepan,0,,0,0,0,2,2,2
"ARMA(1,1) .6/.3",2,38,1,1,SF,raíz,sí,∇^2 θ̂+0.3564 LR26.744,genuina,θ̂-0.2584 LR1125.154,genuina,coinciden,1,media residual distinta de cero: t = +2.00,0,0,1,2,2,2
"ARMA(1,1) .6/.3",2,38,2,1,SF,estac.,sí,∇^3 θ̂+1.0000 LR0.000,cancela,θ̂+0.3564 LR26.744,genuina,coinciden,0,,1,0,0,2,2,2
"ARMA(1,1) .6/.3",2,39,1,1,SF,raíz,sí,∇^2 θ̂+0.3475 LR37.500,genuina,θ̂-0.2974 LR1046.064,genuina,coinciden,1,ruido blanco (Q): p mínimo = 0.0001,0,0,1,2,2,2
"ARMA(1,1) .6/.3",2,39,2,1,SF,estac.,sí,∇^3 θ̂+0.9777 LR1.174,cancela,θ̂+0.3475 LR37.500,genuina,coinciden,1,ruido blanco (Q): p mínimo = 0.0023; estacionalidad en los r,0,0,0,2,2,2
"ARMA(1,1) .6/.3",2,40,1,1,SF,raíz,sí,∇^2 θ̂+0.2255 LR25.570,genuina,θ̂-0.2833 LR902.859,genuina,coinciden,1,ruido blanco (Q): p mínimo = 0.0016,0,0,1,2,2,2
"ARMA(1,1) .6/.3",2,40,2,1,SF,estac.,sí,∇^3 θ̂+0.9837 LR0.327,cancela,θ̂+0.2255 LR25.570,genuina,coinciden,0,,1,0,0,2,2,2
"ARMA(1,1) .6/.3",2,41,1,1,SF,raíz,sí,∇^2 θ̂+0.2849 LR7.144,genuina,θ̂-0.1340 LR1082.316,genuina,coinciden,0,,0,0,1,2,2,2
"ARMA(1,1) .6/.3",2,41,2,1,SF,estac.,sí,∇^3 θ̂+1.0000 LR-0.000,cancela,θ̂+0.2849 LR7.144,genuina,coinciden,0,,1,0,0,2,2,2
"ARMA(1,1) .6/.3",2,42,1,1,SF,raíz,sí,∇^2 θ̂-0.0084 LR29.851,genuina,θ̂-0.3694 LR1100.111,genuina,—,0,,0,0,1,2,2,2
"ARMA(1,1) .6/.3",2,42,2,1,SF,estac.,sí,∇^3 θ̂+0.9603 LR2.843,genuina,θ̂-0.0084 LR29.851,genuina,discrepan,0,,0,0,1,2,2,2
"ARMA(1,1) .6/.3",2,43,1,1,SF,raíz,sí,∇^2 θ̂+0.0582 LR29.489,genuina,θ̂-0.2905 LR957.761,genuina,coinciden,0,,0,0,1,2,2,2
"ARMA(1,1) .6/.3",2,43,2,1,SF,estac.,sí,∇^3 θ̂+1.0000 LR0.000,cancela,θ̂+0.0582 LR29.489,genuina,coinciden,0,,1,0,0,2,2,2
"ARMA(1,1) .6/.3",2,44,1,1,SF,raíz,sí,∇^2 θ̂+0.0445 LR36.988,genuina,θ̂-0.3422 LR1367.171,genuina,coinciden,1,media residual distinta de cero: t = -2.56,0,0,1,2,2,2
"ARMA(1,1) .6/.3",2,44,2,1,SF,estac.,sí,∇^3 θ̂+1.0000 LR-0.000,cancela,θ̂+0.0445 LR36.988,genuina,coinciden,0,,1,0,0,2,2,2
"ARMA(1,1) .6/.3",2,45,1,1,SF,raíz,sí,∇^2 θ̂+0.3745 LR27.140,genuina,θ̂-0.2662 LR930.149,genuina,coinciden,1,estacionalidad en los residuos (p = 0.0200),0,0,1,2,2,2
"ARMA(1,1) .6/.3",2,45,2,1,SF,estac.,sí,∇^3 θ̂+0.9780 LR0.849,cancela,θ̂+0.3745 LR27.140,genuina,coinciden,1,estacionalidad en los residuos (p = 0.0027),0,0,0,2,2,2
"ARMA(1,1) .6/.3",2,48,1,1,SF,raíz,sí,∇^2 θ̂+0.6718 LR17.743,genuina,θ̂-0.2220 LR907.110,genuina,coinciden,0,,0,0,1,2,2,2
"ARMA(1,1) .6/.3",2,48,2,1,SF,estac.,sí,∇^3 θ̂+0.8656 LR0.680,cancela,θ̂+0.6718 LR17.743,genuina,coinciden,0,,1,0,0,2,2,2
"ARMA(1,1) .6/.3",2,46,1,1,SF,raíz,sí,∇^2 θ̂+0.2657 LR29.889,genuina,θ̂-0.2934 LR1156.562,genuina,coinciden,1,media residual distinta de cero: t = -2.45,0,0,1,2,2,2
"ARMA(1,1) .6/.3",2,46,2,1,SF,estac.,sí,∇^3 θ̂+1.0000 LR-0.000,cancela,θ̂+0.2657 LR29.889,genuina,coinciden,0,,1,0,0,2,2,2
"ARMA(1,1) .6/.3",2,47,1,1,SF,raíz,sí,∇^2 θ̂-0.1180 LR25.639,genuina,θ̂-0.3297 LR1107.824,genuina,—,0,,0,0,1,2,2,2
"ARMA(1,1) .6/.3",2,47,2,1,SF,estac.,sí,∇^3 θ̂+1.0000 LR0.000,cancela,θ̂-0.1180 LR25.639,genuina,coinciden,0,,1,0,1,2,2,2
"ARMA(1,1) .6/.3",2,49,1,1,SF,raíz,sí,∇^2 θ̂+0.1935 LR31.261,genuina,θ̂-0.2964 LR1273.634,genuina,coinciden,1,ruido blanco (Q): p mínimo = 0.0136; media residual distinta,0,0,1,2,2,2
"ARMA(1,1) .6/.3",2,49,2,1,SF,estac.,sí,∇^3 θ̂+1.0000 LR0.000,cancela,θ̂+0.1935 LR31.261,genuina,coinciden,0,,1,0,0,2,2,2
"AR(2) reales .5,.3",2,1,1,1,SF,raíz,—,∇^2 θ̂+0.0535 LR29.475,genuina,θ̂+0.4297 LR145.424,genuina,coinciden,1,ruido blanco (Q): p mínimo = 0.0000,0,0,0,1,2,0
"AR(2) reales .5,.3",2,1,2,1,SF,estac.,—,∇^3 θ̂+0.9648 LR0.104,cancela,θ̂+0.0535 LR29.475,genuina,coinciden,0,,1,0,0,1,2,0
"AR(2) reales .5,.3",2,0,1,1,SF,raíz,—,∇^2 θ̂+0.0838 LR9.134,genuina,θ̂+0.2879 LR174.038,genuina,coinciden,1,ruido blanco (Q): p mínimo = 0.0040,0,0,0,1,2,2
"AR(2) reales .5,.3",2,0,2,1,SF,estac.,—,∇^3 θ̂+1.0000 LR-0.000,cancela,θ̂+0.0838 LR9.134,genuina,coinciden,0,,1,0,0,1,2,2
"AR(2) reales .5,.3",2,2,1,1,SF,raíz,—,∇^2 θ̂-0.3244 LR15.769,genuina,θ̂+0.2360 LR112.908,genuina,—,1,ruido blanco (Q): p mínimo = 0.0004; media residual distinta,0,0,1,2,2,2
"AR(2) reales .5,.3",2,2,2,1,SF,estac.,—,∇^3 θ̂+1.0000 LR0.000,cancela,θ̂-0.3244 LR15.769,genuina,coinciden,0,,1,0,1,2,2,2
"AR(2) reales .5,.3",2,3,1,1,SF,raíz,—,∇^2 θ̂+0.0001 LR19.947,genuina,θ̂+0.3024 LR93.172,genuina,coinciden,1,ruido blanco (Q): p mínimo = 0.0000; media residual distinta,0,0,0,2,2,2
"AR(2) reales .5,.3",2,3,2,1,SF,estac.,—,∇^3 θ̂+1.0000 LR-0.000,cancela,θ̂-0.3807 LR24.176,genuina,coinciden,0,,1,0,1,2,2,2
"AR(2) reales .5,.3",2,4,1,1,SF,raíz,—,∇^2 θ̂+1.0000 LR0.000,cancela,θ̂+0.2913 LR134.939,genuina,discrepan,1,ruido blanco (Q): p mínimo = 0.0001,0,0,0,2,2,2
"AR(2) reales .5,.3",2,4,2,1,SF,estac.,—,∇^3 θ̂+1.0000 LR0.000,cancela,θ̂-0.4376 LR14.360,genuina,coinciden,0,,1,0,1,2,2,2
"AR(2) reales .5,.3",2,5,1,1,SF,raíz,—,∇^2 θ̂+0.2428 LR130.694,genuina,θ̂+0.4303 LR147.037,genuina,coinciden,1,ruido blanco (Q): p mínimo = 0.0000; media residual distinta,0,0,0,2,2,2
"AR(2) reales .5,.3",2,5,2,1,SF,estac.,—,∇^3 θ̂+0.9705 LR1.900,cancela,θ̂+0.2428 LR130.697,genuina,coinciden,1,ruido blanco (Q): p mínimo = 0.0087,0,0,0,2,2,2
"AR(2) reales .5,.3",2,6,1,1,SF,raíz,—,∇^2 θ̂+0.0000 LR15.972,genuina,θ̂+0.3782 LR119.460,genuina,coinciden,1,ruido blanco (Q): p mínimo = 0.0000,0,0,0,2,2,2
"AR(2) reales .5,.3",2,6,2,1,SF,estac.,—,∇^3 θ̂+0.9565 LR0.033,cancela,θ̂-0.0012 LR15.972,genuina,coinciden,0,,1,0,1,2,2,2
"AR(2) reales .5,.3",2,7,1,1,SF,raíz,—,∇^2 θ̂+1.0000 LR-0.000,cancela,θ̂+0.2886 LR159.640,genuina,discrepan,1,ruido blanco (Q): p mínimo = 0.0001,0,0,0,1,2,2
"AR(2) reales .5,.3",2,7,2,1,SF,estac.,—,∇^3 θ̂+1.0000 LR0.000,cancela,θ̂-0.4133 LR15.255,genuina,coinciden,0,,1,0,1,1,2,2
"AR(2) reales .5,.3",2,9,1,1,SF,raíz,—,∇^2 θ̂-0.1785 LR96.122,genuina,θ̂+0.3772 LR132.862,genuina,—,1,ruido blanco (Q): p mínimo = 0.0000,0,0,1,2,2,2
"AR(2) reales .5,.3",2,9,2,1,SF,estac.,—,∇^3 θ̂+1.0000 LR-0.000,cancela,θ̂-0.1785 LR28.736,genuina,coinciden,0,,1,0,1,2,2,2
"AR(2) reales .5,.3",2,8,1,1,SF,raíz,—,∇^2 θ̂+0.0001 LR23.281,genuina,θ̂+0.3723 LR167.626,genuina,coinciden,1,ruido blanco (Q): p mínimo = 0.0015,0,0,0,2,2,2
"AR(2) reales .5,.3",2,8,2,1,SF,estac.,—,∇^3 θ̂+1.0000 LR-0.000,cancela,θ̂-0.0294 LR23.297,genuina,coinciden,0,,1,0,1,2,2,2
"AR(2) reales .5,.3",2,10,1,1,SF,raíz,—,∇^2 θ̂-0.0989 LR115.691,genuina,θ̂+0.3068 LR105.453,genuina,—,1,ruido blanco (Q): p mínimo = 0.0035,0,0,1,1,2,2
"AR(2) reales .5,.3",2,10,2,1,SF,estac.,—,∇^3 θ̂+0.9852 LR0.238,cancela,θ̂-0.0989 LR115.692,genuina,coinciden,0,,1,0,1,1,2,2
"AR(2) reales .5,.3",2,11,1,1,SF,raíz,—,∇^2 θ̂+0.0329 LR8.885,genuina,θ̂+0.2490 LR181.577,genuina,coinciden,1,ruido blanco (Q): p mínimo = 0.0001,0,0,0,2,2,2
"AR(2) reales .5,.3",2,11,2,1,SF,estac.,—,∇^3 θ̂+1.0000 LR-0.000,cancela,θ̂+0.0329 LR8.885,genuina,coinciden,0,,1,0,0,2,2,2
"AR(2) reales .5,.3",2,12,1,1,SF,raíz,—,∇^2 θ̂-0.2931 LR97.232,genuina,θ̂+0.2426 LR191.583,genuina,—,0,,0,0,1,2,2,2
"AR(2) reales .5,.3",2,12,2,1,SF,estac.,—,∇^3 θ̂+1.0000 LR0.000,cancela,θ̂-0.2931 LR74.197,genuina,coinciden,0,,1,0,1,2,2,2
"AR(2) reales .5,.3",2,13,1,1,SF,raíz,—,∇^2 θ̂-0.0330 LR8.739,genuina,θ̂+0.2235 LR146.495,genuina,—,1,ruido blanco (Q): p mínimo = 0.0042; media residual distinta,0,0,1,2,2,2
"AR(2) reales .5,.3",2,13,2,1,SF,estac.,—,∇^3 θ̂+1.0000 LR0.000,cancela,θ̂-0.0330 LR8.735,genuina,coinciden,1,media residual distinta de cero: t = -2.04,0,0,1,2,2,2
"AR(2) reales .5,.3",2,14,1,1,SF,raíz,—,∇^2 θ̂+0.1878 LR20.808,genuina,θ̂+0.3660 LR105.793,genuina,coinciden,1,ruido blanco (Q): p mínimo = 0.0001; media residual distinta,0,0,0,2,2,2
"AR(2) reales .5,.3",2,14,2,1,SF,estac.,—,∇^3 θ̂+1.0000 LR-0.000,cancela,θ̂+0.1878 LR20.785,genuina,coinciden,1,media residual distinta de cero: t = -2.14,0,0,0,2,2,2
"AR(2) reales .5,.3",2,15,1,1,SF,raíz,—,∇^2 θ̂+0.1151 LR5.221,genuina,θ̂+0.2197 LR170.848,genuina,coinciden,0,,0,0,0,2,2,2
"AR(2) reales .5,.3",2,15,2,1,SF,estac.,—,∇^3 θ̂+0.9911 LR0.027,cancela,θ̂+0.1151 LR5.221,genuina,coinciden,0,,1,0,0,2,2,2
"AR(2) reales .5,.3",2,16,1,1,SF,raíz,—,∇^2 θ̂+0.0001 LR13.611,genuina,θ̂+0.2344 LR194.440,genuina,coinciden,0,,0,0,0,2,2,2
"AR(2) reales .5,.3",2,16,2,1,SF,estac.,—,∇^3 θ̂+1.0000 LR-0.000,cancela,θ̂-0.1856 LR122.310,genuina,coinciden,0,,1,0,1,2,2,2
"AR(2) reales .5,.3",2,17,1,1,SF,raíz,—,∇^2 θ̂-0.2678 LR6.026,genuina,θ̂+0.2209 LR162.321,genuina,—,0,,0,0,1,1,1,2
"AR(2) reales .5,.3",2,17,2,1,SF,estac.,—,∇^3 θ̂+1.0000 LR-0.000,cancela,θ̂-0.2678 LR6.026,genuina,coinciden,0,,1,0,1,1,1,2
"AR(2) reales .5,.3",2,18,1,1,SF,raíz,—,∇^2 θ̂+0.0001 LR28.904,genuina,θ̂+0.3221 LR159.540,genuina,coinciden,1,ruido blanco (Q): p mínimo = 0.0000,0,0,0,2,2,2
"AR(2) reales .5,.3",2,18,2,1,SF,estac.,—,∇^3 θ̂+1.0000 LR-0.000,cancela,θ̂-0.3153 LR33.713,genuina,coinciden,0,,1,0,1,2,2,2
"AR(2) reales .5,.3",2,19,1,1,SF,raíz,—,∇^2 θ̂-0.0357 LR19.794,genuina,θ̂+0.4566 LR67.728,genuina,—,1,media residual distinta de cero: t = -2.50,0,0,1,2,2,2
"AR(2) reales .5,.3",2,19,2,1,SF,estac.,—,∇^3 θ̂+1.0000 LR-0.000,cancela,θ̂-0.0357 LR19.794,genuina,coinciden,0,,1,0,1,2,2,2
"AR(2) reales .5,.3",2,20,1,1,SF,raíz,—,∇^2 θ̂+0.2402 LR48.517,genuina,θ̂+0.3854 LR146.187,genuina,coinciden,0,,0,0,0,2,2,2
"AR(2) reales .5,.3",2,20,2,1,SF,estac.,—,∇^3 θ̂+1.0000 LR-0.000,cancela,θ̂+0.2402 LR48.516,genuina,coinciden,0,,1,0,0,2,2,2
"AR(2) reales .5,.3",2,21,1,1,SF,raíz,—,∇^2 θ̂+0.3506 LR27.595,genuina,θ̂+0.3141 LR209.472,genuina,coinciden,1,ruido blanco (Q): p mínimo = 0.0061,0,0,0,2,2,2
"AR(2) reales .5,.3",2,21,2,1,SF,estac.,—,∇^3 θ̂+1.0000 LR-0.000,cancela,θ̂+0.3506 LR27.593,genuina,coinciden,0,,1,0,0,2,2,2
"AR(2) reales .5,.3",2,22,1,1,SF,raíz,—,∇^2 θ̂+0.0001 LR23.762,genuina,θ̂+0.4514 LR151.951,genuina,coinciden,1,ruido blanco (Q): p mínimo = 0.0000,0,0,0,1,2,1
"AR(2) reales .5,.3",2,22,2,1,SF,estac.,—,∇^3 θ̂+1.0000 LR-0.000,cancela,θ̂-0.0989 LR24.117,genuina,coinciden,0,,1,0,1,1,2,1
"AR(2) reales .5,.3",2,23,1,1,SF,raíz,—,∇^2 θ̂-0.4072 LR17.328,genuina,θ̂+0.2913 LR122.639,genuina,—,1,ruido blanco (Q): p mínimo = 0.0000,0,0,1,2,2,2
"AR(2) reales .5,.3",2,23,2,1,SF,estac.,—,∇^3 θ̂+1.0000 LR-0.000,cancela,θ̂-0.4072 LR17.328,genuina,coinciden,0,,1,0,1,2,2,2
"AR(2) reales .5,.3",2,24,1,1,SF,raíz,—,∇^2 θ̂+0.1652 LR27.437,genuina,θ̂+0.4446 LR100.681,genuina,coinciden,1,ruido blanco (Q): p mínimo = 0.0000,0,0,0,2,2,2
"AR(2) reales .5,.3",2,24,2,1,SF,estac.,—,∇^3 θ̂+1.0000 LR0.000,cancela,θ̂+0.1652 LR27.437,genuina,coinciden,0,,1,0,0,2,2,2
"AR(2) reales .5,.3",2,25,1,1,SF,raíz,—,∇^2 θ̂+0.0001 LR6.487,genuina,θ̂+0.2576 LR59.652,genuina,coinciden,1,ruido blanco (Q): p mínimo = 0.0247,0,0,0,1,2,2
"AR(2) reales .5,.3",2,25,2,1,SF,estac.,—,∇^3 θ̂+0.9767 LR0.914,cancela,θ̂-0.1539 LR6.733,genuina,coinciden,1,ruido blanco (Q): p mínimo = 0.0301,0,0,1,1,2,2
"AR(2) reales .5,.3",2,26,1,1,SF,raíz,—,∇^2 θ̂-0.2608 LR23.841,genuina,θ̂+0.3224 LR158.532,genuina,—,1,ruido blanco (Q): p mínimo = 0.0001,0,0,1,2,2,2
"AR(2) reales .5,.3",2,26,2,1,SF,estac.,—,∇^3 θ̂+1.0000 LR-0.000,cancela,θ̂-0.2608 LR23.841,genuina,coinciden,0,,1,0,1,2,2,2
"AR(2) reales .5,.3",2,29,1,1,SF,raíz,—,∇^2 θ̂+0.1462 LR115.685,genuina,θ̂+0.3240 LR154.887,genuina,coinciden,0,,0,0,0,2,2,2
"AR(2) reales .5,.3",2,29,2,1,SF,estac.,—,∇^3 θ̂+1.0000 LR0.000,cancela,θ̂+0.1462 LR116.138,genuina,coinciden,0,,1,0,0,2,2,2
"AR(2) reales .5,.3",2,27,1,1,SF,raíz,—,∇^2 θ̂-0.4084 LR90.259,genuina,θ̂+0.2818 LR110.347,genuina,—,0,,0,0,1,2,2,2
"AR(2) reales .5,.3",2,27,2,1,SF,estac.,—,∇^3 θ̂+1.0000 LR-0.000,cancela,θ̂-0.4084 LR94.671,genuina,coinciden,0,,1,0,1,2,2,2
"AR(2) reales .5,.3",2,28,1,1,SF,raíz,—,∇^2 θ̂+0.0001 LR166.145,genuina,θ̂+0.3636 LR157.512,genuina,coinciden,1,ruido blanco (Q): p mínimo = 0.0011,0,0,0,2,2,2
"AR(2) reales .5,.3",2,28,2,1,SF,estac.,—,∇^3 θ̂+0.9776 LR0.318,cancela,θ̂-0.0510 LR22.869,genuina,coinciden,0,,1,0,1,2,2,2
"AR(2) reales .5,.3",2,30,1,1,SF,raíz,—,∇^2 θ̂+0.0001 LR14.230,genuina,θ̂+0.3219 LR113.720,genuina,coinciden,0,,0,0,0,2,2,2
"AR(2) reales .5,.3",2,30,2,1,SF,estac.,—,∇^3 θ̂+0.9611 LR1.174,cancela,θ̂-0.3498 LR15.495,genuina,coinciden,0,,1,0,1,2,2,2
"AR(2) reales .5,.3",2,31,1,1,SF,raíz,—,∇^2 θ̂+0.1397 LR35.320,genuina,θ̂+0.4904 LR204.103,genuina,coinciden,1,ruido blanco (Q): p mínimo = 0.0000,0,0,0,1,2,1
"AR(2) reales .5,.3",2,31,2,1,SF,estac.,—,∇^3 θ̂+1.0000 LR0.000,cancela,θ̂+0.1397 LR35.320,genuina,coinciden,0,,1,0,0,1,2,1
"AR(2) reales .5,.3",2,33,1,1,SF,raíz,—,∇^2 θ̂+1.0000 LR0.000,cancela,θ̂+0.2623 LR152.040,genuina,discrepan,1,ruido blanco (Q): p mínimo = 0.0004,0,0,0,2,2,2
"AR(2) reales .5,.3",2,33,2,1,SF,estac.,—,∇^3 θ̂+1.0000 LR0.000,cancela,θ̂-0.2318 LR8.518,genuina,coinciden,0,,1,0,1,2,2,2
"AR(2) reales .5,.3",2,32,1,1,SF,raíz,—,∇^2 θ̂+0.2791 LR85.288,genuina,θ̂+0.4668 LR95.050,genuina,coinciden,1,ruido blanco (Q): p mínimo = 0.0002; media residual distinta,0,0,0,2,2,2
"AR(2) reales .5,.3",2,32,2,1,SF,estac.,—,∇^3 θ̂+0.9852 LR0.236,cancela,θ̂+0.2791 LR85.286,genuina,coinciden,0,,1,0,0,2,2,2
"AR(2) reales .5,.3",2,34,1,1,SF,raíz,—,∇^2 θ̂-0.0795 LR15.607,genuina,θ̂+0.2910 LR149.185,genuina,—,0,,0,0,1,2,2,2
"AR(2) reales .5,.3",2,34,2,1,SF,estac.,—,∇^3 θ̂+1.0000 LR-0.000,cancela,θ̂-0.0795 LR15.607,genuina,coinciden,0,,1,0,1,2,2,2
"AR(2) reales .5,.3",2,35,1,1,SF,raíz,—,∇^2 θ̂-0.2087 LR44.304,genuina,θ̂+0.3633 LR105.026,genuina,—,1,ruido blanco (Q): p mínimo = 0.0002; estacionalidad en los r,0,0,1,2,2,2
"AR(2) reales .5,.3",2,35,2,1,SF,estac.,—,∇^3 θ̂+1.0000 LR-0.000,cancela,θ̂-0.2087 LR44.334,genuina,coinciden,1,estacionalidad en los residuos (p = 0.0133),0,0,1,2,2,2
"AR(2) reales .5,.3",2,36,1,1,SF,raíz,—,∇^2 θ̂+0.2562 LR27.476,genuina,θ̂+0.3758 LR826.180,genuina,coinciden,1,ruido blanco (Q): p mínimo = 0.0010,0,0,0,2,2,2
"AR(2) reales .5,.3",2,36,2,1,SF,estac.,—,∇^3 θ̂+0.9924 LR0.031,cancela,θ̂+0.2562 LR27.477,genuina,coinciden,0,,1,0,0,2,2,2
"AR(2) reales .5,.3",2,37,1,1,SF,raíz,—,∇^2 θ̂+0.0663 LR19.765,genuina,θ̂+0.3957 LR139.833,genuina,coinciden,1,ruido blanco (Q): p mínimo = 0.0000,0,0,0,2,2,2
"AR(2) reales .5,.3",2,37,2,1,SF,estac.,—,∇^3 θ̂+1.0000 LR-0.000,cancela,θ̂+0.0663 LR19.765,genuina,coinciden,0,,1,0,0,2,2,2
"AR(2) reales .5,.3",2,40,1,1,SF,raíz,—,∇^2 θ̂+0.1855 LR23.143,genuina,θ̂+0.3810 LR165.357,genuina,coinciden,1,ruido blanco (Q): p mínimo = 0.0000,0,0,0,2,2,2
"AR(2) reales .5,.3",2,40,2,1,SF,estac.,—,∇^3 θ̂+0.9710 LR1.198,cancela,θ̂+0.1855 LR23.143,genuina,coinciden,0,,1,0,0,2,2,2
"AR(2) reales .5,.3",2,38,1,1,SF,raíz,—,∇^2 θ̂+0.5900 LR4.388,genuina,θ̂+0.1824 LR88.929,genuina,coinciden,0,,0,0,0,2,2,2
"AR(2) reales .5,.3",2,38,2,1,SF,estac.,—,∇^3 θ̂+1.0000 LR-0.000,cancela,θ̂+0.5900 LR4.388,genuina,coinciden,0,,1,0,0,2,2,2
"AR(2) reales .5,.3",2,39,1,1,SF,raíz,—,∇^2 θ̂+0.0838 LR11.784,genuina,θ̂+0.3233 LR141.932,genuina,coinciden,1,ruido blanco (Q): p mínimo = 0.0034,0,0,0,2,2,2
"AR(2) reales .5,.3",2,39,2,1,SF,estac.,—,∇^3 θ̂+1.0000 LR-0.000,cancela,θ̂+0.0838 LR11.784,genuina,coinciden,0,,1,0,0,2,2,2
"AR(2) reales .5,.3",2,41,1,1,SF,raíz,—,∇^2 θ̂+0.0001 LR32.302,genuina,θ̂+0.4082 LR115.116,genuina,coinciden,1,ruido blanco (Q): p mínimo = 0.0000,0,0,0,2,2,1
"AR(2) reales .5,.3",2,41,2,1,SF,estac.,—,∇^3 θ̂+0.9782 LR0.707,cancela,θ̂-0.2587 LR191.441,genuina,coinciden,0,,1,0,1,2,2,1
"AR(2) reales .5,.3",2,42,1,1,SF,raíz,—,∇^2 θ̂+0.0524 LR111.329,genuina,θ̂+0.3361 LR169.348,genuina,coinciden,1,ruido blanco (Q): p mínimo = 0.0000,0,0,0,2,2,2
"AR(2) reales .5,.3",2,42,2,1,SF,estac.,—,∇^3 θ̂+1.0000 LR-0.000,cancela,θ̂+0.0524 LR111.236,genuina,coinciden,0,,1,0,0,2,2,2
"AR(2) reales .5,.3",2,43,1,1,SF,raíz,—,∇^2 θ̂+0.0007 LR36.867,genuina,θ̂+0.3330 LR102.362,genuina,coinciden,0,,0,0,0,2,2,2
"AR(2) reales .5,.3",2,43,2,1,SF,estac.,—,∇^3 θ̂+0.9838 LR0.213,cancela,θ̂+0.0007 LR36.874,genuina,coinciden,0,,1,0,0,2,2,2
"AR(2) reales .5,.3",2,44,1,1,SF,raíz,—,∇^2 θ̂-0.6532 LR11.548,genuina,θ̂+0.2415 LR106.959,genuina,—,1,media residual distinta de cero: t = +2.02,0,0,1,2,2,0
"AR(2) reales .5,.3",2,44,2,1,SF,estac.,—,∇^3 θ̂+1.0000 LR-0.000,cancela,θ̂-0.6532 LR11.542,genuina,coinciden,0,,1,0,1,2,2,0
"AR(2) reales .5,.3",2,45,1,1,SF,raíz,—,∇^2 θ̂+0.2178 LR90.629,genuina,θ̂+0.3945 LR137.591,genuina,coinciden,1,media residual distinta de cero: t = +2.22,0,0,0,2,2,2
"AR(2) reales .5,.3",2,45,2,1,SF,estac.,—,∇^3 θ̂+0.9651 LR0.231,cancela,θ̂+0.2178 LR90.626,genuina,coinciden,0,,1,0,0,2,2,2
"AR(2) reales .5,.3",2,46,1,1,SF,raíz,—,∇^2 θ̂-0.5048 LR19.553,genuina,θ̂+0.3075 LR115.775,genuina,—,1,ruido blanco (Q): p mínimo = 0.0000,0,0,1,2,2,2
"AR(2) reales .5,.3",2,46,2,1,SF,estac.,—,∇^3 θ̂+1.0000 LR0.000,cancela,θ̂-0.5048 LR19.553,genuina,coinciden,0,,1,0,1,2,2,2
"AR(2) reales .5,.3",2,48,1,1,SF,raíz,—,∇^2 θ̂+0.1070 LR19.629,genuina,θ̂+0.3457 LR138.902,genuina,coinciden,1,ruido blanco (Q): p mínimo = 0.0043,0,0,0,1,2,2
"AR(2) reales .5,.3",2,48,2,1,SF,estac.,—,∇^3 θ̂+1.0000 LR-0.000,cancela,θ̂+0.1070 LR19.629,genuina,coinciden,0,,1,0,0,1,2,2
"AR(2) reales .5,.3",2,47,1,1,SF,raíz,—,∇^2 θ̂+0.4217 LR26.469,genuina,θ̂+0.4779 LR514.344,genuina,coinciden,0,,0,0,0,2,2,2
"AR(2) reales .5,.3",2,47,2,1,SF,estac.,—,∇^3 θ̂+0.5490 LR0.801,cancela,θ̂+0.4217 LR26.469,genuina,coinciden,0,,1,0,0,2,2,2
"AR(2) reales .5,.3",2,49,1,1,SF,raíz,—,∇^2 θ̂+0.1535 LR81.413,genuina,θ̂+0.4091 LR162.553,genuina,coinciden,1,ruido blanco (Q): p mínimo = 0.0012,0,0,0,2,2,2
"AR(2) reales .5,.3",2,49,2,1,SF,estac.,—,∇^3 θ̂+1.0000 LR-0.000,cancela,θ̂+0.1535 LR81.413,genuina,coinciden,0,,1,0,0,2,2,2
AR(2) cplx corto p8 r.7,2,0,1,1,SF,raíz,—,∇^2 θ̂-0.0744 LR60.724,genuina,θ̂-0.5682 LR164.678,genuina,—,1,ruido blanco (Q): p mínimo = 0.0000,0,0,1,1,2,0
AR(2) cplx corto p8 r.7,2,0,2,1,SFsob,estac.,—,∇^3 θ̂+1.0000 LR0.000,cancela,θ̂-0.0744 LR60.724,genuina,sin par,0,,1,0,1,1,2,0
AR(2) cplx corto p8 r.7,2,1,1,1,SF,raíz,—,∇^2 θ̂-0.0855 LR26.716,genuina,θ̂-0.4639 LR159.856,genuina,—,1,ruido blanco (Q): p mínimo = 0.0000,0,0,1,2,2,2
AR(2) cplx corto p8 r.7,2,1,2,1,SFsob,estac.,—,∇^3 θ̂+0.9947 LR0.004,cancela,θ̂-0.0855 LR26.716,genuina,sin par,0,,1,0,1,2,2,2
AR(2) cplx corto p8 r.7,2,2,1,1,SF,raíz,—,∇^2 θ̂-0.0505 LR72.939,genuina,θ̂-0.5810 LR159.370,genuina,—,1,ruido blanco (Q): p mínimo = 0.0000; normalidad (JB): 15.818,0,0,1,2,2,2
AR(2) cplx corto p8 r.7,2,2,2,1,SFsob,estac.,—,∇^3 θ̂+0.9777 LR0.908,cancela,θ̂-0.0505 LR72.939,genuina,sin par,0,,1,0,1,2,2,2
AR(2) cplx corto p8 r.7,2,3,1,1,SF,raíz,—,∇^2 θ̂-0.0043 LR41.980,genuina,θ̂-0.4504 LR124.568,genuina,—,1,ruido blanco (Q): p mínimo = 0.0000,0,0,1,2,2,2
AR(2) cplx corto p8 r.7,2,3,2,1,SFsob,estac.,—,∇^3 θ̂+0.9827 LR0.755,cancela,θ̂-0.0043 LR41.980,genuina,sin par,0,,1,0,1,2,2,2
AR(2) cplx corto p8 r.7,2,5,1,1,SF,raíz,—,∇^2 θ̂+0.0478 LR50.246,genuina,θ̂-0.5441 LR793.344,genuina,coinciden,1,ruido blanco (Q): p mínimo = 0.0000,0,0,1,1,2,2
AR(2) cplx corto p8 r.7,2,5,2,1,—,,—,∇^3 θ̂+1.0000 LR-0.000,cancela,θ̂+0.0478 LR50.246,genuina,sin par,0,,1,0,0,1,2,2
AR(2) cplx corto p8 r.7,2,4,1,1,SFsob,raíz,—,∇^2 θ̂+0.2252 LR61.515,,θ̂-0.4779 LR188.666,genuina,sin par,1,ruido blanco (Q): p mínimo = 0.0000; media residual distinta,0,0,1,2,2,1
AR(2) cplx corto p8 r.7,2,4,2,1,—,,—,∇^3 θ̂+1.0000 LR0.000,cancela,θ̂+0.2252 LR61.515,genuina,sin par,1,ruido blanco (Q): p mínimo = 0.0292,0,0,0,2,2,1
AR(2) cplx corto p8 r.7,2,7,1,1,SF,raíz,—,∇^2 θ̂+0.1514 LR36.961,genuina,θ̂-0.4225 LR143.703,genuina,coinciden,1,ruido blanco (Q): p mínimo = 0.0000,0,0,1,2,2,2
AR(2) cplx corto p8 r.7,2,7,2,1,—,,—,∇^3 θ̂+0.9887 LR0.090,cancela,θ̂+0.1514 LR36.961,genuina,sin par,0,,1,0,0,2,2,2
AR(2) cplx corto p8 r.7,2,6,1,1,SF,raíz,—,∇^2 θ̂-0.0899 LR37.899,genuina,θ̂-0.4821 LR711.419,genuina,—,1,ruido blanco (Q): p mínimo = 0.0000,0,0,1,2,2,2
AR(2) cplx corto p8 r.7,2,6,2,1,SFsob,estac.,—,∇^3 θ̂+1.0000 LR-0.000,cancela,θ̂-0.0899 LR37.899,genuina,sin par,0,,1,0,1,2,2,2
AR(2) cplx corto p8 r.7,2,9,1,1,SF,estac.,—,∇^2 θ̂+0.1847 LR76.046,genuina,θ̂-0.5158 LR172.761,genuina,discrepan,1,ruido blanco (Q): p mínimo = 0.0000,0,0,1,2,2,2
AR(2) cplx corto p8 r.7,2,9,2,1,—,,—,∇^3 θ̂+1.0000 LR0.000,cancela,θ̂+0.1847 LR76.046,genuina,sin par,0,,1,0,0,2,2,2
AR(2) cplx corto p8 r.7,2,8,1,1,SF,raíz,—,∇^2 θ̂+0.1043 LR77.231,genuina,θ̂-0.4746 LR158.851,genuina,coinciden,1,"ruido blanco (Q): p mínimo = 0.0000; normalidad (JB): 7.606,",0,0,1,2,2,2
AR(2) cplx corto p8 r.7,2,8,2,1,—,,—,∇^3 θ̂+1.0000 LR-0.000,cancela,θ̂+0.1043 LR77.231,genuina,sin par,0,,1,0,0,2,2,2
AR(2) cplx corto p8 r.7,2,10,1,1,SF,raíz,—,∇^2 θ̂+0.2536 LR53.118,genuina,θ̂-0.3679 LR119.041,genuina,coinciden,1,ruido blanco (Q): p mínimo = 0.0000,0,0,1,0,2,0
AR(2) cplx corto p8 r.7,2,10,2,1,—,,—,∇^3 θ̂+0.9955 LR0.002,cancela,θ̂+0.2536 LR53.118,genuina,sin par,0,,1,0,0,0,2,0
AR(2) cplx corto p8 r.7,2,11,1,1,SF,raíz,—,∇^2 θ̂-0.1657 LR56.464,genuina,θ̂-0.5289 LR167.696,genuina,—,1,ruido blanco (Q): p mínimo = 0.0000,0,0,1,2,2,2
AR(2) cplx corto p8 r.7,2,11,2,1,SFsob,estac.,—,∇^3 θ̂+0.9643 LR0.163,cancela,θ̂-0.1657 LR56.464,genuina,sin par,0,,1,0,1,2,2,2
AR(2) cplx corto p8 r.7,2,12,1,1,SF,raíz,—,∇^2 θ̂+0.1823 LR31.827,genuina,θ̂-0.3763 LR156.927,genuina,coinciden,1,ruido blanco (Q): p mínimo = 0.0000; estacionalidad en los r,0,0,1,1,2,2
AR(2) cplx corto p8 r.7,2,12,2,1,—,,—,∇^3 θ̂+0.9777 LR0.132,cancela,θ̂+0.1823 LR31.827,genuina,sin par,0,,1,0,0,1,2,2
AR(2) cplx corto p8 r.7,2,13,1,1,SF,raíz,—,∇^2 θ̂+0.1772 LR62.591,genuina,θ̂-0.6597 LR192.751,genuina,coinciden,1,ruido blanco (Q): p mínimo = 0.0000,0,0,1,2,2,2
AR(2) cplx corto p8 r.7,2,13,2,1,—,,—,∇^3 θ̂+1.0000 LR-0.000,cancela,θ̂+0.1772 LR62.591,genuina,sin par,1,ruido blanco (Q): p mínimo = 0.0145,0,0,0,2,2,2
AR(2) cplx corto p8 r.7,2,14,1,1,SF,raíz,—,∇^2 θ̂+0.0820 LR62.817,genuina,θ̂-0.4626 LR162.765,genuina,coinciden,1,ruido blanco (Q): p mínimo = 0.0000,0,0,1,1,2,2
AR(2) cplx corto p8 r.7,2,14,2,1,—,,—,∇^3 θ̂+0.9859 LR0.169,cancela,θ̂+0.0820 LR62.817,genuina,sin par,0,,1,0,0,1,2,2
AR(2) cplx corto p8 r.7,2,15,1,1,SF,raíz,—,∇^2 θ̂+0.1163 LR47.769,genuina,θ̂-0.4798 LR132.487,genuina,coinciden,1,ruido blanco (Q): p mínimo = 0.0000,0,0,1,2,2,2
AR(2) cplx corto p8 r.7,2,15,2,1,—,,—,∇^3 θ̂+0.9878 LR0.223,cancela,θ̂+0.1163 LR47.769,genuina,sin par,0,,1,0,0,2,2,2
AR(2) cplx corto p8 r.7,2,17,1,1,SF,raíz,—,∇^2 θ̂+0.0837 LR43.432,genuina,θ̂-0.4885 LR164.522,genuina,coinciden,1,ruido blanco (Q): p mínimo = 0.0000; media residual distinta,0,0,1,2,2,2
AR(2) cplx corto p8 r.7,2,17,2,1,—,,—,∇^3 θ̂+1.0000 LR-0.000,cancela,θ̂+0.0837 LR43.432,genuina,sin par,0,,1,0,0,2,2,2
AR(2) cplx corto p8 r.7,2,16,1,1,SFsob,raíz,—,∇^2 θ̂+0.1276 LR35.526,,θ̂-0.4186 LR143.417,genuina,sin par,1,ruido blanco (Q): p mínimo = 0.0000,0,0,1,1,2,2
AR(2) cplx corto p8 r.7,2,16,2,1,—,,—,∇^3 θ̂+1.0000 LR-0.000,cancela,θ̂+0.1276 LR35.526,genuina,sin par,0,,1,0,0,1,2,2
AR(2) cplx corto p8 r.7,2,18,1,1,SF,raíz,—,∇^2 θ̂+0.0959 LR54.118,genuina,θ̂-0.5158 LR144.159,genuina,coinciden,1,ruido blanco (Q): p mínimo = 0.0000,0,0,1,2,2,2
AR(2) cplx corto p8 r.7,2,18,2,1,—,,—,∇^3 θ̂+1.0000 LR-0.000,cancela,θ̂+0.0959 LR54.118,genuina,sin par,0,,1,0,0,2,2,2
AR(2) cplx corto p8 r.7,2,19,1,1,SF,raíz,—,∇^2 θ̂-0.1397 LR126.796,genuina,θ̂-0.5426 LR165.426,genuina,—,1,ruido blanco (Q): p mínimo = 0.0000,0,0,1,2,2,2
AR(2) cplx corto p8 r.7,2,19,2,1,SFsob,estac.,—,∇^3 θ̂+1.0000 LR0.000,cancela,θ̂-0.1397 LR126.796,genuina,sin par,0,,1,0,1,2,2,2
AR(2) cplx corto p8 r.7,2,20,1,1,SF,raíz,—,∇^2 θ̂+0.0001 LR23.985,genuina,θ̂-0.4842 LR105.383,genuina,coinciden,1,ruido blanco (Q): p mínimo = 0.0000; estacionalidad en los r,0,0,1,2,2,2
AR(2) cplx corto p8 r.7,2,20,2,1,SFsob,estac.,—,∇^3 θ̂+0.9545 LR3.303,,θ̂-0.2307 LR25.274,genuina,sin par,0,,1,0,1,2,2,2
AR(2) cplx corto p8 r.7,2,21,1,1,SF,raíz,—,∇^2 θ̂-0.1055 LR72.629,genuina,θ̂-0.5717 LR142.657,genuina,—,1,ruido blanco (Q): p mínimo = 0.0000,0,0,1,2,2,2
AR(2) cplx corto p8 r.7,2,21,2,1,SFsob,estac.,—,∇^3 θ̂+0.9582 LR7.927,,θ̂-0.1055 LR72.629,genuina,sin par,0,,1,0,1,2,2,2
AR(2) cplx corto p8 r.7,2,22,1,1,SF,estac.,—,∇^2 θ̂-0.0005 LR37.954,genuina,θ̂-0.4086 LR145.108,genuina,—,1,ruido blanco (Q): p mínimo = 0.0000,0,0,1,1,1,2
AR(2) cplx corto p8 r.7,2,22,2,1,SFsob,estac.,—,∇^3 θ̂+1.0000 LR-0.000,cancela,θ̂-0.0005 LR37.954,genuina,sin par,0,,1,0,1,1,1,2
AR(2) cplx corto p8 r.7,2,23,1,1,SF,raíz,—,∇^2 θ̂+0.1389 LR49.119,genuina,θ̂-0.4758 LR145.014,genuina,coinciden,1,ruido blanco (Q): p mínimo = 0.0000,0,0,1,1,2,2
AR(2) cplx corto p8 r.7,2,23,2,1,—,,—,∇^3 θ̂+0.9884 LR0.121,cancela,θ̂+0.1389 LR49.119,genuina,sin par,0,,1,0,0,1,2,2
AR(2) cplx corto p8 r.7,2,24,1,1,SF,raíz,—,∇^2 θ̂+0.1314 LR35.682,genuina,θ̂-0.4299 LR148.248,genuina,coinciden,1,ruido blanco (Q): p mínimo = 0.0000,0,0,1,2,2,2
AR(2) cplx corto p8 r.7,2,24,2,1,—,,—,∇^3 θ̂+1.0000 LR-0.000,cancela,θ̂+0.1314 LR35.682,genuina,sin par,0,,1,0,0,2,2,2
AR(2) cplx corto p8 r.7,2,25,1,1,SF,raíz,—,∇^2 θ̂-0.1922 LR43.986,genuina,θ̂-0.5578 LR151.303,genuina,—,1,ruido blanco (Q): p mínimo = 0.0000,0,0,1,2,2,2
AR(2) cplx corto p8 r.7,2,25,2,1,SFsob,estac.,—,∇^3 θ̂+0.9932 LR0.019,cancela,θ̂-0.1922 LR43.986,genuina,sin par,0,,1,0,1,2,2,2
AR(2) cplx corto p8 r.7,2,26,1,1,SF,raíz,—,∇^2 θ̂+0.1893 LR27.591,genuina,θ̂-0.3950 LR175.392,genuina,coinciden,1,ruido blanco (Q): p mínimo = 0.0000,0,0,1,2,2,2
AR(2) cplx corto p8 r.7,2,26,2,1,—,,—,∇^3 θ̂+1.0000 LR-0.000,cancela,θ̂+0.1893 LR27.591,genuina,sin par,0,,1,0,0,2,2,2
AR(2) cplx corto p8 r.7,2,27,1,1,SF,raíz,—,∇^2 θ̂-0.2025 LR44.648,genuina,θ̂-0.5546 LR144.676,genuina,—,1,ruido blanco (Q): p mínimo = 0.0000,0,0,1,2,2,2
AR(2) cplx corto p8 r.7,2,27,2,1,SFsob,estac.,—,∇^3 θ̂+1.0000 LR-0.000,cancela,θ̂-0.2025 LR44.648,genuina,sin par,1,ruido blanco (Q): p mínimo = 0.0330,0,0,1,2,2,2
AR(2) cplx corto p8 r.7,2,29,1,1,SFsob,raíz,—,∇^2 θ̂+0.0021 LR62.551,,θ̂-0.5106 LR180.981,genuina,sin par,1,ruido blanco (Q): p mínimo = 0.0000; estacionalidad en los r,0,0,1,1,1,2
AR(2) cplx corto p8 r.7,2,29,2,1,—,,—,∇^3 θ̂+1.0000 LR-0.000,cancela,θ̂+0.0021 LR62.551,genuina,sin par,1,estacionalidad en los residuos (p = 0.0006),0,0,0,1,1,2
AR(2) cplx corto p8 r.7,2,28,1,1,SF,raíz,—,∇^2 θ̂-0.0830 LR71.982,genuina,θ̂-0.5211 LR185.395,genuina,—,1,ruido blanco (Q): p mínimo = 0.0000,0,0,1,2,2,2
AR(2) cplx corto p8 r.7,2,28,2,1,SFsob,estac.,—,∇^3 θ̂+0.9816 LR0.816,cancela,θ̂-0.0830 LR71.982,genuina,sin par,0,,1,0,1,2,2,2
AR(2) cplx corto p8 r.7,2,30,1,1,SF,raíz,—,∇^2 θ̂+0.0592 LR54.084,genuina,θ̂-0.5375 LR151.918,genuina,coinciden,1,ruido blanco (Q): p mínimo = 0.0000,0,0,1,2,2,2
AR(2) cplx corto p8 r.7,2,30,2,1,—,,—,∇^3 θ̂+1.0000 LR-0.000,cancela,θ̂+0.0592 LR54.084,genuina,sin par,0,,1,0,0,2,2,2
AR(2) cplx corto p8 r.7,2,32,1,1,SF,raíz,—,∇^2 θ̂-0.0435 LR58.928,genuina,θ̂-0.5002 LR158.964,genuina,—,1,ruido blanco (Q): p mínimo = 0.0000,0,0,1,2,2,2
AR(2) cplx corto p8 r.7,2,32,2,1,SFsob,estac.,—,∇^3 θ̂+1.0000 LR0.000,cancela,θ̂-0.0435 LR58.928,genuina,sin par,0,,1,0,1,2,2,2
AR(2) cplx corto p8 r.7,2,31,1,1,SF,raíz,—,∇^2 θ̂-0.0046 LR52.728,genuina,θ̂-0.5232 LR144.411,genuina,—,1,ruido blanco (Q): p mínimo = 0.0000,0,0,1,2,2,2
AR(2) cplx corto p8 r.7,2,31,2,1,SFsob,estac.,—,∇^3 θ̂+1.0000 LR-0.000,cancela,θ̂-0.0046 LR52.728,genuina,sin par,0,,1,0,1,2,2,2
AR(2) cplx corto p8 r.7,2,33,1,1,SF,raíz,—,∇^2 θ̂+0.4380 LR57.175,genuina,θ̂-0.4824 LR132.592,genuina,coinciden,1,ruido blanco (Q): p mínimo = 0.0000,0,0,1,2,2,2
AR(2) cplx corto p8 r.7,2,33,2,1,—,,—,∇^3 θ̂+1.0000 LR0.000,cancela,θ̂+0.4380 LR57.175,genuina,sin par,1,"normalidad (JB): 6.345, p = 0.0419",0,0,0,2,2,2
AR(2) cplx corto p8 r.7,2,34,1,1,SF,raíz,—,∇^2 θ̂+0.0653 LR39.821,genuina,θ̂-0.3733 LR152.810,genuina,coinciden,1,ruido blanco (Q): p mínimo = 0.0000; estacionalidad en los r,0,0,1,2,2,2
AR(2) cplx corto p8 r.7,2,34,2,1,—,,—,∇^3 θ̂+0.9790 LR1.111,cancela,θ̂+0.0653 LR39.821,genuina,sin par,0,,1,0,0,2,2,2
AR(2) cplx corto p8 r.7,2,36,1,1,SF,estac.,—,∇^2 θ̂+0.0703 LR51.210,genuina,θ̂-0.5317 LR156.423,genuina,discrepan,1,ruido blanco (Q): p mínimo = 0.0000,0,0,1,2,2,2
AR(2) cplx corto p8 r.7,2,36,2,1,—,,—,∇^3 θ̂+1.0000 LR0.000,cancela,θ̂+0.0703 LR51.210,genuina,sin par,0,,1,0,0,2,2,2
AR(2) cplx corto p8 r.7,2,35,1,1,SF,estac.,—,∇^2 θ̂+0.0792 LR30.438,genuina,θ̂-0.4434 LR104.300,genuina,discrepan,1,ruido blanco (Q): p mínimo = 0.0000,0,0,1,2,2,2
AR(2) cplx corto p8 r.7,2,35,2,1,—,,—,∇^3 θ̂+1.0000 LR-0.000,cancela,θ̂+0.0792 LR30.438,genuina,sin par,0,,1,0,0,2,2,2
AR(2) cplx corto p8 r.7,2,37,1,1,SFsob,raíz,—,∇^2 θ̂-0.0986 LR56.682,,θ̂-0.5286 LR156.293,genuina,sin par,1,ruido blanco (Q): p mínimo = 0.0000,0,0,1,2,2,2
AR(2) cplx corto p8 r.7,2,37,2,1,SFsob,estac.,—,∇^3 θ̂+1.0000 LR-0.000,cancela,θ̂-0.0986 LR56.682,genuina,sin par,0,,1,0,1,2,2,2
AR(2) cplx corto p8 r.7,2,38,1,1,SF,raíz,—,∇^2 θ̂+0.2600 LR25.977,genuina,θ̂-0.3990 LR141.276,genuina,coinciden,1,ruido blanco (Q): p mínimo = 0.0000,0,0,1,2,2,1
AR(2) cplx corto p8 r.7,2,38,2,1,—,,—,∇^3 θ̂+1.0000 LR0.000,cancela,θ̂+0.2600 LR25.977,genuina,sin par,0,,1,0,0,2,2,1
AR(2) cplx corto p8 r.7,2,40,1,1,SF,estac.,—,∇^2 θ̂+0.0293 LR46.725,genuina,θ̂-0.5584 LR185.275,genuina,discrepan,1,ruido blanco (Q): p mínimo = 0.0000; media residual distinta,0,0,1,1,2,1
AR(2) cplx corto p8 r.7,2,40,2,1,—,,—,∇^3 θ̂+1.0000 LR0.000,cancela,θ̂+0.0293 LR46.725,genuina,sin par,0,,1,0,0,1,2,1
AR(2) cplx corto p8 r.7,2,39,1,1,SF,raíz,—,∇^2 θ̂+0.3317 LR55.743,genuina,θ̂-0.4564 LR130.089,genuina,coinciden,1,ruido blanco (Q): p mínimo = 0.0000,0,0,1,2,2,2
AR(2) cplx corto p8 r.7,2,39,2,1,—,,—,∇^3 θ̂+1.0000 LR-0.000,cancela,θ̂+0.3317 LR55.743,genuina,sin par,1,"normalidad (JB): 7.523, p = 0.0232",0,0,0,2,2,2
AR(2) cplx corto p8 r.7,2,42,1,1,SF,raíz,—,∇^2 θ̂-0.0560 LR43.995,genuina,θ̂-0.5008 LR131.289,genuina,—,1,ruido blanco (Q): p mínimo = 0.0000,0,0,1,1,1,2
AR(2) cplx corto p8 r.7,2,42,2,1,SFsob,estac.,—,∇^3 θ̂+0.9914 LR0.043,cancela,θ̂-0.0560 LR43.995,genuina,sin par,0,,1,0,1,1,1,2
AR(2) cplx corto p8 r.7,2,41,1,1,SF,raíz,—,∇^2 θ̂+0.0929 LR43.167,genuina,θ̂-0.4744 LR141.490,genuina,coinciden,1,ruido blanco (Q): p mínimo = 0.0000; estacionalidad en los r,0,0,1,1,2,2
AR(2) cplx corto p8 r.7,2,41,2,1,—,,—,∇^3 θ̂+1.0000 LR-0.000,cancela,θ̂+0.0929 LR43.167,genuina,sin par,1,estacionalidad en los residuos (p = 0.0151),0,0,0,1,2,2
AR(2) cplx corto p8 r.7,2,43,1,1,SF,raíz,—,∇^2 θ̂-0.0843 LR103.805,genuina,θ̂-0.5671 LR151.992,genuina,—,1,ruido blanco (Q): p mínimo = 0.0000,0,0,1,2,2,2
AR(2) cplx corto p8 r.7,2,43,2,1,SFsob,estac.,—,∇^3 θ̂+1.0000 LR0.000,cancela,θ̂-0.0843 LR103.806,genuina,sin par,0,,1,0,1,2,2,2
AR(2) cplx corto p8 r.7,2,44,1,1,SF,raíz,—,∇^2 θ̂+0.0677 LR55.142,genuina,θ̂-0.4835 LR155.796,genuina,coinciden,1,ruido blanco (Q): p mínimo = 0.0000,0,0,1,2,2,2
AR(2) cplx corto p8 r.7,2,44,2,1,—,,—,∇^3 θ̂+1.0000 LR-0.000,cancela,θ̂+0.0677 LR55.142,genuina,sin par,0,,1,0,0,2,2,2
AR(2) cplx corto p8 r.7,2,45,1,1,SF,raíz,—,∇^2 θ̂-0.2873 LR56.952,genuina,θ̂-0.5682 LR183.285,genuina,—,1,ruido blanco (Q): p mínimo = 0.0000,0,0,1,2,2,2
AR(2) cplx corto p8 r.7,2,45,2,1,SFsob,estac.,—,∇^3 θ̂+1.0000 LR0.000,cancela,θ̂-0.2873 LR56.952,genuina,sin par,0,,1,0,1,2,2,2
AR(2) cplx corto p8 r.7,2,47,1,1,SF,raíz,—,∇^2 θ̂+0.0578 LR49.492,genuina,θ̂-0.4579 LR749.174,genuina,coinciden,1,ruido blanco (Q): p mínimo = 0.0000,0,0,1,2,2,2
AR(2) cplx corto p8 r.7,2,47,2,1,—,,—,∇^3 θ̂+1.0000 LR0.000,cancela,θ̂+0.0578 LR49.492,genuina,sin par,1,ruido blanco (Q): p mínimo = 0.0039,0,0,0,2,2,2
AR(2) cplx corto p8 r.7,2,46,1,1,SF,raíz,—,∇^2 θ̂-0.2073 LR42.985,genuina,θ̂-0.5367 LR129.112,genuina,—,1,ruido blanco (Q): p mínimo = 0.0000,0,0,1,2,2,2
AR(2) cplx corto p8 r.7,2,46,2,1,SFsob,estac.,—,∇^3 θ̂+0.9909 LR0.081,cancela,θ̂-0.2073 LR42.985,genuina,sin par,0,,1,0,1,2,2,2
AR(2) cplx corto p8 r.7,2,48,1,1,SF,raíz,—,∇^2 θ̂-0.0873 LR45.107,genuina,θ̂-0.4809 LR142.609,genuina,—,1,ruido blanco (Q): p mínimo = 0.0000,0,0,1,1,1,2
AR(2) cplx corto p8 r.7,2,48,2,1,SFsob,estac.,—,∇^3 θ̂+1.0000 LR0.000,cancela,θ̂-0.0873 LR45.107,genuina,sin par,0,,1,0,1,1,1,2
AR(2) cplx corto p8 r.7,2,49,1,1,SF,raíz,—,∇^2 θ̂+0.2147 LR71.086,genuina,θ̂-0.4133 LR161.376,genuina,coinciden,1,ruido blanco (Q): p mínimo = 0.0000,0,0,1,2,2,2
AR(2) cplx corto p8 r.7,2,49,2,1,—,,—,∇^3 θ̂+1.0000 LR0.000,cancela,θ̂+0.2147 LR71.086,genuina,sin par,1,ruido blanco (Q): p mínimo = 0.0016; estacionalidad en los r,0,0,0,2,2,2
AR(2) cplx largo p36 r.97,2,0,1,1,—,,—,∇^2 θ̂-0.0316 LR339.983,,θ̂-0.7728 LR850.865,genuina,sin par,1,ruido blanco (Q): p mínimo = 0.0000,0,0,1,2,2,2
AR(2) cplx largo p36 r.97,2,0,2,1,SFsob,estac.,—,∇^3 θ̂+1.0000 LR0.000,cancela,θ̂-0.0316 LR339.983,genuina,sin par,0,,1,0,1,2,2,2
AR(2) cplx largo p36 r.97,2,1,1,1,—,,—,∇^2 θ̂-0.0001 LR437.143,,θ̂-0.7759 LR888.547,genuina,sin par,1,"ruido blanco (Q): p mínimo = 0.0000; normalidad (JB): 9.936,",0,0,1,2,2,2
AR(2) cplx largo p36 r.97,2,1,2,1,—,,—,∇^3 θ̂+0.9790 LR1.325,cancela,θ̂+0.0775 LR438.100,genuina,sin par,0,,1,0,0,2,2,2
AR(2) cplx largo p36 r.97,2,2,1,1,—,,—,∇^2 θ̂-0.1535 LR268.236,,θ̂-0.7456 LR762.618,genuina,sin par,1,"ruido blanco (Q): p mínimo = 0.0000; normalidad (JB): 7.210,",0,0,1,2,2,2
AR(2) cplx largo p36 r.97,2,2,2,1,SFsob,estac.,—,∇^3 θ̂+0.6574 LR3.279,,θ̂-0.1535 LR268.236,genuina,sin par,0,,1,0,1,2,2,2
AR(2) cplx largo p36 r.97,2,4,1,1,SFsob,raíz,—,∇^2 θ̂+0.0924 LR308.522,,θ̂-0.7415 LR871.396,genuina,sin par,1,ruido blanco (Q): p mínimo = 0.0000; media residual distinta,0,0,1,1,1,2
AR(2) cplx largo p36 r.97,2,4,2,1,—,,—,∇^3 θ̂+1.0000 LR-0.000,cancela,θ̂+0.0924 LR308.522,genuina,sin par,0,,1,0,0,1,1,2
AR(2) cplx largo p36 r.97,2,5,1,1,SFsob,raíz,—,∇^2 θ̂-0.0242 LR308.055,,θ̂-0.6978 LR871.063,genuina,sin par,1,"ruido blanco (Q): p mínimo = 0.0000; normalidad (JB): 6.308,",0,0,1,2,2,2
AR(2) cplx largo p36 r.97,2,5,2,1,SFsob,estac.,—,∇^3 θ̂+1.0000 LR-0.000,cancela,θ̂-0.0242 LR308.055,genuina,sin par,0,,1,0,1,2,2,2
AR(2) cplx largo p36 r.97,2,3,1,1,SFsob,raíz,—,∇^2 θ̂+0.0798 LR276.018,,θ̂-0.7270 LR800.270,genuina,sin par,1,ruido blanco (Q): p mínimo = 0.0000; normalidad (JB): 22.773,0,0,1,2,2,2
AR(2) cplx largo p36 r.97,2,3,2,1,—,,—,∇^3 θ̂+1.0000 LR0.000,cancela,θ̂+0.0798 LR276.018,genuina,sin par,0,,1,0,0,2,2,2
AR(2) cplx largo p36 r.97,2,6,1,1,—,,—,∇^2 θ̂+0.0759 LR354.035,,θ̂-0.7899 LR900.511,genuina,sin par,1,ruido blanco (Q): p mínimo = 0.0000; normalidad (JB): 19.551,0,0,1,2,2,2
AR(2) cplx largo p36 r.97,2,6,2,1,—,,—,∇^3 θ̂+1.0000 LR0.000,cancela,θ̂+0.0759 LR354.035,genuina,sin par,0,,1,0,0,2,2,2
AR(2) cplx largo p36 r.97,2,7,1,1,—,,—,∇^2 θ̂-0.0131 LR348.876,,θ̂-0.8410 LR910.744,genuina,sin par,1,ruido blanco (Q): p mínimo = 0.0000; media residual distinta,0,0,1,1,1,2
AR(2) cplx largo p36 r.97,2,7,2,1,SFsob,estac.,—,∇^3 θ̂+1.0000 LR-0.000,cancela,θ̂-0.0131 LR348.876,genuina,sin par,0,,1,0,1,1,1,2
AR(2) cplx largo p36 r.97,2,8,1,1,SFsob,raíz,—,∇^2 θ̂-0.0225 LR266.038,,θ̂-0.6769 LR845.838,genuina,sin par,1,ruido blanco (Q): p mínimo = 0.0000,0,0,1,1,0,2
AR(2) cplx largo p36 r.97,2,8,2,1,SFsob,estac.,—,∇^3 θ̂+1.0000 LR0.000,cancela,θ̂-0.0225 LR266.038,genuina,sin par,0,,1,0,1,1,0,2
AR(2) cplx largo p36 r.97,2,9,1,1,—,,—,∇^2 θ̂-0.0303 LR288.692,,θ̂-0.6949 LR872.051,genuina,sin par,1,ruido blanco (Q): p mínimo = 0.0000; media residual distinta,0,0,1,2,2,2
AR(2) cplx largo p36 r.97,2,9,2,1,SFsob,estac.,—,∇^3 θ̂+1.0000 LR-0.000,cancela,θ̂-0.0303 LR288.692,genuina,sin par,0,,1,0,1,2,2,2
AR(2) cplx largo p36 r.97,2,10,1,1,—,,—,∇^2 θ̂-0.0838 LR297.533,,θ̂-0.7465 LR865.201,genuina,sin par,1,ruido blanco (Q): p mínimo = 0.0000; media residual distinta,0,0,1,2,2,2
AR(2) cplx largo p36 r.97,2,10,2,1,SFsob,estac.,—,∇^3 θ̂+1.0000 LR0.000,cancela,θ̂-0.0838 LR297.533,genuina,sin par,0,,1,0,1,2,2,2
AR(2) cplx largo p36 r.97,2,11,1,1,—,,—,∇^2 θ̂+0.0659 LR319.619,,θ̂-0.7842 LR875.549,genuina,sin par,1,ruido blanco (Q): p mínimo = 0.0000; media residual distinta,0,0,1,2,2,2
AR(2) cplx largo p36 r.97,2,11,2,1,—,,—,∇^3 θ̂+1.0000 LR-0.000,cancela,θ̂+0.0659 LR319.619,genuina,sin par,1,"normalidad (JB): 7.830, p = 0.0199",0,0,0,2,2,2
AR(2) cplx largo p36 r.97,2,13,1,1,SFsob,raíz,—,∇^2 θ̂+0.1181 LR327.794,,θ̂-0.7518 LR861.845,genuina,sin par,1,ruido blanco (Q): p mínimo = 0.0000; media residual distinta,0,0,1,1,2,2
AR(2) cplx largo p36 r.97,2,13,2,1,—,,—,∇^3 θ̂+1.0000 LR-0.000,cancela,θ̂+0.1181 LR327.794,genuina,sin par,0,,1,0,0,1,2,2
AR(2) cplx largo p36 r.97,2,12,1,1,—,,—,∇^2 θ̂-0.0162 LR257.283,,θ̂-0.7098 LR893.747,genuina,sin par,1,ruido blanco (Q): p mínimo = 0.0000; media residual distinta,0,0,1,1,1,0
AR(2) cplx largo p36 r.97,2,12,2,1,SFsob,estac.,—,∇^3 θ̂+1.0000 LR0.000,cancela,θ̂-0.0162 LR257.283,genuina,sin par,1,estacionalidad en los residuos (p = 0.0159),0,0,1,1,1,0
AR(2) cplx largo p36 r.97,2,14,1,1,SFsob,raíz,—,∇^2 θ̂+0.1381 LR280.024,,θ̂-0.7058 LR938.861,genuina,sin par,1,ruido blanco (Q): p mínimo = 0.0000; media residual distinta,0,0,1,1,1,2
AR(2) cplx largo p36 r.97,2,14,2,1,—,,—,∇^3 θ̂+1.0000 LR0.000,cancela,θ̂+0.1381 LR280.024,genuina,sin par,0,,1,0,0,1,1,2
AR(2) cplx largo p36 r.97,2,15,1,1,SFsob,raíz,—,∇^2 θ̂+0.0643 LR294.755,,θ̂-0.6885 LR875.644,genuina,sin par,1,"ruido blanco (Q): p mínimo = 0.0000; normalidad (JB): 9.812,",0,0,1,1,2,2
AR(2) cplx largo p36 r.97,2,15,2,1,—,,—,∇^3 θ̂+1.0000 LR-0.000,cancela,θ̂+0.0643 LR294.755,genuina,sin par,0,,1,0,0,1,2,2
AR(2) cplx largo p36 r.97,2,16,1,1,—,,—,∇^2 θ̂+0.0060 LR356.220,,θ̂-0.7646 LR825.807,genuina,sin par,1,ruido blanco (Q): p mínimo = 0.0000,0,0,1,2,2,2
AR(2) cplx largo p36 r.97,2,16,2,1,—,,—,∇^3 θ̂+1.0000 LR0.000,cancela,θ̂+0.0060 LR356.220,genuina,sin par,1,media residual distinta de cero: t = +2.66,0,0,0,2,2,2
AR(2) cplx largo p36 r.97,2,18,1,1,—,,—,∇^2 θ̂-0.0608 LR315.178,,θ̂-0.7714 LR859.454,genuina,sin par,1,"ruido blanco (Q): p mínimo = 0.0000; normalidad (JB): 8.368,",0,0,1,1,2,2
AR(2) cplx largo p36 r.97,2,18,2,1,SFsob,estac.,—,∇^3 θ̂+1.0000 LR0.000,cancela,θ̂-0.0608 LR315.178,genuina,sin par,1,ruido blanco (Q): p mínimo = 0.0024; estacionalidad en los r,0,0,1,1,2,2
AR(2) cplx largo p36 r.97,2,17,1,1,—,,—,∇^2 θ̂+0.0060 LR319.634,,θ̂-0.7321 LR837.064,genuina,sin par,1,ruido blanco (Q): p mínimo = 0.0000; media residual distinta,0,0,1,2,2,2
AR(2) cplx largo p36 r.97,2,17,2,1,—,,—,∇^3 θ̂+1.0000 LR0.000,cancela,θ̂+0.0060 LR319.634,genuina,sin par,1,ruido blanco (Q): p mínimo = 0.0128,0,0,0,2,2,2
AR(2) cplx largo p36 r.97,2,19,1,1,—,,—,∇^2 θ̂+0.0690 LR326.479,,θ̂-0.8216 LR874.444,genuina,sin par,1,ruido blanco (Q): p mínimo = 0.0000; normalidad (JB): 10.299,0,0,1,1,2,2
AR(2) cplx largo p36 r.97,2,19,2,1,—,,—,∇^3 θ̂+0.9861 LR0.343,cancela,θ̂+0.0690 LR326.479,genuina,sin par,0,,1,0,0,1,2,2
AR(2) cplx largo p36 r.97,2,20,1,1,SFsob,raíz,—,∇^2 θ̂+0.0730 LR326.096,,θ̂-0.7256 LR904.751,genuina,sin par,1,ruido blanco (Q): p mínimo = 0.0000,0,0,1,0,2,2
AR(2) cplx largo p36 r.97,2,20,2,1,—,,—,∇^3 θ̂+1.0000 LR-0.000,cancela,θ̂+0.0730 LR326.096,genuina,sin par,0,,1,0,0,0,2,2
AR(2) cplx largo p36 r.97,2,21,1,1,—,,—,∇^2 θ̂+0.0185 LR400.380,,θ̂-0.7300 LR810.436,genuina,sin par,1,ruido blanco (Q): p mínimo = 0.0000; media residual distinta,0,0,1,2,2,2
AR(2) cplx largo p36 r.97,2,21,2,1,—,,—,∇^3 θ̂+1.0000 LR-0.000,cancela,θ̂+0.0185 LR400.380,genuina,sin par,0,,1,0,0,2,2,2
AR(2) cplx largo p36 r.97,2,22,1,1,SFsob,raíz,—,∇^2 θ̂-0.0658 LR357.549,,θ̂-0.7295 LR864.630,genuina,sin par,1,ruido blanco (Q): p mínimo = 0.0000,0,0,1,2,2,0
AR(2) cplx largo p36 r.97,2,22,2,1,SFsob,estac.,—,∇^3 θ̂+1.0000 LR0.000,cancela,θ̂-0.0658 LR357.549,genuina,sin par,0,,1,0,1,2,2,0
AR(2) cplx largo p36 r.97,2,23,1,1,—,,—,∇^2 θ̂-0.0000 LR442.979,,θ̂-0.8286 LR871.061,genuina,sin par,1,"ruido blanco (Q): p mínimo = 0.0000; normalidad (JB): 7.359,",0,0,1,0,2,2
AR(2) cplx largo p36 r.97,2,23,2,1,—,,—,∇^3 θ̂+0.9744 LR1.587,cancela,θ̂+0.0568 LR443.563,genuina,sin par,0,,1,0,0,0,2,2
AR(2) cplx largo p36 r.97,2,24,1,1,—,,—,∇^2 θ̂+0.0512 LR388.896,,θ̂-0.7684 LR947.468,genuina,sin par,1,ruido blanco (Q): p mínimo = 0.0000; media residual distinta,0,0,1,2,2,2
AR(2) cplx largo p36 r.97,2,24,2,1,—,,—,∇^3 θ̂+1.0000 LR-0.000,cancela,θ̂+0.0512 LR388.896,genuina,sin par,0,,1,0,0,2,2,2
AR(2) cplx largo p36 r.97,2,25,1,1,SFsob,raíz,—,∇^2 θ̂+0.1230 LR319.464,,θ̂-0.7814 LR928.599,genuina,sin par,1,"ruido blanco (Q): p mínimo = 0.0000; normalidad (JB): 8.218,",0,0,1,2,2,2
AR(2) cplx largo p36 r.97,2,25,2,1,—,,—,∇^3 θ̂+1.0000 LR0.000,cancela,θ̂+0.1230 LR319.464,genuina,sin par,1,ruido blanco (Q): p mínimo = 0.0073,0,0,0,2,2,2
AR(2) cplx largo p36 r.97,2,26,1,1,—,,—,∇^2 θ̂+0.0807 LR386.117,,θ̂-0.7875 LR829.952,genuina,sin par,1,"ruido blanco (Q): p mínimo = 0.0000; normalidad (JB): 7.509,",0,0,1,1,2,2
AR(2) cplx largo p36 r.97,2,26,2,1,—,,—,∇^3 θ̂+0.9684 LR3.245,,θ̂+0.0807 LR386.117,genuina,sin par,0,,0,0,0,1,2,2
AR(2) cplx largo p36 r.97,2,27,1,1,—,,—,∇^2 θ̂-0.1497 LR459.600,,θ̂-0.8120 LR873.927,genuina,sin par,1,"ruido blanco (Q): p mínimo = 0.0000; normalidad (JB): 6.992,",0,0,1,2,2,2
AR(2) cplx largo p36 r.97,2,27,2,1,SFsob,estac.,—,∇^3 θ̂+0.9781 LR1.256,cancela,θ̂-0.1497 LR459.600,genuina,sin par,0,,1,0,1,2,2,2
AR(2) cplx largo p36 r.97,2,28,1,1,—,,—,∇^2 θ̂-0.0001 LR335.819,,θ̂-0.8437 LR914.787,genuina,sin par,1,ruido blanco (Q): p mínimo = 0.0000; media residual distinta,0,0,1,1,2,2
AR(2) cplx largo p36 r.97,2,28,2,1,—,,—,∇^3 θ̂+1.0000 LR0.000,cancela,θ̂+0.0158 LR335.845,genuina,sin par,1,ruido blanco (Q): p mínimo = 0.0001; estacionalidad en los r,0,0,0,1,2,2
AR(2) cplx largo p36 r.97,2,29,1,1,SFsob,raíz,—,∇^2 θ̂-0.0001 LR309.138,,θ̂-0.7667 LR860.886,genuina,sin par,1,ruido blanco (Q): p mínimo = 0.0000; media residual distinta,0,0,1,1,2,2
AR(2) cplx largo p36 r.97,2,29,2,1,—,,—,∇^3 θ̂+1.0000 LR0.000,cancela,θ̂+0.0027 LR309.140,genuina,sin par,0,,1,0,0,1,2,2
AR(2) cplx largo p36 r.97,2,30,1,1,—,,—,∇^2 θ̂-0.1183 LR319.714,,θ̂-0.7740 LR878.503,genuina,sin par,1,ruido blanco (Q): p mínimo = 0.0000; media residual distinta,0,0,1,2,2,1
AR(2) cplx largo p36 r.97,2,30,2,1,SFsob,estac.,—,∇^3 θ̂+1.0000 LR-0.000,cancela,θ̂-0.1183 LR319.714,genuina,sin par,1,ruido blanco (Q): p mínimo = 0.0000,0,0,1,2,2,1
AR(2) cplx largo p36 r.97,2,31,1,1,—,,—,∇^2 θ̂-0.0326 LR295.255,,θ̂-0.7133 LR831.968,genuina,sin par,1,ruido blanco (Q): p mínimo = 0.0000; media residual distinta,0,0,1,1,1,0
AR(2) cplx largo p36 r.97,2,31,2,1,SFsob,estac.,—,∇^3 θ̂+1.0000 LR-0.000,cancela,θ̂-0.0326 LR295.255,genuina,sin par,0,,1,0,1,1,1,0
AR(2) cplx largo p36 r.97,2,32,1,1,—,,—,∇^2 θ̂-0.0132 LR278.502,,θ̂-0.6842 LR755.713,genuina,sin par,1,"ruido blanco (Q): p mínimo = 0.0000; normalidad (JB): 6.038,",0,0,1,2,2,0
AR(2) cplx largo p36 r.97,2,32,2,1,SFsob,estac.,—,∇^3 θ̂+0.9680 LR1.462,cancela,θ̂-0.0132 LR278.502,genuina,sin par,0,,1,0,1,2,2,0
AR(2) cplx largo p36 r.97,2,33,1,1,SFsob,raíz,—,∇^2 θ̂-0.1176 LR403.297,,θ̂-0.8195 LR814.316,genuina,sin par,1,ruido blanco (Q): p mínimo = 0.0000; media residual distinta,0,0,1,0,2,2
AR(2) cplx largo p36 r.97,2,33,2,1,SFsob,estac.,—,∇^3 θ̂+0.9161 LR3.220,,θ̂-0.1176 LR403.297,genuina,sin par,0,,1,0,1,0,2,2
AR(2) cplx largo p36 r.97,2,34,1,1,—,,—,∇^2 θ̂-0.0000 LR318.529,,θ̂-0.7460 LR821.438,genuina,sin par,1,ruido blanco (Q): p mínimo = 0.0000; media residual distinta,0,0,1,2,2,2
AR(2) cplx largo p36 r.97,2,34,2,1,—,,—,∇^3 θ̂+1.0000 LR-0.000,cancela,θ̂+0.0200 LR318.599,genuina,sin par,0,,1,0,0,2,2,2
AR(2) cplx largo p36 r.97,2,35,1,1,—,,—,∇^2 θ̂-0.0879 LR319.992,,θ̂-0.7883 LR925.457,genuina,sin par,1,ruido blanco (Q): p mínimo = 0.0000; media residual distinta,0,0,1,2,2,2
AR(2) cplx largo p36 r.97,2,35,2,1,SFsob,estac.,—,∇^3 θ̂+1.0000 LR0.000,cancela,θ̂-0.0879 LR319.992,genuina,sin par,0,,1,0,1,2,2,2
AR(2) cplx largo p36 r.97,2,37,1,1,—,,—,∇^2 θ̂-0.0000 LR368.769,,θ̂-0.7884 LR880.413,genuina,sin par,1,ruido blanco (Q): p mínimo = 0.0000; media residual distinta,0,0,1,1,2,2
AR(2) cplx largo p36 r.97,2,37,2,1,—,,—,∇^3 θ̂+1.0000 LR-0.000,cancela,θ̂+0.0454 LR369.224,genuina,sin par,0,,1,0,0,1,2,2
AR(2) cplx largo p36 r.97,2,36,1,1,—,,—,∇^2 θ̂-0.0040 LR347.854,,θ̂-0.7316 LR829.477,genuina,sin par,1,ruido blanco (Q): p mínimo = 0.0000,0,0,1,2,2,2
AR(2) cplx largo p36 r.97,2,36,2,1,SFsob,estac.,—,∇^3 θ̂+1.0000 LR0.000,cancela,θ̂-0.0040 LR347.854,genuina,sin par,0,,1,0,1,2,2,2
AR(2) cplx largo p36 r.97,2,38,1,1,—,,—,∇^2 θ̂+0.0102 LR420.821,,θ̂-0.7817 LR905.419,genuina,sin par,1,ruido blanco (Q): p mínimo = 0.0000; media residual distinta,0,0,1,2,2,2
AR(2) cplx largo p36 r.97,2,38,2,1,—,,—,∇^3 θ̂+1.0000 LR-0.000,cancela,θ̂+0.0102 LR420.821,genuina,sin par,0,,1,0,0,2,2,2
AR(2) cplx largo p36 r.97,2,39,1,1,—,,—,∇^2 θ̂+0.0862 LR319.106,,θ̂-0.7321 LR817.753,genuina,sin par,1,ruido blanco (Q): p mínimo = 0.0000; media residual distinta,0,0,1,2,2,2
AR(2) cplx largo p36 r.97,2,39,2,1,—,,—,∇^3 θ̂+0.9935 LR0.009,cancela,θ̂+0.0862 LR319.106,genuina,sin par,0,,1,0,0,2,2,2
AR(2) cplx largo p36 r.97,2,41,1,1,—,,—,∇^2 θ̂-0.0607 LR459.413,,θ̂-0.8107 LR857.311,genuina,sin par,1,ruido blanco (Q): p mínimo = 0.0000; media residual distinta,0,0,1,2,2,2
AR(2) cplx largo p36 r.97,2,41,2,1,SFsob,estac.,—,∇^3 θ̂+0.9459 LR3.161,,θ̂-0.0607 LR459.413,genuina,sin par,1,media residual distinta de cero: t = +2.41,0,0,1,2,2,2
AR(2) cplx largo p36 r.97,2,40,1,1,—,,—,∇^2 θ̂+0.0532 LR315.909,,θ̂-0.7277 LR882.615,genuina,sin par,1,ruido blanco (Q): p mínimo = 0.0000; media residual distinta,0,0,1,1,2,2
AR(2) cplx largo p36 r.97,2,40,2,1,—,,—,∇^3 θ̂+1.0000 LR0.000,cancela,θ̂+0.0532 LR315.909,genuina,sin par,0,,1,0,0,1,2,2
AR(2) cplx largo p36 r.97,2,42,1,1,—,,—,∇^2 θ̂+0.0556 LR392.365,,θ̂-0.7775 LR798.262,genuina,sin par,1,ruido blanco (Q): p mínimo = 0.0000; media residual distinta,0,0,1,2,2,0
AR(2) cplx largo p36 r.97,2,42,2,1,—,,—,∇^3 θ̂+0.9434 LR2.413,,θ̂+0.0556 LR392.365,genuina,sin par,0,,0,0,0,2,2,0
AR(2) cplx largo p36 r.97,2,43,1,1,—,,—,∇^2 θ̂+0.0722 LR368.837,,θ̂-0.8106 LR925.365,genuina,sin par,1,ruido blanco (Q): p mínimo = 0.0000; media residual distinta,0,0,1,1,2,2
AR(2) cplx largo p36 r.97,2,43,2,1,—,,—,∇^3 θ̂+0.9862 LR0.218,cancela,θ̂+0.0723 LR368.837,genuina,sin par,0,,1,0,0,1,2,2
AR(2) cplx largo p36 r.97,2,44,1,1,—,,—,∇^2 θ̂-0.0892 LR354.913,,θ̂-0.7836 LR922.578,genuina,sin par,1,ruido blanco (Q): p mínimo = 0.0000; media residual distinta,0,0,1,2,2,2
AR(2) cplx largo p36 r.97,2,44,2,1,SFsob,estac.,—,∇^3 θ̂+0.9672 LR0.937,cancela,θ̂-0.0892 LR354.913,genuina,sin par,1,"normalidad (JB): 6.280, p = 0.0433",0,0,1,2,2,2
AR(2) cplx largo p36 r.97,2,45,1,1,—,,—,∇^2 θ̂+0.0876 LR264.280,,θ̂-0.7655 LR917.350,genuina,sin par,1,ruido blanco (Q): p mínimo = 0.0000; media residual distinta,0,0,1,2,2,2
AR(2) cplx largo p36 r.97,2,45,2,1,—,,—,∇^3 θ̂+1.0000 LR0.000,cancela,θ̂+0.0876 LR264.280,genuina,sin par,1,ruido blanco (Q): p mínimo = 0.0084,0,0,0,2,2,2
AR(2) cplx largo p36 r.97,2,46,1,1,—,,—,∇^2 θ̂-0.0000 LR331.421,,θ̂-0.8056 LR888.645,genuina,sin par,1,"ruido blanco (Q): p mínimo = 0.0000; normalidad (JB): 6.159,",0,0,1,2,2,2
AR(2) cplx largo p36 r.97,2,46,2,1,—,,—,∇^3 θ̂+0.9905 LR0.045,cancela,θ̂+0.0260 LR331.535,genuina,sin par,0,,1,0,0,2,2,2
AR(2) cplx largo p36 r.97,2,49,1,1,—,,—,∇^2 θ̂+0.1507 LR281.255,,θ̂-0.7049 LR857.132,genuina,sin par,1,"ruido blanco (Q): p mínimo = 0.0000; normalidad (JB): 6.066,",0,0,1,1,1,2
AR(2) cplx largo p36 r.97,2,49,2,1,—,,—,∇^3 θ̂+0.9915 LR0.045,cancela,θ̂+0.1507 LR281.255,genuina,sin par,0,,1,0,0,1,1,2
AR(2) cplx largo p36 r.97,2,47,1,1,SFsob,raíz,—,∇^2 θ̂+0.0489 LR447.388,,θ̂-0.8222 LR938.105,genuina,sin par,1,ruido blanco (Q): p mínimo = 0.0000; normalidad (JB): 31.693,0,0,1,2,2,2
AR(2) cplx largo p36 r.97,2,47,2,1,—,,—,∇^3 θ̂+1.0000 LR-0.000,cancela,θ̂+0.0489 LR447.388,genuina,sin par,1,ruido blanco (Q): p mínimo = 0.0079,0,0,0,2,2,2
AR(2) cplx largo p36 r.97,2,48,1,1,SFsob,raíz,—,∇^2 θ̂-0.0445 LR369.590,,θ̂-0.7716 LR891.154,genuina,sin par,1,ruido blanco (Q): p mínimo = 0.0000; media residual distinta,0,0,1,2,2,2
AR(2) cplx largo p36 r.97,2,48,2,1,SFsob,estac.,—,∇^3 θ̂+1.0000 LR0.000,cancela,θ̂-0.0445 LR369.590,genuina,sin par,0,,1,0,1,2,2,2
AR(1) 0.8,1,0,0,1,SF,raíz,—,∇^1 θ̂-0.0001 LR200.905,genuina,—,,—,1,ruido blanco (Q): p mínimo = 0.0000,0,0,1,1,2,1
AR(1) 0.8,1,0,1,1,SF,estac.,—,∇^2 θ̂+0.9809 LR0.799,cancela,θ̂+0.0672 LR201.384,genuina,coinciden,1,ruido blanco (Q): p mínimo = 0.0053; estacionalidad en los r,0,0,0,1,2,1
AR(1) 0.8,1,0,2,1,—,,—,∇^3 θ̂+1.0000 LR0.000,cancela,θ̂+0.9809 LR0.799,cancelada,sin par,1,ruido blanco (Q): p mínimo = 0.0000; estacionalidad en los r,0,0,0,1,2,1
AR(1) 0.8,1,1,0,1,SF,raíz,—,∇^1 θ̂-0.0315 LR218.670,genuina,—,,—,1,ruido blanco (Q): p mínimo = 0.0000; media residual distinta,0,0,1,1,2,2
AR(1) 0.8,1,1,1,1,SF,estac.,—,∇^2 θ̂+0.9670 LR0.278,cancela,θ̂-0.0315 LR218.670,genuina,coinciden,0,,1,0,1,1,2,2
AR(1) 0.8,1,1,2,1,—,,—,∇^3 θ̂+1.0000 LR-0.000,cancela,θ̂+0.9670 LR0.278,cancelada,sin par,1,estacionalidad en los residuos (p = 0.0412),0,0,0,1,2,2
AR(1) 0.8,1,2,0,1,SF,raíz,—,∇^1 θ̂+0.1731 LR200.508,genuina,—,,coinciden,1,ruido blanco (Q): p mínimo = 0.0000; media residual distinta,0,0,0,1,1,1
AR(1) 0.8,1,2,1,1,SF,estac.,—,∇^2 θ̂+1.0000 LR0.000,cancela,θ̂+0.1731 LR200.508,genuina,coinciden,0,,1,0,0,1,1,1
AR(1) 0.8,1,2,2,1,—,,—,∇^3 θ̂+1.0000 LR0.000,cancela,θ̂+0.2196 LR-6.652,cancelada,sin par,1,"normalidad (JB): 7.038, p = 0.0296",0,1,0,1,1,1
AR(1) 0.8,1,3,0,1,SF,raíz,—,∇^1 θ̂-0.0674 LR188.852,genuina,—,,—,1,ruido blanco (Q): p mínimo = 0.0000; media residual distinta,0,0,1,1,1,1
AR(1) 0.8,1,3,1,1,SF,estac.,—,∇^2 θ̂+1.0000 LR0.000,cancela,θ̂-0.0674 LR188.852,genuina,coinciden,0,,1,0,1,1,1,1
AR(1) 0.8,1,3,2,1,—,,—,∇^3 θ̂+1.0000 LR-0.000,cancela,θ̂+1.0000 LR0.000,cancelada,sin par,0,,1,0,0,1,1,1
AR(1) 0.8,1,4,0,1,SF,raíz,—,∇^1 θ̂-0.0486 LR241.104,genuina,—,,—,1,ruido blanco (Q): p mínimo = 0.0000,0,0,1,1,2,1
AR(1) 0.8,1,4,1,1,SF,estac.,—,∇^2 θ̂+0.9915 LR0.050,cancela,θ̂-0.0486 LR241.104,genuina,coinciden,0,,1,0,1,1,2,1
AR(1) 0.8,1,4,2,1,—,,—,∇^3 θ̂+1.0000 LR0.000,cancela,θ̂+0.9915 LR0.050,cancelada,sin par,0,,1,0,0,1,2,1
AR(1) 0.8,1,5,0,1,SF,raíz,—,∇^1 θ̂-0.1243 LR135.113,genuina,—,,—,1,ruido blanco (Q): p mínimo = 0.0000,0,0,1,1,1,1
AR(1) 0.8,1,5,1,1,SF,estac.,—,∇^2 θ̂+1.0000 LR-0.000,cancela,θ̂-0.1243 LR135.113,genuina,coinciden,0,,1,0,1,1,1,1
AR(1) 0.8,1,5,2,1,—,,—,∇^3 θ̂+1.0000 LR0.000,cancela,θ̂+1.0000 LR-0.000,cancelada,sin par,0,,1,0,0,1,1,1
AR(1) 0.8,1,6,0,1,SF,raíz,—,∇^1 θ̂+0.0762 LR174.434,genuina,—,,coinciden,1,ruido blanco (Q): p mínimo = 0.0000,0,0,0,1,1,1
AR(1) 0.8,1,6,1,1,SF,estac.,—,∇^2 θ̂+1.0000 LR-0.000,cancela,θ̂+0.0762 LR174.434,genuina,coinciden,0,,1,0,0,1,1,1
AR(1) 0.8,1,6,2,1,—,,—,∇^3 θ̂+1.0000 LR0.000,cancela,θ̂-0.2256 LR-12.904,cancelada,sin par,0,,1,1,1,1,1,1
AR(1) 0.8,1,7,0,1,SF,raíz,—,∇^1 θ̂+0.1041 LR153.349,genuina,—,,coinciden,1,ruido blanco (Q): p mínimo = 0.0000; media residual distinta,0,0,0,1,1,1
AR(1) 0.8,1,7,1,1,SF,estac.,—,∇^2 θ̂+1.0000 LR0.000,cancela,θ̂+0.1041 LR153.349,genuina,coinciden,0,,1,0,0,1,1,1
AR(1) 0.8,1,7,2,1,—,,—,∇^3 θ̂+1.0000 LR0.000,cancela,θ̂-0.1712 LR-15.129,cancelada,sin par,0,,1,1,1,1,1,1
AR(1) 0.8,1,8,0,1,SF,raíz,—,∇^1 θ̂-0.1405 LR211.495,genuina,—,,—,1,ruido blanco (Q): p mínimo = 0.0000; media residual distinta,0,0,1,1,1,1
AR(1) 0.8,1,8,1,1,SF,estac.,—,∇^2 θ̂+1.0000 LR-0.000,cancela,θ̂-0.1405 LR211.495,genuina,coinciden,0,,1,0,1,1,1,1
AR(1) 0.8,1,8,2,1,SF,estac.,—,∇^3 θ̂+1.0000 LR-0.000,cancela,θ̂+1.0000 LR-0.000,cancelada,coinciden,0,,1,0,0,1,1,1
AR(1) 0.8,1,9,0,1,SF,raíz,—,∇^1 θ̂+0.0791 LR147.866,genuina,—,,coinciden,1,ruido blanco (Q): p mínimo = 0.0000; media residual distinta,0,0,0,1,2,1
AR(1) 0.8,1,9,1,1,SF,estac.,—,∇^2 θ̂+0.9776 LR1.568,cancela,θ̂+0.0791 LR147.866,genuina,coinciden,0,,1,0,0,1,2,1
AR(1) 0.8,1,9,2,1,—,,—,∇^3 θ̂+1.0000 LR0.000,cancela,θ̂+0.9776 LR1.568,cancelada,sin par,0,,1,0,0,1,2,1
AR(1) 0.8,1,10,0,1,SF,raíz,—,∇^1 θ̂-0.0323 LR179.564,genuina,—,,—,1,ruido blanco (Q): p mínimo = 0.0000; media residual distinta,0,0,1,1,1,1
AR(1) 0.8,1,10,1,1,SF,estac.,—,∇^2 θ̂+1.0000 LR-0.000,cancela,θ̂-0.0323 LR179.564,genuina,coinciden,0,,1,0,1,1,1,1
AR(1) 0.8,1,10,2,1,—,,—,∇^3 θ̂+1.0000 LR-0.000,cancela,θ̂+1.0000 LR-0.000,cancelada,sin par,0,,1,0,0,1,1,1
AR(1) 0.8,1,11,0,1,SF,raíz,—,∇^1 θ̂+0.1054 LR178.986,genuina,—,,coinciden,1,ruido blanco (Q): p mínimo = 0.0000,0,0,0,1,1,1
AR(1) 0.8,1,11,1,1,SF,estac.,—,∇^2 θ̂+1.0000 LR0.000,cancela,θ̂+0.1054 LR178.986,genuina,coinciden,0,,1,0,0,1,1,1
AR(1) 0.8,1,11,2,1,—,,—,∇^3 θ̂+1.0000 LR0.000,cancela,θ̂+1.0000 LR0.000,cancelada,sin par,0,,1,0,0,1,1,1
AR(1) 0.8,1,12,0,1,SF,raíz,—,∇^1 θ̂-0.1275 LR254.442,genuina,—,,—,1,ruido blanco (Q): p mínimo = 0.0000; media residual distinta,0,0,1,1,1,1
AR(1) 0.8,1,12,1,1,SF,estac.,—,∇^2 θ̂+1.0000 LR-0.000,cancela,θ̂-0.1275 LR254.442,genuina,coinciden,1,ruido blanco (Q): p mínimo = 0.0022,0,0,1,1,1,1
AR(1) 0.8,1,12,2,1,SF,estac.,—,∇^3 θ̂+1.0000 LR-0.000,cancela,θ̂+1.0000 LR0.000,cancelada,coinciden,1,ruido blanco (Q): p mínimo = 0.0005,0,0,0,1,1,1
AR(1) 0.8,1,13,0,1,SF,raíz,—,∇^1 θ̂-0.0386 LR193.600,genuina,—,,—,1,ruido blanco (Q): p mínimo = 0.0000; media residual distinta,0,0,1,1,1,1
AR(1) 0.8,1,13,1,1,SF,estac.,—,∇^2 θ̂+1.0000 LR-0.000,cancela,θ̂-0.0386 LR193.600,genuina,coinciden,0,,1,0,1,1,1,1
AR(1) 0.8,1,13,2,1,—,,—,∇^3 θ̂+1.0000 LR0.000,cancela,θ̂+1.0000 LR0.000,cancelada,sin par,0,,1,0,0,1,1,1
AR(1) 0.8,1,14,0,1,SF,raíz,—,∇^1 θ̂-0.0437 LR199.407,genuina,—,,—,1,"ruido blanco (Q): p mínimo = 0.0000; normalidad (JB): 9.308,",0,0,1,1,1,1
AR(1) 0.8,1,14,1,1,SF,estac.,—,∇^2 θ̂+0.9942 LR0.010,cancela,θ̂-0.0437 LR199.407,genuina,coinciden,1,"normalidad (JB): 6.869, p = 0.0322",0,0,1,1,1,1
AR(1) 0.8,1,14,2,1,—,,—,∇^3 θ̂+1.0000 LR0.000,cancela,θ̂+0.9942 LR0.010,cancelada,sin par,0,,1,0,0,1,1,1
AR(1) 0.8,1,15,0,1,SF,raíz,—,∇^1 θ̂-0.1005 LR196.955,genuina,—,,—,1,ruido blanco (Q): p mínimo = 0.0000,0,0,1,1,1,1
AR(1) 0.8,1,15,1,1,SF,estac.,—,∇^2 θ̂+1.0000 LR-0.000,cancela,θ̂-0.1005 LR196.955,genuina,coinciden,0,,1,0,1,1,1,1
AR(1) 0.8,1,15,2,1,—,,—,∇^3 θ̂+1.0000 LR0.000,cancela,θ̂+1.0000 LR0.000,cancelada,sin par,0,,1,0,0,1,1,1
AR(1) 0.8,1,16,0,1,SF,raíz,—,∇^1 θ̂-0.0993 LR241.826,genuina,—,,—,1,"ruido blanco (Q): p mínimo = 0.0000; normalidad (JB): 8.790,",0,0,1,0,1,0
AR(1) 0.8,1,16,1,1,SF,estac.,—,∇^2 θ̂+1.0000 LR-0.000,cancela,θ̂-0.0993 LR241.826,genuina,coinciden,0,,1,0,1,0,1,0
AR(1) 0.8,1,16,2,1,—,,—,∇^3 θ̂+1.0000 LR0.000,cancela,θ̂+1.0000 LR-0.000,cancelada,sin par,0,,1,0,0,0,1,0
AR(1) 0.8,1,17,0,1,SF,raíz,—,∇^1 θ̂-0.0001 LR158.160,genuina,—,,—,1,ruido blanco (Q): p mínimo = 0.0000; estacionalidad en los r,0,0,1,1,1,1
AR(1) 0.8,1,17,1,1,SF,estac.,—,∇^2 θ̂+1.0000 LR-0.000,cancela,θ̂+0.0131 LR158.185,genuina,coinciden,1,estacionalidad en los residuos (p = 0.0032),0,0,0,1,1,1
AR(1) 0.8,1,17,2,1,—,,—,∇^3 θ̂+1.0000 LR0.000,cancela,θ̂+1.0000 LR-0.000,cancelada,sin par,1,ruido blanco (Q): p mínimo = 0.0080; estacionalidad en los r,0,0,0,1,1,1
AR(1) 0.8,1,18,0,1,SF,raíz,—,∇^1 θ̂-0.0001 LR204.882,genuina,—,,—,1,ruido blanco (Q): p mínimo = 0.0000,0,0,1,1,2,1
AR(1) 0.8,1,18,1,1,SF,estac.,—,∇^2 θ̂+0.9874 LR0.153,cancela,θ̂+0.0783 LR205.909,genuina,coinciden,1,"ruido blanco (Q): p mínimo = 0.0002; normalidad (JB): 7.205,",0,0,0,1,2,1
AR(1) 0.8,1,18,2,1,—,,—,∇^3 θ̂+1.0000 LR0.000,cancela,θ̂-0.6392 LR-5.521,cancelada,sin par,1,ruido blanco (Q): p mínimo = 0.0001; normalidad (JB): 11.231,0,1,1,1,2,1
AR(1) 0.8,1,19,0,1,SF,raíz,—,∇^1 θ̂+0.0573 LR226.443,genuina,—,,coinciden,1,ruido blanco (Q): p mínimo = 0.0000; media residual distinta,0,0,0,1,2,1
AR(1) 0.8,1,19,1,1,SF,estac.,—,∇^2 θ̂+0.9797 LR0.865,cancela,θ̂+0.0573 LR226.443,genuina,coinciden,0,,1,0,0,1,2,1
AR(1) 0.8,1,19,2,1,—,,—,∇^3 θ̂+1.0000 LR0.000,cancela,θ̂+0.9797 LR0.865,cancelada,sin par,0,,1,0,0,1,2,1
AR(1) 0.8,1,20,0,1,SF,raíz,—,∇^1 θ̂+0.1855 LR189.233,genuina,—,,coinciden,1,ruido blanco (Q): p mínimo = 0.0000; media residual distinta,0,0,0,1,2,1
AR(1) 0.8,1,20,1,1,SF,estac.,—,∇^2 θ̂+0.9672 LR3.291,genuina,θ̂+0.1855 LR189.233,genuina,discrepan,0,,0,0,0,1,2,1
AR(1) 0.8,1,20,2,1,—,,—,∇^3 θ̂+1.0000 LR0.000,cancela,θ̂+0.9672 LR3.291,genuina,sin par,0,,1,0,0,1,2,1
AR(1) 0.8,1,21,0,1,SF,raíz,—,∇^1 θ̂+0.1177 LR113.350,genuina,—,,coinciden,1,ruido blanco (Q): p mínimo = 0.0000,0,0,0,1,2,1
AR(1) 0.8,1,21,1,1,SF,estac.,—,∇^2 θ̂+0.9789 LR0.843,cancela,θ̂+0.1177 LR113.350,genuina,coinciden,1,ruido blanco (Q): p mínimo = 0.0108,0,0,0,1,2,1
AR(1) 0.8,1,21,2,1,—,,—,∇^3 θ̂+1.0000 LR-0.000,cancela,θ̂+0.9789 LR0.843,cancelada,sin par,1,ruido blanco (Q): p mínimo = 0.0049,0,0,0,1,2,1
AR(1) 0.8,1,22,0,1,SF,raíz,—,∇^1 θ̂-0.1139 LR133.690,genuina,—,,—,1,ruido blanco (Q): p mínimo = 0.0000,0,0,1,1,1,1
AR(1) 0.8,1,22,1,1,SF,estac.,—,∇^2 θ̂+1.0000 LR0.000,cancela,θ̂-0.1139 LR133.690,genuina,coinciden,0,,1,0,1,1,1,1
AR(1) 0.8,1,22,2,1,—,,—,∇^3 θ̂+1.0000 LR0.000,cancela,θ̂+1.0000 LR0.000,cancelada,sin par,0,,1,0,0,1,1,1
AR(1) 0.8,1,23,0,1,SF,raíz,—,∇^1 θ̂-0.0001 LR256.474,genuina,—,,—,1,ruido blanco (Q): p mínimo = 0.0000; media residual distinta,0,0,1,0,2,2
AR(1) 0.8,1,23,1,1,SF,estac.,—,∇^2 θ̂+0.9855 LR0.290,cancela,θ̂+0.0080 LR256.484,genuina,coinciden,0,,1,0,0,0,2,2
AR(1) 0.8,1,23,2,1,—,,—,∇^3 θ̂+1.0000 LR0.000,cancela,θ̂+0.9855 LR0.290,cancelada,sin par,0,,1,0,0,0,2,2
AR(1) 0.8,1,24,0,1,SF,raíz,—,∇^1 θ̂-0.0065 LR193.137,genuina,—,,—,1,ruido blanco (Q): p mínimo = 0.0000; media residual distinta,0,0,1,1,1,1
AR(1) 0.8,1,24,1,1,SF,estac.,—,∇^2 θ̂+0.9958 LR0.001,cancela,θ̂-0.0065 LR193.137,genuina,coinciden,0,,1,0,1,1,1,1
AR(1) 0.8,1,24,2,1,—,,—,∇^3 θ̂+1.0000 LR-0.000,cancela,θ̂+0.9958 LR0.001,cancelada,sin par,0,,1,0,0,1,1,1
AR(1) 0.8,1,25,0,1,SF,raíz,—,∇^1 θ̂-0.0001 LR204.833,genuina,—,,—,1,ruido blanco (Q): p mínimo = 0.0000; normalidad (JB): 10.401,0,0,1,1,2,1
AR(1) 0.8,1,25,1,1,SF,estac.,—,∇^2 θ̂+0.9909 LR0.022,cancela,θ̂+0.0066 LR204.839,genuina,coinciden,0,,1,0,0,1,2,1
AR(1) 0.8,1,25,2,1,—,,—,∇^3 θ̂+1.0000 LR-0.000,cancela,θ̂+0.9909 LR0.022,cancelada,sin par,0,,1,0,0,1,2,1
AR(1) 0.8,1,27,0,1,SF,raíz,—,∇^1 θ̂+0.0848 LR278.345,genuina,—,,coinciden,1,ruido blanco (Q): p mínimo = 0.0000,0,0,0,1,1,2
AR(1) 0.8,1,27,1,1,SF,estac.,—,∇^2 θ̂+1.0000 LR-0.000,cancela,θ̂+0.0848 LR278.345,genuina,coinciden,0,,1,0,0,1,1,2
AR(1) 0.8,1,27,2,1,—,,—,∇^3 θ̂+1.0000 LR-0.000,cancela,θ̂+0.6758 LR-5.804,cancelada,sin par,0,,1,1,0,1,1,2
AR(1) 0.8,1,26,0,1,SF,raíz,—,∇^1 θ̂-0.1028 LR293.872,genuina,—,,—,1,ruido blanco (Q): p mínimo = 0.0000,0,0,1,1,1,1
AR(1) 0.8,1,26,1,1,SF,estac.,—,∇^2 θ̂+1.0000 LR0.000,cancela,θ̂-0.1028 LR293.872,genuina,coinciden,0,,1,0,1,1,1,1
AR(1) 0.8,1,26,2,1,SF,estac.,—,∇^3 θ̂+1.0000 LR0.000,cancela,θ̂+1.0000 LR-0.000,cancelada,coinciden,0,,1,0,0,1,1,1
AR(1) 0.8,1,28,0,1,SF,raíz,—,∇^1 θ̂-0.2504 LR166.814,genuina,—,,—,1,ruido blanco (Q): p mínimo = 0.0000,0,0,1,1,1,1
AR(1) 0.8,1,28,1,1,SF,estac.,—,∇^2 θ̂+1.0000 LR-0.000,cancela,θ̂-0.2504 LR166.814,genuina,coinciden,0,,1,0,1,1,1,1
AR(1) 0.8,1,28,2,1,SF,estac.,—,∇^3 θ̂+1.0000 LR0.000,cancela,θ̂+1.0000 LR0.000,cancelada,coinciden,0,,1,0,0,1,1,1
AR(1) 0.8,1,29,0,1,SF,raíz,—,∇^1 θ̂-0.0770 LR212.384,genuina,—,,—,1,ruido blanco (Q): p mínimo = 0.0000; normalidad (JB): 13.309,0,0,1,1,1,1
AR(1) 0.8,1,29,1,1,SF,estac.,—,∇^2 θ̂+1.0000 LR-0.000,cancela,θ̂-0.0770 LR212.384,genuina,coinciden,0,,1,0,1,1,1,1
AR(1) 0.8,1,29,2,1,—,,—,∇^3 θ̂+1.0000 LR-0.000,cancela,θ̂+1.0000 LR0.000,cancelada,sin par,0,,1,0,0,1,1,1
AR(1) 0.8,1,30,0,1,SF,raíz,—,∇^1 θ̂-0.0001 LR198.029,genuina,—,,—,1,ruido blanco (Q): p mínimo = 0.0000; normalidad (JB): 11.868,0,0,1,1,2,1
AR(1) 0.8,1,30,1,1,SF,estac.,—,∇^2 θ̂+0.9848 LR0.247,cancela,θ̂+0.1502 LR200.357,genuina,coinciden,0,,1,0,0,1,2,1
AR(1) 0.8,1,30,2,1,—,,—,∇^3 θ̂+1.0000 LR0.000,cancela,θ̂+0.9848 LR0.247,cancelada,sin par,0,,1,0,0,1,2,1
AR(1) 0.8,1,31,0,1,SF,raíz,—,∇^1 θ̂+0.0285 LR179.546,genuina,—,,coinciden,1,ruido blanco (Q): p mínimo = 0.0000,0,0,0,1,1,1
AR(1) 0.8,1,31,1,1,SF,estac.,—,∇^2 θ̂+1.0000 LR-0.000,cancela,θ̂+0.0285 LR179.546,genuina,coinciden,0,,1,0,0,1,1,1
AR(1) 0.8,1,31,2,1,—,,—,∇^3 θ̂+1.0000 LR0.000,cancela,θ̂+1.0000 LR0.000,cancelada,sin par,0,,1,0,0,1,1,1
AR(1) 0.8,1,32,0,1,SF,raíz,—,∇^1 θ̂-0.0703 LR229.245,genuina,—,,—,1,ruido blanco (Q): p mínimo = 0.0000,0,0,1,1,2,2
AR(1) 0.8,1,32,1,1,SF,estac.,—,∇^2 θ̂+0.9799 LR0.320,cancela,θ̂-0.0703 LR229.245,genuina,coinciden,0,,1,0,1,1,2,2
AR(1) 0.8,1,32,2,1,—,,—,∇^3 θ̂+1.0000 LR-0.000,cancela,θ̂+0.9799 LR0.320,cancelada,sin par,0,,1,0,0,1,2,2
AR(1) 0.8,1,33,0,1,SF,raíz,—,∇^1 θ̂-0.0845 LR180.959,genuina,—,,—,1,ruido blanco (Q): p mínimo = 0.0000,0,0,1,0,1,1
AR(1) 0.8,1,33,1,1,SF,estac.,—,∇^2 θ̂+1.0000 LR-0.000,cancela,θ̂-0.0845 LR180.959,genuina,coinciden,0,,1,0,1,0,1,1
AR(1) 0.8,1,33,2,1,—,,—,∇^3 θ̂+1.0000 LR0.000,cancela,θ̂+1.0000 LR0.000,cancelada,sin par,0,,1,0,0,0,1,1
AR(1) 0.8,1,34,0,1,SF,raíz,—,∇^1 θ̂-0.0001 LR182.792,genuina,—,,—,1,ruido blanco (Q): p mínimo = 0.0000,0,0,1,1,2,2
AR(1) 0.8,1,34,1,1,SF,estac.,—,∇^2 θ̂+0.9823 LR0.544,cancela,θ̂+0.0284 LR182.877,genuina,coinciden,0,,1,0,0,1,2,2
AR(1) 0.8,1,34,2,1,—,,—,∇^3 θ̂+1.0000 LR0.000,cancela,θ̂+0.9823 LR0.544,cancelada,sin par,0,,1,0,0,1,2,2
AR(1) 0.8,1,35,0,1,SF,raíz,—,∇^1 θ̂-0.0001 LR191.980,genuina,—,,—,1,ruido blanco (Q): p mínimo = 0.0000; media residual distinta,0,0,1,1,1,1
AR(1) 0.8,1,35,1,1,SF,estac.,—,∇^2 θ̂+1.0000 LR0.000,cancela,θ̂+0.0791 LR192.843,genuina,coinciden,0,,1,0,0,1,1,1
AR(1) 0.8,1,35,2,1,—,,—,∇^3 θ̂+1.0000 LR-0.000,cancela,θ̂+1.0000 LR0.000,cancelada,sin par,0,,1,0,0,1,1,1
AR(1) 0.8,1,36,0,1,SF,raíz,—,∇^1 θ̂-0.0556 LR243.854,genuina,—,,—,1,ruido blanco (Q): p mínimo = 0.0000; media residual distinta,0,0,1,1,2,1
AR(1) 0.8,1,36,1,1,SF,estac.,—,∇^2 θ̂+0.9896 LR0.092,cancela,θ̂-0.0556 LR243.854,genuina,coinciden,0,,1,0,1,1,2,1
AR(1) 0.8,1,36,2,1,—,,—,∇^3 θ̂+1.0000 LR-0.000,cancela,θ̂+0.9896 LR0.092,cancelada,sin par,0,,1,0,0,1,2,1
AR(1) 0.8,1,37,0,1,SF,raíz,—,∇^1 θ̂-0.0001 LR258.077,genuina,—,,—,1,"ruido blanco (Q): p mínimo = 0.0000; normalidad (JB): 7.470,",0,0,1,1,1,2
AR(1) 0.8,1,37,1,1,SF,estac.,—,∇^2 θ̂+1.0000 LR-0.000,cancela,θ̂+0.1401 LR261.193,genuina,coinciden,0,,1,0,0,1,1,2
AR(1) 0.8,1,37,2,1,—,,—,∇^3 θ̂+1.0000 LR-0.000,cancela,θ̂+0.2541 LR-3.690,cancelada,sin par,1,estacionalidad en los residuos (p = 0.0353),0,1,0,1,1,2
AR(1) 0.8,1,38,0,1,SF,raíz,—,∇^1 θ̂-0.0498 LR147.177,genuina,—,,—,1,ruido blanco (Q): p mínimo = 0.0000; media residual distinta,0,0,1,1,1,1
AR(1) 0.8,1,38,1,1,SF,estac.,—,∇^2 θ̂+0.9868 LR0.088,cancela,θ̂-0.0498 LR147.177,genuina,coinciden,0,,1,0,1,1,1,1
AR(1) 0.8,1,38,2,1,—,,—,∇^3 θ̂+1.0000 LR0.000,cancela,θ̂+0.9868 LR0.088,cancelada,sin par,0,,1,0,0,1,1,1
AR(1) 0.8,1,39,0,1,SF,raíz,—,∇^1 θ̂-0.1290 LR252.060,genuina,—,,—,1,ruido blanco (Q): p mínimo = 0.0000; media residual distinta,0,0,1,1,1,1
AR(1) 0.8,1,39,1,1,SF,estac.,—,∇^2 θ̂+1.0000 LR0.000,cancela,θ̂-0.1290 LR252.060,genuina,coinciden,0,,1,0,1,1,1,1
AR(1) 0.8,1,39,2,1,SF,estac.,—,∇^3 θ̂+1.0000 LR0.000,cancela,θ̂+1.0000 LR-0.000,cancelada,coinciden,0,,1,0,0,1,1,1
AR(1) 0.8,1,40,0,1,SF,raíz,—,∇^1 θ̂-0.1238 LR239.547,genuina,—,,—,1,ruido blanco (Q): p mínimo = 0.0000,0,0,1,0,1,1
AR(1) 0.8,1,40,1,1,SF,estac.,—,∇^2 θ̂+1.0000 LR0.000,cancela,θ̂-0.1238 LR239.547,genuina,coinciden,0,,1,0,1,0,1,1
AR(1) 0.8,1,40,2,1,SF,estac.,—,∇^3 θ̂+1.0000 LR-0.000,cancela,θ̂+1.0000 LR0.000,cancelada,coinciden,0,,1,0,0,0,1,1
AR(1) 0.8,1,41,0,1,SF,raíz,—,∇^1 θ̂+0.0546 LR192.954,genuina,—,,coinciden,1,ruido blanco (Q): p mínimo = 0.0000; media residual distinta,0,0,0,1,1,1
AR(1) 0.8,1,41,1,1,SF,estac.,—,∇^2 θ̂+1.0000 LR-0.000,cancela,θ̂+0.0546 LR192.954,genuina,coinciden,1,media residual distinta de cero: t = -2.22,0,0,0,1,1,1
AR(1) 0.8,1,41,2,1,—,,—,∇^3 θ̂+1.0000 LR-0.000,cancela,θ̂+1.0000 LR0.000,cancelada,sin par,0,,1,0,0,1,1,1
AR(1) 0.8,1,43,0,1,SF,raíz,—,∇^1 θ̂-0.0001 LR181.510,genuina,—,,—,1,ruido blanco (Q): p mínimo = 0.0000,0,0,1,1,1,1
AR(1) 0.8,1,43,1,1,SF,estac.,—,∇^2 θ̂+1.0000 LR-0.000,cancela,θ̂+0.1058 LR182.698,genuina,coinciden,0,,1,0,0,1,1,1
AR(1) 0.8,1,43,2,1,—,,—,∇^3 θ̂+1.0000 LR-0.000,cancela,θ̂+1.0000 LR-0.000,cancelada,sin par,0,,1,0,0,1,1,1
AR(1) 0.8,1,42,0,1,SF,raíz,—,∇^1 θ̂+0.0146 LR181.228,genuina,—,,coinciden,1,ruido blanco (Q): p mínimo = 0.0000; normalidad (JB): 10.283,0,0,0,1,1,1
AR(1) 0.8,1,42,1,1,SF,estac.,—,∇^2 θ̂+1.0000 LR0.000,cancela,θ̂+0.0146 LR181.228,genuina,coinciden,0,,1,0,0,1,1,1
AR(1) 0.8,1,42,2,1,—,,—,∇^3 θ̂+1.0000 LR-0.000,cancela,θ̂+1.0000 LR-0.000,cancelada,sin par,0,,1,0,0,1,1,1
AR(1) 0.8,1,44,0,1,SF,raíz,—,∇^1 θ̂-0.0386 LR266.015,genuina,—,,—,1,"ruido blanco (Q): p mínimo = 0.0000; normalidad (JB): 9.861,",0,0,1,1,1,2
AR(1) 0.8,1,44,1,1,SF,estac.,—,∇^2 θ̂+1.0000 LR0.000,cancela,θ̂-0.0386 LR266.015,genuina,coinciden,0,,1,0,1,1,1,2
AR(1) 0.8,1,44,2,1,—,,—,∇^3 θ̂+1.0000 LR-0.000,cancela,θ̂+0.8279 LR-2.057,cancelada,sin par,0,,1,1,0,1,1,2
AR(1) 0.8,1,45,0,1,SF,raíz,—,∇^1 θ̂+0.0434 LR251.769,genuina,—,,coinciden,1,ruido blanco (Q): p mínimo = 0.0000; media residual distinta,0,0,0,1,1,1
AR(1) 0.8,1,45,1,1,SF,estac.,—,∇^2 θ̂+1.0000 LR0.000,cancela,θ̂+0.0434 LR251.769,genuina,coinciden,0,,1,0,0,1,1,1
AR(1) 0.8,1,45,2,1,—,,—,∇^3 θ̂+1.0000 LR-0.000,cancela,θ̂+1.0000 LR0.000,cancelada,sin par,1,"normalidad (JB): 8.226, p = 0.0164",0,0,0,1,1,1
AR(1) 0.8,1,46,0,1,SF,raíz,—,∇^1 θ̂-0.0106 LR229.499,genuina,—,,—,1,ruido blanco (Q): p mínimo = 0.0000,0,0,1,1,1,1
AR(1) 0.8,1,46,1,1,SF,estac.,—,∇^2 θ̂+1.0000 LR-0.000,cancela,θ̂-0.0106 LR229.499,genuina,coinciden,0,,1,0,1,1,1,1
AR(1) 0.8,1,46,2,1,—,,—,∇^3 θ̂+1.0000 LR-0.000,cancela,θ̂+1.0000 LR-0.000,cancelada,sin par,1,"normalidad (JB): 6.246, p = 0.0440",0,0,0,1,1,1
AR(1) 0.8,1,47,0,1,SF,raíz,—,∇^1 θ̂+0.0005 LR200.101,genuina,—,,coinciden,1,ruido blanco (Q): p mínimo = 0.0000,0,0,0,1,1,2
AR(1) 0.8,1,47,1,1,SF,estac.,—,∇^2 θ̂+1.0000 LR0.000,cancela,θ̂+0.0005 LR200.101,genuina,coinciden,0,,1,0,0,1,1,2
AR(1) 0.8,1,47,2,1,—,,—,∇^3 θ̂+1.0000 LR0.000,cancela,θ̂+1.0000 LR-0.000,cancelada,sin par,0,,1,0,0,1,1,2
AR(1) 0.8,1,48,0,1,SF,raíz,—,∇^1 θ̂-0.0102 LR168.205,genuina,—,,—,1,ruido blanco (Q): p mínimo = 0.0000,0,0,1,1,1,1
AR(1) 0.8,1,48,1,1,SF,estac.,—,∇^2 θ̂+1.0000 LR-0.000,cancela,θ̂-0.0102 LR168.205,genuina,coinciden,0,,1,0,1,1,1,1
AR(1) 0.8,1,48,2,1,—,,—,∇^3 θ̂+1.0000 LR-0.000,cancela,θ̂+1.0000 LR0.000,cancelada,sin par,0,,1,0,0,1,1,1
AR(1) 0.8,1,49,0,1,SF,raíz,—,∇^1 θ̂-0.0352 LR195.374,genuina,—,,—,1,ruido blanco (Q): p mínimo = 0.0000,0,0,1,1,1,1
AR(1) 0.8,1,49,1,1,SF,estac.,—,∇^2 θ̂+0.9915 LR0.043,cancela,θ̂-0.0352 LR195.374,genuina,coinciden,0,,1,0,1,1,1,1
AR(1) 0.8,1,49,2,1,—,,—,∇^3 θ̂+1.0000 LR-0.000,cancela,θ̂+0.9915 LR0.043,cancelada,sin par,1,estacionalidad en los residuos (p = 0.0493),0,0,0,1,1,1
AR(1) 0.9,1,0,0,1,SF,raíz,—,∇^1 θ̂+0.1711 LR242.877,genuina,—,,coinciden,1,ruido blanco (Q): p mínimo = 0.0000; media residual distinta,0,0,0,1,1,1
AR(1) 0.9,1,0,1,1,SF,estac.,—,∇^2 θ̂+1.0000 LR-0.000,cancela,θ̂+0.1711 LR242.877,genuina,coinciden,1,ruido blanco (Q): p mínimo = 0.0036; media residual distinta,0,0,0,1,1,1
AR(1) 0.9,1,0,2,1,—,,—,∇^3 θ̂+1.0000 LR0.000,cancela,θ̂+1.0000 LR-0.000,cancelada,sin par,1,ruido blanco (Q): p mínimo = 0.0017,0,0,0,1,1,1
AR(1) 0.9,1,1,0,1,SF,raíz,—,∇^1 θ̂-0.0001 LR383.651,genuina,—,,—,1,ruido blanco (Q): p mínimo = 0.0000; normalidad (JB): 11.192,0,0,1,1,1,1
AR(1) 0.9,1,1,1,1,SF,estac.,—,∇^2 θ̂+1.0000 LR0.000,cancela,θ̂+0.0386 LR383.885,genuina,coinciden,0,,1,0,0,1,1,1
AR(1) 0.9,1,1,2,1,—,,—,∇^3 θ̂+1.0000 LR-0.000,cancela,θ̂+1.0000 LR-0.000,cancelada,sin par,0,,1,0,0,1,1,1
AR(1) 0.9,1,2,0,1,SF,raíz,—,∇^1 θ̂-0.0603 LR462.585,genuina,—,,—,1,ruido blanco (Q): p mínimo = 0.0000; media residual distinta,0,0,1,1,2,2
AR(1) 0.9,1,2,1,1,SF,raíz,—,∇^2 θ̂+1.0000 LR-0.000,cancela,θ̂-0.0603 LR462.585,genuina,discrepan,0,,0,0,1,1,2,2
AR(1) 0.9,1,2,2,1,SF,estac.,—,∇^3 θ̂+1.0000 LR-0.000,cancela,θ̂+1.0000 LR0.000,cancelada,coinciden,0,,1,0,0,1,2,2
AR(1) 0.9,1,3,0,1,SF,raíz,—,∇^1 θ̂-0.0551 LR319.979,genuina,—,,—,1,ruido blanco (Q): p mínimo = 0.0000; media residual distinta,0,0,1,0,2,2
AR(1) 0.9,1,3,1,1,SF,estac.,—,∇^2 θ̂+0.9787 LR0.235,cancela,θ̂-0.0551 LR319.979,genuina,coinciden,1,"normalidad (JB): 6.376, p = 0.0412",0,0,1,0,2,2
AR(1) 0.9,1,3,2,1,—,,—,∇^3 θ̂+1.0000 LR-0.000,cancela,θ̂+0.9787 LR0.235,cancelada,sin par,1,"normalidad (JB): 8.044, p = 0.0179",0,0,0,0,2,2
AR(1) 0.9,1,5,0,1,SF,raíz,—,∇^1 θ̂-0.0765 LR328.840,genuina,—,,—,1,ruido blanco (Q): p mínimo = 0.0000,0,0,1,1,1,1
AR(1) 0.9,1,5,1,1,SF,estac.,—,∇^2 θ̂+1.0000 LR-0.000,cancela,θ̂-0.0765 LR328.840,genuina,coinciden,0,,1,0,1,1,1,1
AR(1) 0.9,1,5,2,1,SF,estac.,—,∇^3 θ̂+1.0000 LR0.000,cancela,θ̂+1.0000 LR-0.000,cancelada,coinciden,0,,1,0,0,1,1,1
AR(1) 0.9,1,4,0,1,SF,raíz,—,∇^1 θ̂-0.0200 LR333.212,genuina,—,,—,1,"ruido blanco (Q): p mínimo = 0.0000; normalidad (JB): 9.420,",0,0,1,1,2,2
AR(1) 0.9,1,4,1,1,SF,estac.,—,∇^2 θ̂+1.0000 LR-0.000,cancela,θ̂-0.0200 LR333.212,genuina,coinciden,0,,1,0,1,1,2,2
AR(1) 0.9,1,4,2,1,—,,—,∇^3 θ̂+1.0000 LR-0.000,cancela,θ̂+1.0000 LR-0.000,cancelada,sin par,0,,1,0,0,1,2,2
AR(1) 0.9,1,6,0,1,SF,raíz,—,∇^1 θ̂-0.0001 LR308.806,genuina,—,,—,1,"ruido blanco (Q): p mínimo = 0.0000; normalidad (JB): 8.538,",0,0,1,1,2,1
AR(1) 0.9,1,6,1,1,SF,estac.,—,∇^2 θ̂+0.9571 LR4.941,genuina,θ̂+0.0372 LR309.046,genuina,discrepan,0,,0,0,0,1,2,1
AR(1) 0.9,1,6,2,1,—,,—,∇^3 θ̂+1.0000 LR0.000,cancela,θ̂+0.9571 LR4.941,genuina,sin par,0,,1,0,0,1,2,1
AR(1) 0.9,1,7,0,1,SF,raíz,—,∇^1 θ̂-0.0496 LR384.317,genuina,—,,—,1,ruido blanco (Q): p mínimo = 0.0000; media residual distinta,0,0,1,1,1,0
AR(1) 0.9,1,7,1,1,SF,estac.,—,∇^2 θ̂+1.0000 LR-0.000,cancela,θ̂-0.0496 LR384.317,genuina,coinciden,1,ruido blanco (Q): p mínimo = 0.0043,0,0,1,1,1,0
AR(1) 0.9,1,7,2,1,SF,estac.,—,∇^3 θ̂+1.0000 LR0.000,cancela,θ̂+0.4248 LR-3.845,cancelada,coinciden,1,ruido blanco (Q): p mínimo = 0.0122,0,1,0,1,1,0
AR(1) 0.9,1,8,0,1,SF,raíz,—,∇^1 θ̂-0.0677 LR292.873,genuina,—,,—,1,ruido blanco (Q): p mínimo = 0.0000; media residual distinta,0,0,1,1,1,1
AR(1) 0.9,1,8,1,1,SF,estac.,—,∇^2 θ̂+1.0000 LR0.000,cancela,θ̂-0.0677 LR292.873,genuina,coinciden,0,,1,0,1,1,1,1
AR(1) 0.9,1,8,2,1,—,,—,∇^3 θ̂+1.0000 LR-0.000,cancela,θ̂+1.0000 LR0.000,cancelada,sin par,0,,1,0,0,1,1,1
AR(1) 0.9,1,9,0,1,SF,raíz,—,∇^1 θ̂-0.0169 LR412.000,genuina,—,,—,1,ruido blanco (Q): p mínimo = 0.0000; media residual distinta,0,0,1,1,1,2
AR(1) 0.9,1,9,1,1,SF,estac.,—,∇^2 θ̂+1.0000 LR0.000,cancela,θ̂-0.0169 LR412.000,genuina,coinciden,0,,1,0,1,1,1,2
AR(1) 0.9,1,9,2,1,—,,—,∇^3 θ̂+1.0000 LR-0.000,cancela,θ̂+1.0000 LR-0.000,cancelada,sin par,0,,1,0,0,1,1,2
AR(1) 0.9,1,10,0,1,SF,raíz,—,∇^1 θ̂-0.1257 LR292.228,genuina,—,,—,1,"ruido blanco (Q): p mínimo = 0.0000; normalidad (JB): 7.014,",0,0,1,1,1,1
AR(1) 0.9,1,10,1,1,SF,estac.,—,∇^2 θ̂+1.0000 LR0.000,cancela,θ̂-0.1257 LR292.228,genuina,coinciden,0,,1,0,1,1,1,1
AR(1) 0.9,1,10,2,1,SF,estac.,—,∇^3 θ̂+1.0000 LR-0.000,cancela,θ̂+1.0000 LR-0.000,cancelada,coinciden,0,,1,0,0,1,1,1
AR(1) 0.9,1,11,0,1,SF,raíz,—,∇^1 θ̂-0.0349 LR374.064,genuina,—,,—,1,ruido blanco (Q): p mínimo = 0.0000; media residual distinta,0,0,1,2,2,2
AR(1) 0.9,1,11,1,1,SF,estac.,—,∇^2 θ̂+0.9370 LR0.582,cancela,θ̂-0.0349 LR374.064,genuina,coinciden,0,,1,0,1,2,2,2
AR(1) 0.9,1,11,2,1,—,,—,∇^3 θ̂+1.0000 LR0.000,cancela,θ̂+0.9370 LR0.582,cancelada,sin par,0,,1,0,0,2,2,2
AR(1) 0.9,1,13,0,1,SF,raíz,—,∇^1 θ̂-0.0926 LR342.309,genuina,—,,—,1,ruido blanco (Q): p mínimo = 0.0000,0,0,1,1,2,2
AR(1) 0.9,1,13,1,1,SF,estac.,—,∇^2 θ̂+1.0000 LR-0.000,cancela,θ̂-0.0926 LR342.309,genuina,coinciden,0,,1,0,1,1,2,2
AR(1) 0.9,1,13,2,1,SF,estac.,—,∇^3 θ̂+1.0000 LR-0.000,cancela,θ̂+1.0000 LR-0.000,cancelada,coinciden,0,,1,0,0,1,2,2
AR(1) 0.9,1,12,0,1,SF,raíz,—,∇^1 θ̂-0.0274 LR349.300,genuina,—,,—,1,ruido blanco (Q): p mínimo = 0.0000,0,0,1,0,1,0
AR(1) 0.9,1,12,1,1,SF,estac.,—,∇^2 θ̂+1.0000 LR0.000,cancela,θ̂-0.0274 LR349.300,genuina,coinciden,0,,1,0,1,0,1,0
AR(1) 0.9,1,12,2,1,—,,—,∇^3 θ̂+1.0000 LR-0.000,cancela,θ̂+1.0000 LR-0.000,cancelada,sin par,0,,1,0,0,0,1,0
AR(1) 0.9,1,14,0,1,SF,raíz,—,∇^1 θ̂+0.0654 LR265.931,genuina,—,,coinciden,1,ruido blanco (Q): p mínimo = 0.0000; media residual distinta,0,0,0,1,2,2
AR(1) 0.9,1,14,1,1,SF,estac.,—,∇^2 θ̂+0.9530 LR1.170,cancela,θ̂+0.0654 LR265.931,genuina,coinciden,0,,1,0,0,1,2,2
AR(1) 0.9,1,14,2,1,—,,—,∇^3 θ̂+1.0000 LR0.000,cancela,θ̂+0.9530 LR1.170,cancelada,sin par,0,,1,0,0,1,2,2
AR(1) 0.9,1,16,0,1,SF,raíz,—,∇^1 θ̂-0.0641 LR307.333,genuina,—,,—,1,ruido blanco (Q): p mínimo = 0.0000; media residual distinta,0,0,1,1,1,1
AR(1) 0.9,1,16,1,1,SF,estac.,—,∇^2 θ̂+1.0000 LR0.000,cancela,θ̂-0.0641 LR307.333,genuina,coinciden,1,ruido blanco (Q): p mínimo = 0.0079,0,0,1,1,1,1
AR(1) 0.9,1,16,2,1,SF,estac.,—,∇^3 θ̂+1.0000 LR-0.000,cancela,θ̂+0.0844 LR-10.674,cancelada,coinciden,1,ruido blanco (Q): p mínimo = 0.0134,0,1,0,1,1,1
AR(1) 0.9,1,15,0,1,SF,raíz,—,∇^1 θ̂-0.0072 LR282.126,genuina,—,,—,1,ruido blanco (Q): p mínimo = 0.0000; media residual distinta,0,0,1,1,1,2
AR(1) 0.9,1,15,1,1,SF,estac.,—,∇^2 θ̂+1.0000 LR0.000,cancela,θ̂-0.0072 LR282.126,genuina,coinciden,0,,1,0,1,1,1,2
AR(1) 0.9,1,15,2,1,—,,—,∇^3 θ̂+1.0000 LR0.000,cancela,θ̂+1.0000 LR0.000,cancelada,sin par,0,,1,0,0,1,1,2
AR(1) 0.9,1,17,0,1,SF,raíz,—,∇^1 θ̂-0.0951 LR340.024,genuina,—,,—,1,ruido blanco (Q): p mínimo = 0.0000; media residual distinta,0,0,1,1,1,1
AR(1) 0.9,1,17,1,1,SF,estac.,—,∇^2 θ̂+1.0000 LR-0.000,cancela,θ̂-0.0951 LR340.024,genuina,coinciden,0,,1,0,1,1,1,1
AR(1) 0.9,1,17,2,1,SF,estac.,—,∇^3 θ̂+1.0000 LR0.000,cancela,θ̂+0.2224 LR-8.109,cancelada,coinciden,0,,1,1,0,1,1,1
AR(1) 0.9,1,18,0,1,SF,raíz,—,∇^1 θ̂-0.0261 LR399.273,genuina,—,,—,1,ruido blanco (Q): p mínimo = 0.0000; normalidad (JB): 15.607,0,0,1,1,1,2
AR(1) 0.9,1,18,1,1,SF,estac.,—,∇^2 θ̂+1.0000 LR0.000,cancela,θ̂-0.0261 LR399.273,genuina,coinciden,1,"normalidad (JB): 6.772, p = 0.0338",0,0,1,1,1,2
AR(1) 0.9,1,18,2,1,—,,—,∇^3 θ̂+1.0000 LR-0.000,cancela,θ̂+1.0000 LR0.000,cancelada,sin par,0,,1,0,0,1,1,2
AR(1) 0.9,1,19,0,1,SF,raíz,—,∇^1 θ̂-0.0866 LR356.403,genuina,—,,—,1,ruido blanco (Q): p mínimo = 0.0000,0,0,1,1,1,2
AR(1) 0.9,1,19,1,1,SF,estac.,—,∇^2 θ̂+1.0000 LR0.000,cancela,θ̂-0.0866 LR356.403,genuina,coinciden,0,,1,0,1,1,1,2
AR(1) 0.9,1,19,2,1,SF,estac.,—,∇^3 θ̂+1.0000 LR-0.000,cancela,θ̂+1.0000 LR0.000,cancelada,coinciden,0,,1,0,0,1,1,2
AR(1) 0.9,1,20,0,1,SF,raíz,—,∇^1 θ̂-0.0261 LR349.611,genuina,—,,—,1,ruido blanco (Q): p mínimo = 0.0000,0,0,1,1,1,2
AR(1) 0.9,1,20,1,1,SF,estac.,—,∇^2 θ̂+1.0000 LR0.000,cancela,θ̂-0.0261 LR349.611,genuina,coinciden,0,,1,0,1,1,1,2
AR(1) 0.9,1,20,2,1,—,,—,∇^3 θ̂+1.0000 LR0.000,cancela,θ̂+1.0000 LR0.000,cancelada,sin par,0,,1,0,0,1,1,2
AR(1) 0.9,1,21,0,1,SF,raíz,—,∇^1 θ̂-0.0001 LR264.154,genuina,—,,—,1,"ruido blanco (Q): p mínimo = 0.0000; normalidad (JB): 8.199,",0,0,1,1,2,2
AR(1) 0.9,1,21,1,1,SF,estac.,—,∇^2 θ̂+0.9461 LR0.336,cancela,θ̂+0.0234 LR264.213,genuina,coinciden,1,ruido blanco (Q): p mínimo = 0.0210,0,0,0,1,2,2
AR(1) 0.9,1,21,2,1,—,,—,∇^3 θ̂+1.0000 LR-0.000,cancela,θ̂+0.9461 LR0.336,cancelada,sin par,1,ruido blanco (Q): p mínimo = 0.0063,0,0,0,1,2,2
AR(1) 0.9,1,22,0,1,SF,raíz,—,∇^1 θ̂-0.0058 LR331.716,genuina,—,,—,1,"ruido blanco (Q): p mínimo = 0.0000; normalidad (JB): 6.684,",0,0,1,1,1,2
AR(1) 0.9,1,22,1,1,SF,estac.,—,∇^2 θ̂+1.0000 LR0.000,cancela,θ̂-0.0058 LR331.716,genuina,coinciden,0,,1,0,1,1,1,2
AR(1) 0.9,1,22,2,1,—,,—,∇^3 θ̂+1.0000 LR-0.000,cancela,θ̂+1.0000 LR0.000,cancelada,sin par,0,,1,0,0,1,1,2
AR(1) 0.9,1,23,0,1,SF,raíz,—,∇^1 θ̂+0.0706 LR327.229,genuina,—,,coinciden,1,ruido blanco (Q): p mínimo = 0.0000,0,0,0,1,2,1
AR(1) 0.9,1,23,1,1,SF,estac.,—,∇^2 θ̂+0.9822 LR0.388,cancela,θ̂+0.0706 LR327.229,genuina,coinciden,0,,1,0,0,1,2,1
AR(1) 0.9,1,23,2,1,—,,—,∇^3 θ̂+1.0000 LR-0.000,cancela,θ̂+0.9822 LR0.388,cancelada,sin par,0,,1,0,0,1,2,1
AR(1) 0.9,1,24,0,1,SF,raíz,—,∇^1 θ̂-0.2052 LR256.327,genuina,—,,—,1,ruido blanco (Q): p mínimo = 0.0000; media residual distinta,0,0,1,1,1,1
AR(1) 0.9,1,24,1,1,SF,estac.,—,∇^2 θ̂+1.0000 LR-0.000,cancela,θ̂-0.2052 LR256.327,genuina,coinciden,0,,1,0,1,1,1,1
AR(1) 0.9,1,24,2,1,SF,estac.,—,∇^3 θ̂+1.0000 LR0.000,cancela,θ̂-0.7723 LR-8.929,cancelada,coinciden,0,,1,1,1,1,1,1
AR(1) 0.9,1,25,0,1,SF,raíz,—,∇^1 θ̂+0.0077 LR408.400,genuina,—,,coinciden,1,ruido blanco (Q): p mínimo = 0.0000; media residual distinta,0,0,0,1,1,2
AR(1) 0.9,1,25,1,1,SF,estac.,—,∇^2 θ̂+1.0000 LR-0.000,cancela,θ̂+0.0077 LR408.400,genuina,coinciden,0,,1,0,0,1,1,2
AR(1) 0.9,1,25,2,1,—,,—,∇^3 θ̂+1.0000 LR0.000,cancela,θ̂+1.0000 LR0.000,cancelada,sin par,0,,1,0,0,1,1,2
AR(1) 0.9,1,26,0,1,SF,raíz,—,∇^1 θ̂-0.0259 LR263.550,genuina,—,,—,1,ruido blanco (Q): p mínimo = 0.0000; media residual distinta,0,0,1,1,2,1
AR(1) 0.9,1,26,1,1,SF,estac.,—,∇^2 θ̂+0.9988 LR0.000,cancela,θ̂-0.0259 LR263.550,genuina,coinciden,0,,1,0,1,1,2,1
AR(1) 0.9,1,26,2,1,—,,—,∇^3 θ̂+1.0000 LR-0.000,cancela,θ̂+0.0902 LR-11.744,cancelada,sin par,0,,1,1,0,1,2,1
AR(1) 0.9,1,27,0,1,SF,raíz,—,∇^1 θ̂-0.0001 LR249.406,genuina,—,,—,1,ruido blanco (Q): p mínimo = 0.0000; media residual distinta,0,0,1,1,2,2
AR(1) 0.9,1,27,1,1,SF,estac.,—,∇^2 θ̂+0.9855 LR0.194,cancela,θ̂+0.0586 LR249.906,genuina,coinciden,0,,1,0,0,1,2,2
AR(1) 0.9,1,27,2,1,—,,—,∇^3 θ̂+1.0000 LR0.000,cancela,θ̂+0.9855 LR0.194,cancelada,sin par,1,ruido blanco (Q): p mínimo = 0.0446,0,0,0,1,2,2
AR(1) 0.9,1,28,0,1,SF,raíz,—,∇^1 θ̂+0.1265 LR295.025,genuina,—,,coinciden,1,ruido blanco (Q): p mínimo = 0.0000; media residual distinta,0,0,0,1,1,1
AR(1) 0.9,1,28,1,1,SF,estac.,—,∇^2 θ̂+1.0000 LR-0.000,cancela,θ̂+0.1265 LR295.025,genuina,coinciden,0,,1,0,0,1,1,1
AR(1) 0.9,1,28,2,1,—,,—,∇^3 θ̂+1.0000 LR0.000,cancela,θ̂-0.0399 LR-2.910,cancelada,sin par,1,"normalidad (JB): 7.741, p = 0.0208",0,1,1,1,1,1
AR(1) 0.9,1,29,0,1,SF,raíz,—,∇^1 θ̂-0.0471 LR387.067,genuina,—,,—,1,"ruido blanco (Q): p mínimo = 0.0000; normalidad (JB): 7.020,",0,0,1,2,2,1
AR(1) 0.9,1,29,1,1,SF,estac.,—,∇^2 θ̂+0.9869 LR0.201,cancela,θ̂-0.0471 LR387.067,genuina,coinciden,0,,1,0,1,2,2,1
AR(1) 0.9,1,29,2,1,SF,estac.,—,∇^3 θ̂+1.0000 LR0.000,cancela,θ̂+0.9869 LR0.201,cancelada,coinciden,0,,1,0,0,2,2,1
AR(1) 0.9,1,30,0,1,SF,raíz,—,∇^1 θ̂-0.0146 LR335.034,genuina,—,,—,1,ruido blanco (Q): p mínimo = 0.0000,0,0,1,1,1,2
AR(1) 0.9,1,30,1,1,SF,estac.,—,∇^2 θ̂+1.0000 LR-0.000,cancela,θ̂-0.0146 LR335.034,genuina,coinciden,0,,1,0,1,1,1,2
AR(1) 0.9,1,30,2,1,—,,—,∇^3 θ̂+1.0000 LR0.000,cancela,θ̂+1.0000 LR0.000,cancelada,sin par,0,,1,0,0,1,1,2
AR(1) 0.9,1,31,0,1,SF,raíz,—,∇^1 θ̂+0.1069 LR398.842,genuina,—,,coinciden,1,ruido blanco (Q): p mínimo = 0.0000; normalidad (JB): 22.842,0,0,0,1,2,2
AR(1) 0.9,1,31,1,1,SF,estac.,—,∇^2 θ̂+0.6733 LR2.102,genuina,θ̂+0.1069 LR398.842,genuina,discrepan,0,,0,0,0,1,2,2
AR(1) 0.9,1,31,2,1,—,,—,∇^3 θ̂+1.0000 LR0.000,cancela,θ̂+0.6733 LR2.102,genuina,sin par,0,,1,0,0,1,2,2
AR(1) 0.9,1,34,0,1,SF,raíz,—,∇^1 θ̂-0.0924 LR292.182,genuina,—,,—,1,ruido blanco (Q): p mínimo = 0.0000; media residual distinta,0,0,1,1,1,1
AR(1) 0.9,1,34,1,1,SF,estac.,—,∇^2 θ̂+1.0000 LR0.000,cancela,θ̂-0.0924 LR292.182,genuina,coinciden,0,,1,0,1,1,1,1
AR(1) 0.9,1,34,2,1,SF,estac.,—,∇^3 θ̂+1.0000 LR-0.000,cancela,θ̂+0.2545 LR-8.784,cancelada,coinciden,0,,1,1,0,1,1,1
AR(1) 0.9,1,32,0,1,SF,raíz,—,∇^1 θ̂-0.0001 LR250.835,genuina,—,,—,1,"ruido blanco (Q): p mínimo = 0.0000; normalidad (JB): 6.767,",0,0,1,1,1,2
AR(1) 0.9,1,32,1,1,SF,estac.,—,∇^2 θ̂+1.0000 LR-0.000,cancela,θ̂+0.1423 LR254.105,genuina,coinciden,0,,1,0,0,1,1,2
AR(1) 0.9,1,32,2,1,—,,—,∇^3 θ̂+1.0000 LR0.000,cancela,θ̂+1.0000 LR0.000,cancelada,sin par,0,,1,0,0,1,1,2
AR(1) 0.9,1,33,0,1,SF,raíz,—,∇^1 θ̂-0.0810 LR307.917,genuina,—,,—,1,ruido blanco (Q): p mínimo = 0.0000; media residual distinta,0,0,1,1,1,1
AR(1) 0.9,1,33,1,1,SF,estac.,—,∇^2 θ̂+1.0000 LR0.000,cancela,θ̂-0.0810 LR307.917,genuina,coinciden,0,,1,0,1,1,1,1
AR(1) 0.9,1,33,2,1,SF,estac.,—,∇^3 θ̂+1.0000 LR0.000,cancela,θ̂-0.8457 LR-9.148,cancelada,coinciden,0,,1,1,1,1,1,1
AR(1) 0.9,1,35,0,1,SF,raíz,—,∇^1 θ̂-0.0001 LR254.462,genuina,—,,—,1,ruido blanco (Q): p mínimo = 0.0000; media residual distinta,0,0,1,1,1,2
AR(1) 0.9,1,35,1,1,SF,estac.,—,∇^2 θ̂+1.0000 LR-0.000,cancela,θ̂+0.0050 LR254.465,genuina,coinciden,1,"normalidad (JB): 8.347, p = 0.0154",0,0,0,1,1,2
AR(1) 0.9,1,35,2,1,—,,—,∇^3 θ̂+1.0000 LR0.000,cancela,θ̂+1.0000 LR-0.000,cancelada,sin par,1,"normalidad (JB): 7.012, p = 0.0300",0,0,0,1,1,2
AR(1) 0.9,1,36,0,1,SF,raíz,—,∇^1 θ̂-0.0419 LR300.334,genuina,—,,—,1,ruido blanco (Q): p mínimo = 0.0000; media residual distinta,0,0,1,1,1,1
AR(1) 0.9,1,36,1,1,SF,estac.,—,∇^2 θ̂+1.0000 LR0.000,cancela,θ̂-0.0419 LR300.334,genuina,coinciden,0,,1,0,1,1,1,1
AR(1) 0.9,1,36,2,1,—,,—,∇^3 θ̂+1.0000 LR0.000,cancela,θ̂+1.0000 LR0.000,cancelada,sin par,0,,1,0,0,1,1,1
AR(1) 0.9,1,37,0,1,SF,raíz,—,∇^1 θ̂-0.0109 LR296.117,genuina,—,,—,1,ruido blanco (Q): p mínimo = 0.0000,0,0,1,1,1,2
AR(1) 0.9,1,37,1,1,SF,estac.,—,∇^2 θ̂+1.0000 LR-0.000,cancela,θ̂-0.0109 LR296.117,genuina,coinciden,0,,1,0,1,1,1,2
AR(1) 0.9,1,37,2,1,—,,—,∇^3 θ̂+1.0000 LR-0.000,cancela,θ̂+1.0000 LR-0.000,cancelada,sin par,0,,1,0,0,1,1,2
AR(1) 0.9,1,38,0,1,SF,raíz,—,∇^1 θ̂-0.0001 LR379.524,genuina,—,,—,1,"ruido blanco (Q): p mínimo = 0.0000; normalidad (JB): 7.183,",0,0,1,1,1,2
AR(1) 0.9,1,38,1,1,SF,estac.,—,∇^2 θ̂+1.0000 LR0.000,cancela,θ̂+0.0303 LR379.685,genuina,coinciden,0,,1,0,0,1,1,2
AR(1) 0.9,1,38,2,1,—,,—,∇^3 θ̂+1.0000 LR0.000,cancela,θ̂+1.0000 LR-0.000,cancelada,sin par,0,,1,0,0,1,1,2
AR(1) 0.9,1,39,0,1,SF,raíz,—,∇^1 θ̂-0.1050 LR295.915,genuina,—,,—,1,ruido blanco (Q): p mínimo = 0.0000; media residual distinta,0,0,1,1,1,2
AR(1) 0.9,1,39,1,1,SF,estac.,—,∇^2 θ̂+1.0000 LR-0.000,cancela,θ̂-0.1050 LR295.916,genuina,coinciden,0,,1,0,1,1,1,2
AR(1) 0.9,1,39,2,1,SF,estac.,—,∇^3 θ̂+1.0000 LR-0.000,cancela,θ̂-0.0069 LR-10.474,cancelada,coinciden,1,ruido blanco (Q): p mínimo = 0.0088,0,1,1,1,1,2
AR(1) 0.9,1,40,0,1,SF,raíz,—,∇^1 θ̂-0.0001 LR437.986,genuina,—,,—,1,ruido blanco (Q): p mínimo = 0.0000,0,0,1,2,2,2
AR(1) 0.9,1,40,1,1,SF,raíz,—,∇^2 θ̂+0.6783 LR3.982,genuina,θ̂+0.1353 LR440.135,genuina,coinciden,0,,0,0,0,2,2,2
AR(1) 0.9,1,40,2,1,—,,—,∇^3 θ̂+1.0000 LR0.000,cancela,θ̂+0.6783 LR3.982,genuina,sin par,0,,1,0,0,2,2,2
AR(1) 0.9,1,41,0,1,SF,raíz,—,∇^1 θ̂-0.0287 LR197.444,genuina,—,,—,1,ruido blanco (Q): p mínimo = 0.0000,0,0,1,1,2,1
AR(1) 0.9,1,41,1,1,SF,estac.,—,∇^2 θ̂+0.9684 LR3.943,genuina,θ̂-0.0287 LR197.444,genuina,discrepan,0,,0,0,1,1,2,1
AR(1) 0.9,1,41,2,1,—,,—,∇^3 θ̂+1.0000 LR0.000,cancela,θ̂+0.9684 LR3.943,genuina,sin par,0,,1,0,0,1,2,1
AR(1) 0.9,1,42,0,1,SF,raíz,—,∇^1 θ̂-0.0001 LR320.580,genuina,—,,—,1,ruido blanco (Q): p mínimo = 0.0000,0,0,1,1,1,2
AR(1) 0.9,1,42,1,1,SF,estac.,—,∇^2 θ̂+0.7965 LR1.949,genuina,θ̂+0.0374 LR320.755,genuina,discrepan,0,,0,0,0,1,1,2
AR(1) 0.9,1,42,2,1,—,,—,∇^3 θ̂+1.0000 LR0.000,cancela,θ̂+0.7965 LR1.949,genuina,sin par,0,,1,0,0,1,1,2
AR(1) 0.9,1,43,0,1,SF,raíz,—,∇^1 θ̂-0.0001 LR269.632,genuina,—,,—,1,ruido blanco (Q): p mínimo = 0.0000; media residual distinta,0,0,1,1,1,0
AR(1) 0.9,1,43,1,1,SF,estac.,—,∇^2 θ̂+1.0000 LR0.000,cancela,θ̂+0.0137 LR269.662,genuina,coinciden,0,,1,0,0,1,1,0
AR(1) 0.9,1,43,2,1,—,,—,∇^3 θ̂+1.0000 LR0.000,cancela,θ̂+1.0000 LR-0.000,cancelada,sin par,0,,1,0,0,1,1,0
AR(1) 0.9,1,44,0,1,SF,raíz,—,∇^1 θ̂-0.0270 LR274.336,genuina,—,,—,1,ruido blanco (Q): p mínimo = 0.0000; media residual distinta,0,0,1,1,2,1
AR(1) 0.9,1,44,1,1,SF,estac.,—,∇^2 θ̂+0.9680 LR2.655,genuina,θ̂-0.0270 LR274.336,genuina,discrepan,0,,0,0,1,1,2,1
AR(1) 0.9,1,44,2,1,—,,—,∇^3 θ̂+1.0000 LR0.000,cancela,θ̂+0.9680 LR2.655,genuina,sin par,0,,1,0,0,1,2,1
AR(1) 0.9,1,45,0,1,SF,raíz,—,∇^1 θ̂-0.0883 LR284.595,genuina,—,,—,1,"ruido blanco (Q): p mínimo = 0.0000; normalidad (JB): 6.792,",0,0,1,1,1,2
AR(1) 0.9,1,45,1,1,SF,estac.,—,∇^2 θ̂+1.0000 LR0.000,cancela,θ̂-0.0883 LR284.595,genuina,coinciden,0,,1,0,1,1,1,2
AR(1) 0.9,1,45,2,1,SF,estac.,—,∇^3 θ̂+1.0000 LR-0.000,cancela,θ̂+1.0000 LR0.000,cancelada,coinciden,0,,1,0,0,1,1,2
AR(1) 0.9,1,46,0,1,SF,raíz,—,∇^1 θ̂-0.0001 LR317.315,genuina,—,,—,1,"ruido blanco (Q): p mínimo = 0.0000; normalidad (JB): 7.786,",0,0,1,1,2,2
AR(1) 0.9,1,46,1,1,SF,estac.,—,∇^2 θ̂+0.8504 LR4.997,genuina,θ̂+0.1417 LR320.348,genuina,discrepan,0,,0,0,0,1,2,2
AR(1) 0.9,1,46,2,1,—,,—,∇^3 θ̂+1.0000 LR0.000,cancela,θ̂+0.8504 LR4.997,genuina,sin par,1,"ruido blanco (Q): p mínimo = 0.0110; normalidad (JB): 7.572,",0,0,0,1,2,2
AR(1) 0.9,1,47,0,1,SF,raíz,—,∇^1 θ̂-0.0234 LR280.623,genuina,—,,—,1,ruido blanco (Q): p mínimo = 0.0000; media residual distinta,0,0,1,1,1,2
AR(1) 0.9,1,47,1,1,SF,estac.,—,∇^2 θ̂+1.0000 LR0.000,cancela,θ̂-0.0234 LR280.623,genuina,coinciden,1,media residual distinta de cero: t = +2.11,0,0,1,1,1,2
AR(1) 0.9,1,47,2,1,—,,—,∇^3 θ̂+1.0000 LR0.000,cancela,θ̂+1.0000 LR-0.000,cancelada,sin par,0,,1,0,0,1,1,2
AR(1) 0.9,1,48,0,1,SF,raíz,—,∇^1 θ̂-0.1087 LR379.812,genuina,—,,—,1,ruido blanco (Q): p mínimo = 0.0000,0,0,1,1,2,2
AR(1) 0.9,1,48,1,1,SF,estac.,—,∇^2 θ̂+1.0000 LR-0.000,cancela,θ̂-0.1087 LR379.812,genuina,coinciden,0,,1,0,1,1,2,2
AR(1) 0.9,1,48,2,1,SF,estac.,—,∇^3 θ̂+1.0000 LR0.000,cancela,θ̂+1.0000 LR-0.000,cancelada,coinciden,0,,1,0,0,1,2,2
AR(1) 0.9,1,49,0,1,SF,raíz,—,∇^1 θ̂-0.0003 LR275.560,genuina,—,,—,1,ruido blanco (Q): p mínimo = 0.0000; media residual distinta,0,0,1,1,1,1
AR(1) 0.9,1,49,1,1,SF,estac.,—,∇^2 θ̂+1.0000 LR-0.000,cancela,θ̂-0.0003 LR275.560,genuina,coinciden,0,,1,0,1,1,1,1
AR(1) 0.9,1,49,2,1,—,,—,∇^3 θ̂+1.0000 LR0.000,cancela,θ̂-0.0343 LR-10.249,cancelada,sin par,0,,1,1,1,1,1,1
AR(1) 0.95,1,0,0,1,SF,raíz,—,∇^1 θ̂-0.0001 LR470.597,genuina,—,,—,1,ruido blanco (Q): p mínimo = 0.0000; media residual distinta,0,0,1,1,1,2
AR(1) 0.95,1,0,1,1,SF,raíz,—,∇^2 θ̂+1.0000 LR-0.000,cancela,θ̂+0.1162 LR473.250,genuina,discrepan,1,ruido blanco (Q): p mínimo = 0.0188,0,0,0,1,1,2
AR(1) 0.95,1,0,2,1,—,,—,∇^3 θ̂+1.0000 LR0.000,cancela,θ̂-0.0359 LR-0.557,cancelada,sin par,0,,1,1,1,1,1,2
AR(1) 0.95,1,1,0,1,SF,raíz,—,∇^1 θ̂-0.0406 LR533.914,genuina,—,,—,1,ruido blanco (Q): p mínimo = 0.0000; media residual distinta,0,0,1,1,2,1
AR(1) 0.95,1,1,1,1,SF,raíz,—,∇^2 θ̂+1.0000 LR-0.000,cancela,θ̂-0.0406 LR533.914,genuina,discrepan,0,,0,0,1,1,2,1
AR(1) 0.95,1,1,2,1,SF,estac.,—,∇^3 θ̂+1.0000 LR0.000,cancela,θ̂+0.1344 LR-3.632,cancelada,coinciden,0,,1,1,0,1,2,1
AR(1) 0.95,1,2,0,1,SF,raíz,—,∇^1 θ̂-0.0741 LR569.063,genuina,—,,—,1,ruido blanco (Q): p mínimo = 0.0000; normalidad (JB): 12.911,0,0,1,2,2,2
AR(1) 0.95,1,2,1,1,SF,raíz,—,∇^2 θ̂+0.9860 LR0.171,cancela,θ̂-0.0741 LR569.063,genuina,discrepan,0,,0,0,1,2,2,2
AR(1) 0.95,1,2,2,1,SF,estac.,—,∇^3 θ̂+1.0000 LR-0.000,cancela,θ̂-0.1200 LR-0.254,cancelada,coinciden,0,,1,1,1,2,2,2
AR(1) 0.95,1,3,0,1,SF,raíz,—,∇^1 θ̂-0.0213 LR421.727,genuina,—,,—,1,ruido blanco (Q): p mínimo = 0.0000; media residual distinta,0,0,1,1,1,2
AR(1) 0.95,1,3,1,1,SF,estac.,—,∇^2 θ̂+1.0000 LR0.000,cancela,θ̂-0.0213 LR421.727,genuina,coinciden,0,,1,0,1,1,1,2
AR(1) 0.95,1,3,2,1,—,,—,∇^3 θ̂+1.0000 LR0.000,cancela,θ̂+1.0000 LR0.000,cancelada,sin par,0,,1,0,0,1,1,2
AR(1) 0.95,1,4,0,1,SF,raíz,—,∇^1 θ̂-0.0001 LR385.351,genuina,—,,—,1,"ruido blanco (Q): p mínimo = 0.0000; normalidad (JB): 9.345,",0,0,1,2,2,2
AR(1) 0.95,1,4,1,1,SF,estac.,—,∇^2 θ̂+0.9506 LR1.059,cancela,θ̂+0.0087 LR385.364,genuina,coinciden,0,,1,0,0,2,2,2
AR(1) 0.95,1,4,2,1,—,,—,∇^3 θ̂+1.0000 LR-0.000,cancela,θ̂+0.9506 LR1.059,cancelada,sin par,0,,1,0,0,2,2,2
AR(1) 0.95,1,5,0,1,SF,raíz,—,∇^1 θ̂+0.0742 LR350.884,genuina,—,,coinciden,1,ruido blanco (Q): p mínimo = 0.0000; media residual distinta,0,0,0,1,2,1
AR(1) 0.95,1,5,1,1,SF,estac.,—,∇^2 θ̂+0.9215 LR8.512,genuina,θ̂+0.0742 LR350.884,genuina,discrepan,0,,0,0,0,1,2,1
AR(1) 0.95,1,5,2,1,—,,—,∇^3 θ̂+1.0000 LR0.000,cancela,θ̂+0.9215 LR8.512,genuina,sin par,0,,1,0,0,1,2,1
AR(1) 0.95,1,7,0,1,SF,raíz,—,∇^1 θ̂-0.0249 LR414.245,genuina,—,,—,1,"ruido blanco (Q): p mínimo = 0.0000; normalidad (JB): 6.403,",0,0,1,1,2,2
AR(1) 0.95,1,7,1,1,SF,estac.,—,∇^2 θ̂+1.0000 LR0.000,cancela,θ̂-0.0249 LR414.245,genuina,coinciden,0,,1,0,1,1,2,2
AR(1) 0.95,1,7,2,1,—,,—,∇^3 θ̂+1.0000 LR0.000,cancela,θ̂-0.5977 LR-3.547,cancelada,sin par,0,,1,1,1,1,2,2
AR(1) 0.95,1,6,0,1,SF,raíz,—,∇^1 θ̂-0.0351 LR475.734,genuina,—,,—,1,ruido blanco (Q): p mínimo = 0.0000; media residual distinta,0,0,1,2,2,2
AR(1) 0.95,1,6,1,1,SF,raíz,—,∇^2 θ̂+1.0000 LR0.000,cancela,θ̂-0.0351 LR475.734,genuina,discrepan,1,ruido blanco (Q): p mínimo = 0.0013; estacionalidad en los r,0,0,1,2,2,2
AR(1) 0.95,1,6,2,1,SF,estac.,—,∇^3 θ̂+1.0000 LR0.000,cancela,θ̂+1.0000 LR0.000,cancelada,coinciden,1,ruido blanco (Q): p mínimo = 0.0009; estacionalidad en los r,0,0,0,2,2,2
AR(1) 0.95,1,8,0,1,SF,raíz,—,∇^1 θ̂-0.0316 LR537.617,genuina,—,,—,1,ruido blanco (Q): p mínimo = 0.0000; media residual distinta,0,0,1,1,2,2
AR(1) 0.95,1,8,1,1,SF,raíz,—,∇^2 θ̂+1.0000 LR0.000,cancela,θ̂-0.0316 LR537.617,genuina,discrepan,1,ruido blanco (Q): p mínimo = 0.0225,0,0,1,1,2,2
AR(1) 0.95,1,8,2,1,SF,estac.,—,∇^3 θ̂+1.0000 LR-0.000,cancela,θ̂+0.5303 LR-1.514,cancelada,coinciden,1,ruido blanco (Q): p mínimo = 0.0160,0,1,0,1,2,2
AR(1) 0.95,1,9,0,1,SF,raíz,—,∇^1 θ̂+0.0579 LR436.437,genuina,—,,coinciden,1,ruido blanco (Q): p mínimo = 0.0000,0,0,0,1,2,2
AR(1) 0.95,1,9,1,1,SF,raíz,—,∇^2 θ̂+1.0000 LR0.000,cancela,θ̂+0.0579 LR436.437,genuina,discrepan,0,,0,0,0,1,2,2
AR(1) 0.95,1,9,2,1,—,,—,∇^3 θ̂+1.0000 LR0.000,cancela,θ̂+0.4010 LR-1.859,cancelada,sin par,0,,1,1,0,1,2,2
AR(1) 0.95,1,10,0,1,SF,raíz,—,∇^1 θ̂-0.0425 LR454.184,genuina,—,,—,1,"ruido blanco (Q): p mínimo = 0.0000; normalidad (JB): 9.534,",0,0,1,2,2,2
AR(1) 0.95,1,10,1,1,SF,raíz,—,∇^2 θ̂+0.9204 LR1.390,cancela,θ̂-0.0425 LR454.184,genuina,discrepan,0,,0,0,1,2,2,2
AR(1) 0.95,1,10,2,1,SF,estac.,—,∇^3 θ̂+1.0000 LR-0.000,cancela,θ̂+0.9204 LR1.390,cancelada,coinciden,0,,1,0,0,2,2,2
AR(1) 0.95,1,11,0,1,SF,raíz,—,∇^1 θ̂+0.0398 LR479.909,genuina,—,,coinciden,1,ruido blanco (Q): p mínimo = 0.0000,0,0,0,2,2,2
AR(1) 0.95,1,11,1,1,SF,raíz,—,∇^2 θ̂+1.0000 LR0.000,cancela,θ̂+0.0398 LR479.909,genuina,discrepan,0,,0,0,0,2,2,2
AR(1) 0.95,1,11,2,1,—,,—,∇^3 θ̂+1.0000 LR-0.000,cancela,θ̂-0.1499 LR-1.736,cancelada,sin par,0,,1,1,1,2,2,2
AR(1) 0.95,1,12,0,1,SF,raíz,—,∇^1 θ̂+0.0581 LR379.403,genuina,—,,coinciden,1,"ruido blanco (Q): p mínimo = 0.0000; normalidad (JB): 6.951,",0,0,0,1,2,2
AR(1) 0.95,1,12,1,1,SF,estac.,—,∇^2 θ̂+1.0000 LR-0.000,cancela,θ̂+0.0581 LR379.403,genuina,coinciden,0,,1,0,0,1,2,2
AR(1) 0.95,1,12,2,1,—,,—,∇^3 θ̂+1.0000 LR0.000,cancela,θ̂+0.8212 LR-2.142,cancelada,sin par,0,,1,1,0,1,2,2
AR(1) 0.95,1,13,0,1,SF,raíz,—,∇^1 θ̂-0.0001 LR566.399,genuina,—,,—,1,ruido blanco (Q): p mínimo = 0.0000; media residual distinta,0,0,1,1,2,2
AR(1) 0.95,1,13,1,1,SF,raíz,—,∇^2 θ̂+0.9899 LR0.053,cancela,θ̂+0.0100 LR566.420,genuina,discrepan,1,ruido blanco (Q): p mínimo = 0.0340; estacionalidad en los r,0,0,0,1,2,2
AR(1) 0.95,1,13,2,1,—,,—,∇^3 θ̂+0.9966 LR0.001,cancela,θ̂-0.3140 LR-0.139,cancelada,sin par,1,estacionalidad en los residuos (p = 0.0345),0,1,1,1,2,2
AR(1) 0.95,1,15,0,1,SF,raíz,—,∇^1 θ̂-0.0001 LR438.936,genuina,—,,—,1,ruido blanco (Q): p mínimo = 0.0000; media residual distinta,0,0,1,2,2,2
AR(1) 0.95,1,15,1,1,SF,raíz,—,∇^2 θ̂-0.7957 LR5.380,genuina,θ̂+0.1600 LR443.968,genuina,—,0,,0,0,1,2,2,2
AR(1) 0.95,1,15,2,1,—,,—,∇^3 θ̂+1.0000 LR0.000,cancela,θ̂-0.7957 LR5.380,genuina,sin par,0,,1,0,1,2,2,2
AR(1) 0.95,1,16,0,1,SF,raíz,—,∇^1 θ̂-0.0173 LR507.252,genuina,—,,—,1,ruido blanco (Q): p mínimo = 0.0000; normalidad (JB): 14.711,0,0,1,2,2,2
AR(1) 0.95,1,16,1,1,SF,raíz,—,∇^2 θ̂+1.0000 LR0.000,cancela,θ̂-0.0173 LR507.252,genuina,discrepan,0,,0,0,1,2,2,2
AR(1) 0.95,1,16,2,1,—,,—,∇^3 θ̂+1.0000 LR0.000,cancela,θ̂-0.4865 LR-1.978,cancelada,sin par,0,,1,1,1,2,2,2
AR(1) 0.95,1,14,0,1,SF,raíz,—,∇^1 θ̂-0.0001 LR542.949,genuina,—,,—,1,ruido blanco (Q): p mínimo = 0.0000; media residual distinta,0,0,1,2,2,2
AR(1) 0.95,1,14,1,1,SF,raíz,—,∇^2 θ̂+0.9554 LR1.140,cancela,θ̂+0.1427 LR547.481,genuina,discrepan,0,,0,0,0,2,2,2
AR(1) 0.95,1,14,2,1,—,,—,∇^3 θ̂+1.0000 LR0.000,cancela,θ̂-0.2868 LR4.522,genuina,sin par,0,,1,0,1,2,2,2
AR(1) 0.95,1,17,0,1,SF,raíz,—,∇^1 θ̂-0.1508 LR397.341,genuina,—,,—,1,ruido blanco (Q): p mínimo = 0.0000,0,0,1,1,1,2
AR(1) 0.95,1,17,1,1,SF,estac.,—,∇^2 θ̂+1.0000 LR-0.000,cancela,θ̂-0.1508 LR397.341,genuina,coinciden,0,,1,0,1,1,1,2
AR(1) 0.95,1,17,2,1,SF,estac.,—,∇^3 θ̂+1.0000 LR-0.000,cancela,θ̂-0.2235 LR-2.041,cancelada,coinciden,0,,1,1,1,1,1,2
AR(1) 0.95,1,20,0,1,SF,raíz,—,∇^1 θ̂-0.1300 LR321.000,genuina,—,,—,1,ruido blanco (Q): p mínimo = 0.0000; normalidad (JB): 14.123,0,0,1,1,1,2
AR(1) 0.95,1,20,1,1,SF,estac.,—,∇^2 θ̂+1.0000 LR-0.000,cancela,θ̂-0.1300 LR321.000,genuina,coinciden,0,,1,0,1,1,1,2
AR(1) 0.95,1,20,2,1,SF,estac.,—,∇^3 θ̂+1.0000 LR-0.000,cancela,θ̂-0.1786 LR-7.030,cancelada,coinciden,0,,1,1,1,1,1,2
AR(1) 0.95,1,19,0,1,SF,raíz,—,∇^1 θ̂-0.0505 LR605.005,genuina,—,,—,1,"ruido blanco (Q): p mínimo = 0.0000; normalidad (JB): 6.091,",0,0,1,1,2,1
AR(1) 0.95,1,19,1,1,SF,raíz,—,∇^2 θ̂+1.0000 LR-0.000,cancela,θ̂-0.0505 LR605.005,genuina,discrepan,0,,0,0,1,1,2,1
AR(1) 0.95,1,19,2,1,SF,estac.,—,∇^3 θ̂+1.0000 LR0.000,cancela,θ̂-0.0554 LR-9.379,cancelada,coinciden,0,,1,1,1,1,2,1
AR(1) 0.95,1,21,0,1,SF,raíz,—,∇^1 θ̂-0.1043 LR279.687,genuina,—,,—,1,ruido blanco (Q): p mínimo = 0.0000; media residual distinta,0,0,1,1,1,1
AR(1) 0.95,1,21,1,1,SF,estac.,—,∇^2 θ̂+1.0000 LR-0.000,cancela,θ̂-0.1043 LR279.687,genuina,coinciden,1,"normalidad (JB): 8.177, p = 0.0168",0,0,1,1,1,1
AR(1) 0.95,1,21,2,1,SF,estac.,—,∇^3 θ̂+1.0000 LR-0.000,cancela,θ̂+1.0000 LR-0.000,cancelada,coinciden,1,"normalidad (JB): 9.787, p = 0.0075",0,0,0,1,1,1
AR(1) 0.95,1,18,0,1,SF,raíz,—,∇^1 θ̂+0.0496 LR450.931,genuina,—,,coinciden,1,ruido blanco (Q): p mínimo = 0.0000,0,0,0,2,2,2
AR(1) 0.95,1,18,1,1,SF,raíz,—,∇^2 θ̂+0.9938 LR0.015,cancela,θ̂+0.0496 LR450.931,genuina,discrepan,0,,0,0,0,2,2,2
AR(1) 0.95,1,18,2,1,—,,—,∇^3 θ̂+1.0000 LR0.000,cancela,θ̂-0.0001 LR-1.892,cancelada,sin par,0,,1,1,1,2,2,2
AR(1) 0.95,1,23,0,1,SF,raíz,—,∇^1 θ̂-0.0087 LR409.117,genuina,—,,—,1,ruido blanco (Q): p mínimo = 0.0000; media residual distinta,0,0,1,1,2,2
AR(1) 0.95,1,23,1,1,SF,raíz,—,∇^2 θ̂+0.9926 LR0.028,cancela,θ̂-0.0087 LR409.117,genuina,discrepan,0,,0,0,1,1,2,2
AR(1) 0.95,1,23,2,1,—,,—,∇^3 θ̂+1.0000 LR-0.000,cancela,θ̂+0.9926 LR0.028,cancelada,sin par,0,,1,0,0,1,2,2
AR(1) 0.95,1,24,0,1,SF,raíz,—,∇^1 θ̂-0.0001 LR445.956,genuina,—,,—,1,ruido blanco (Q): p mínimo = 0.0000; normalidad (JB): 12.305,0,0,1,2,2,1
AR(1) 0.95,1,24,1,1,SF,raíz,—,∇^2 θ̂+0.9454 LR4.234,genuina,θ̂+0.1119 LR448.106,genuina,coinciden,0,,0,0,0,2,2,1
AR(1) 0.95,1,24,2,1,—,,—,∇^3 θ̂+1.0000 LR0.000,cancela,θ̂+0.9454 LR4.234,genuina,sin par,0,,1,0,0,2,2,1
AR(1) 0.95,1,25,0,1,SF,raíz,—,∇^1 θ̂-0.0042 LR463.818,genuina,—,,—,1,ruido blanco (Q): p mínimo = 0.0000; media residual distinta,0,0,1,1,2,1
AR(1) 0.95,1,25,1,1,SF,raíz,—,∇^2 θ̂+0.8403 LR-0.174,cancela,θ̂-0.0042 LR463.818,genuina,discrepan,0,,0,1,1,1,2,1
AR(1) 0.95,1,25,2,1,—,,—,∇^3 θ̂+1.0000 LR-0.000,cancela,θ̂+0.8403 LR-0.174,cancelada,sin par,0,,1,1,0,1,2,1
AR(1) 0.95,1,22,0,1,SF,raíz,—,∇^1 θ̂+0.0998 LR278.559,genuina,—,,coinciden,1,ruido blanco (Q): p mínimo = 0.0000,0,0,0,1,1,2
AR(1) 0.95,1,22,1,1,SF,estac.,—,∇^2 θ̂+0.7750 LR0.851,cancela,θ̂+0.0998 LR278.559,genuina,coinciden,0,,1,0,0,1,1,2
AR(1) 0.95,1,22,2,1,—,,—,∇^3 θ̂+1.0000 LR0.000,cancela,θ̂+0.7750 LR0.851,cancelada,sin par,0,,1,0,0,1,1,2
AR(1) 0.95,1,27,0,1,SF,raíz,—,∇^1 θ̂-0.0664 LR316.717,genuina,—,,—,1,ruido blanco (Q): p mínimo = 0.0000; normalidad (JB): 20.909,0,0,1,1,2,2
AR(1) 0.95,1,27,1,1,SF,estac.,—,∇^2 θ̂+1.0000 LR0.000,cancela,θ̂-0.0664 LR316.717,genuina,coinciden,0,,1,0,1,1,2,2
AR(1) 0.95,1,27,2,1,SF,estac.,—,∇^3 θ̂+1.0000 LR0.000,cancela,θ̂+1.0000 LR-0.000,cancelada,coinciden,0,,1,0,0,1,2,2
AR(1) 0.95,1,28,0,1,SF,raíz,—,∇^1 θ̂-0.0919 LR585.598,genuina,—,,—,1,ruido blanco (Q): p mínimo = 0.0000; normalidad (JB): 18.320,0,0,1,2,2,2
AR(1) 0.95,1,28,1,1,SF,raíz,—,∇^2 θ̂+0.9124 LR1.561,cancela,θ̂-0.0919 LR585.598,genuina,discrepan,0,,0,0,1,2,2,2
AR(1) 0.95,1,28,2,1,SF,estac.,—,∇^3 θ̂+1.0000 LR-0.000,cancela,θ̂+0.9124 LR1.561,cancelada,coinciden,0,,1,0,0,2,2,2
AR(1) 0.95,1,26,0,1,SF,raíz,—,∇^1 θ̂-0.0001 LR376.027,genuina,—,,—,1,ruido blanco (Q): p mínimo = 0.0000,0,0,1,1,2,2
AR(1) 0.95,1,26,1,1,SF,estac.,—,∇^2 θ̂+0.6953 LR1.002,cancela,θ̂+0.0586 LR376.451,genuina,coinciden,0,,1,0,0,1,2,2
AR(1) 0.95,1,26,2,1,—,,—,∇^3 θ̂+1.0000 LR-0.000,cancela,θ̂+0.6953 LR1.002,cancelada,sin par,0,,1,0,0,1,2,2
AR(1) 0.95,1,29,0,1,SF,raíz,—,∇^1 θ̂-0.1603 LR556.704,genuina,—,,—,1,ruido blanco (Q): p mínimo = 0.0000; media residual distinta,0,0,1,1,2,2
AR(1) 0.95,1,29,1,1,SF,raíz,—,∇^2 θ̂+1.0000 LR-0.000,cancela,θ̂-0.1603 LR556.704,genuina,discrepan,1,ruido blanco (Q): p mínimo = 0.0152,0,0,1,1,2,2
AR(1) 0.95,1,29,2,1,SF,estac.,—,∇^3 θ̂+1.0000 LR-0.000,cancela,θ̂-0.3374 LR0.823,cancelada,coinciden,1,ruido blanco (Q): p mínimo = 0.0240,0,0,1,1,2,2
AR(1) 0.95,1,32,0,1,SF,raíz,—,∇^1 θ̂-0.0770 LR425.823,genuina,—,,—,1,ruido blanco (Q): p mínimo = 0.0000; media residual distinta,0,0,1,1,1,0
AR(1) 0.95,1,32,1,1,SF,raíz,—,∇^2 θ̂+1.0000 LR0.000,cancela,θ̂-0.0770 LR425.823,genuina,discrepan,1,ruido blanco (Q): p mínimo = 0.0116,0,0,1,1,1,0
AR(1) 0.95,1,32,2,1,SF,estac.,—,∇^3 θ̂+1.0000 LR-0.000,cancela,θ̂-0.9238 LR-0.998,cancelada,coinciden,1,ruido blanco (Q): p mínimo = 0.0105,0,1,1,1,1,0
AR(1) 0.95,1,30,0,1,SF,raíz,—,∇^1 θ̂+0.0564 LR368.527,genuina,—,,coinciden,1,ruido blanco (Q): p mínimo = 0.0000; media residual distinta,0,0,0,1,2,2
AR(1) 0.95,1,30,1,1,SF,estac.,—,∇^2 θ̂+0.6285 LR-1.629,cancela,θ̂+0.0564 LR368.527,genuina,coinciden,0,,1,1,0,1,2,2
AR(1) 0.95,1,30,2,1,—,,—,∇^3 θ̂+1.0000 LR-0.000,cancela,θ̂+0.6285 LR-1.629,cancelada,sin par,0,,1,1,0,1,2,2
AR(1) 0.95,1,31,0,1,SF,raíz,—,∇^1 θ̂-0.0001 LR365.270,genuina,—,,—,1,ruido blanco (Q): p mínimo = 0.0000; normalidad (JB): 33.710,0,0,1,0,2,1
AR(1) 0.95,1,31,1,1,SF,estac.,—,∇^2 θ̂+0.9820 LR0.577,cancela,θ̂+0.0062 LR365.276,genuina,coinciden,0,,1,0,0,0,2,1
AR(1) 0.95,1,31,2,1,—,,—,∇^3 θ̂+1.0000 LR-0.000,cancela,θ̂+0.9820 LR0.577,cancelada,sin par,0,,1,0,0,0,2,1
AR(1) 0.95,1,33,0,1,SF,raíz,—,∇^1 θ̂-0.0001 LR412.755,genuina,—,,—,1,ruido blanco (Q): p mínimo = 0.0000; media residual distinta,0,0,1,1,1,2
AR(1) 0.95,1,33,1,1,SF,estac.,—,∇^2 θ̂+1.0000 LR0.000,cancela,θ̂+0.0075 LR412.764,genuina,coinciden,0,,1,0,0,1,1,2
AR(1) 0.95,1,33,2,1,—,,—,∇^3 θ̂+1.0000 LR-0.000,cancela,θ̂+1.0000 LR-0.000,cancelada,sin par,0,,1,0,0,1,1,2
AR(1) 0.95,1,34,0,1,SF,raíz,—,∇^1 θ̂-0.0536 LR426.794,genuina,—,,—,1,ruido blanco (Q): p mínimo = 0.0000; normalidad (JB): 11.779,0,0,1,1,2,0
AR(1) 0.95,1,34,1,1,SF,raíz,—,∇^2 θ̂+1.0000 LR0.000,cancela,θ̂-0.0536 LR426.794,genuina,discrepan,0,,0,0,1,1,2,0
AR(1) 0.95,1,34,2,1,SF,estac.,—,∇^3 θ̂+1.0000 LR-0.000,cancela,θ̂-0.1169 LR-2.995,cancelada,coinciden,0,,1,1,1,1,2,0
AR(1) 0.95,1,35,0,1,SF,raíz,—,∇^1 θ̂-0.0162 LR446.694,genuina,—,,—,1,ruido blanco (Q): p mínimo = 0.0000; media residual distinta,0,0,1,1,1,2
AR(1) 0.95,1,35,1,1,SF,raíz,—,∇^2 θ̂+1.0000 LR0.000,cancela,θ̂-0.0162 LR446.694,genuina,discrepan,0,,0,0,1,1,1,2
AR(1) 0.95,1,35,2,1,—,,—,∇^3 θ̂+1.0000 LR-0.000,cancela,θ̂+0.0676 LR-2.188,cancelada,sin par,0,,1,1,0,1,1,2
AR(1) 0.95,1,36,0,1,SF,raíz,—,∇^1 θ̂+0.0770 LR447.878,genuina,—,,coinciden,1,ruido blanco (Q): p mínimo = 0.0000; normalidad (JB): 13.442,0,0,0,2,2,2
AR(1) 0.95,1,36,1,1,SF,raíz,—,∇^2 θ̂+0.9910 LR0.045,cancela,θ̂+0.0770 LR447.878,genuina,discrepan,0,,0,0,0,2,2,2
AR(1) 0.95,1,36,2,1,—,,—,∇^3 θ̂+1.0000 LR-0.000,cancela,θ̂-0.2300 LR-0.929,cancelada,sin par,0,,1,1,1,2,2,2
AR(1) 0.95,1,37,0,1,SF,raíz,—,∇^1 θ̂+0.0089 LR420.709,genuina,—,,coinciden,1,ruido blanco (Q): p mínimo = 0.0000; normalidad (JB): 16.042,0,0,0,0,2,0
AR(1) 0.95,1,37,1,1,SF,estac.,—,∇^2 θ̂+0.7358 LR0.708,cancela,θ̂+0.0089 LR420.709,genuina,coinciden,0,,1,0,0,0,2,0
AR(1) 0.95,1,37,2,1,—,,—,∇^3 θ̂+1.0000 LR-0.000,cancela,θ̂+0.7358 LR0.708,cancelada,sin par,0,,1,0,0,0,2,0
AR(1) 0.95,1,38,0,1,SF,raíz,—,∇^1 θ̂-0.0579 LR436.086,genuina,—,,—,1,ruido blanco (Q): p mínimo = 0.0000,0,0,1,2,2,2
AR(1) 0.95,1,38,1,1,SF,raíz,—,∇^2 θ̂+0.9876 LR0.123,cancela,θ̂-0.0579 LR436.086,genuina,discrepan,1,estacionalidad en los residuos (p = 0.0202),0,0,1,2,2,2
AR(1) 0.95,1,38,2,1,SF,estac.,—,∇^3 θ̂+1.0000 LR0.000,cancela,θ̂+0.2506 LR-2.397,cancelada,coinciden,1,estacionalidad en los residuos (p = 0.0201),0,1,0,2,2,2
AR(1) 0.95,1,39,0,1,SF,raíz,—,∇^1 θ̂-0.0001 LR527.000,genuina,—,,—,1,ruido blanco (Q): p mínimo = 0.0000; media residual distinta,0,0,1,2,2,2
AR(1) 0.95,1,39,1,1,SF,raíz,—,∇^2 θ̂+1.0000 LR-0.000,cancela,θ̂+0.0247 LR527.113,genuina,discrepan,0,,0,0,0,2,2,2
AR(1) 0.95,1,39,2,1,—,,—,∇^3 θ̂+1.0000 LR0.000,cancela,θ̂+1.0000 LR-0.000,cancelada,sin par,0,,1,0,0,2,2,2
AR(1) 0.95,1,40,0,1,SF,raíz,—,∇^1 θ̂-0.0466 LR535.867,genuina,—,,—,1,"ruido blanco (Q): p mínimo = 0.0000; normalidad (JB): 6.586,",0,0,1,1,2,2
AR(1) 0.95,1,40,1,1,SF,raíz,—,∇^2 θ̂+1.0000 LR-0.000,cancela,θ̂-0.0466 LR535.867,genuina,discrepan,0,,0,0,1,1,2,2
AR(1) 0.95,1,40,2,1,SF,estac.,—,∇^3 θ̂+1.0000 LR0.000,cancela,θ̂-0.7063 LR-2.972,cancelada,coinciden,0,,1,1,1,1,2,2
AR(1) 0.95,1,41,0,1,SF,raíz,—,∇^1 θ̂-0.0726 LR446.513,genuina,—,,—,1,ruido blanco (Q): p mínimo = 0.0000; normalidad (JB): 87.796,0,0,1,1,2,2
AR(1) 0.95,1,41,1,1,SF,raíz,—,∇^2 θ̂+1.0000 LR-0.000,cancela,θ̂-0.0726 LR446.513,genuina,discrepan,0,,0,0,1,1,2,2
AR(1) 0.95,1,41,2,1,SF,estac.,—,∇^3 θ̂+1.0000 LR0.000,cancela,θ̂-0.5762 LR-1.618,cancelada,coinciden,0,,1,1,1,1,2,2
AR(1) 0.95,1,42,0,1,SF,raíz,—,∇^1 θ̂-0.0001 LR386.353,genuina,—,,—,1,ruido blanco (Q): p mínimo = 0.0000; normalidad (JB): 10.724,0,0,1,1,2,2
AR(1) 0.95,1,42,1,1,SF,estac.,—,∇^2 θ̂+0.9833 LR0.383,cancela,θ̂+0.0664 LR387.063,genuina,coinciden,0,,1,0,0,1,2,2
AR(1) 0.95,1,42,2,1,—,,—,∇^3 θ̂+1.0000 LR-0.000,cancela,θ̂+0.9833 LR0.383,cancelada,sin par,0,,1,0,0,1,2,2
AR(1) 0.95,1,43,0,1,SF,raíz,—,∇^1 θ̂-0.0096 LR527.795,genuina,—,,—,1,ruido blanco (Q): p mínimo = 0.0000; normalidad (JB): 12.407,0,0,1,1,2,2
AR(1) 0.95,1,43,1,1,SF,raíz,—,∇^2 θ̂+1.0000 LR0.000,cancela,θ̂-0.0096 LR527.795,genuina,discrepan,0,,0,0,1,1,2,2
AR(1) 0.95,1,43,2,1,—,,—,∇^3 θ̂+1.0000 LR-0.000,cancela,θ̂-0.3857 LR-2.773,cancelada,sin par,0,,1,1,1,1,2,2
AR(1) 0.95,1,44,0,1,SF,raíz,—,∇^1 θ̂-0.0623 LR451.044,genuina,—,,—,1,"ruido blanco (Q): p mínimo = 0.0000; normalidad (JB): 7.076,",0,0,1,1,1,2
AR(1) 0.95,1,44,1,1,SF,raíz,—,∇^2 θ̂+1.0000 LR-0.000,cancela,θ̂-0.0623 LR451.044,genuina,discrepan,0,,0,0,1,1,1,2
AR(1) 0.95,1,44,2,1,SF,estac.,—,∇^3 θ̂+1.0000 LR-0.000,cancela,θ̂-0.2028 LR-3.415,cancelada,coinciden,0,,1,1,1,1,1,2
AR(1) 0.95,1,45,0,1,SF,raíz,—,∇^1 θ̂-0.0255 LR447.972,genuina,—,,—,1,ruido blanco (Q): p mínimo = 0.0000; media residual distinta,0,0,1,1,2,2
AR(1) 0.95,1,45,1,1,SF,raíz,—,∇^2 θ̂+0.9820 LR0.473,cancela,θ̂-0.0255 LR447.972,genuina,discrepan,0,,0,0,1,1,2,2
AR(1) 0.95,1,45,2,1,SF,estac.,—,∇^3 θ̂+1.0000 LR0.000,cancela,θ̂+0.1434 LR-2.735,cancelada,coinciden,0,,1,1,0,1,2,2
AR(1) 0.95,1,46,0,1,SF,raíz,—,∇^1 θ̂-0.1174 LR505.582,genuina,—,,—,1,ruido blanco (Q): p mínimo = 0.0000; normalidad (JB): 10.450,0,0,1,2,2,2
AR(1) 0.95,1,46,1,1,SF,raíz,—,∇^2 θ̂+0.0473 LR-0.515,cancela,θ̂-0.1174 LR505.582,genuina,discrepan,0,,0,1,1,2,2,2
AR(1) 0.95,1,46,2,1,SF,estac.,—,∇^3 θ̂+1.0000 LR-0.000,cancela,θ̂+0.0472 LR-0.515,cancelada,coinciden,0,,1,1,0,2,2,2
AR(1) 0.95,1,48,0,1,SF,raíz,—,∇^1 θ̂-0.0461 LR502.916,genuina,—,,—,1,"ruido blanco (Q): p mínimo = 0.0000; normalidad (JB): 9.166,",0,0,1,2,2,1
AR(1) 0.95,1,48,1,1,SF,raíz,—,∇^2 θ̂+0.9714 LR0.654,cancela,θ̂-0.0461 LR502.916,genuina,discrepan,0,,0,0,1,2,2,1
AR(1) 0.95,1,48,2,1,SF,estac.,—,∇^3 θ̂+1.0000 LR0.000,cancela,θ̂+0.4456 LR-1.597,cancelada,coinciden,0,,1,1,0,2,2,1
AR(1) 0.95,1,47,0,1,SF,raíz,—,∇^1 θ̂-0.0858 LR509.627,genuina,—,,—,1,ruido blanco (Q): p mínimo = 0.0000; media residual distinta,0,0,1,1,1,2
AR(1) 0.95,1,47,1,1,SF,raíz,—,∇^2 θ̂+1.0000 LR-0.000,cancela,θ̂-0.0858 LR509.627,genuina,discrepan,0,,0,0,1,1,1,2
AR(1) 0.95,1,47,2,1,SF,estac.,—,∇^3 θ̂+1.0000 LR-0.000,cancela,θ̂+0.2072 LR-1.771,cancelada,coinciden,0,,1,1,0,1,1,2
AR(1) 0.95,1,49,0,1,SF,raíz,—,∇^1 θ̂-0.0920 LR586.533,genuina,—,,—,1,ruido blanco (Q): p mínimo = 0.0000; media residual distinta,0,0,1,1,1,2
AR(1) 0.95,1,49,1,1,SF,raíz,—,∇^2 θ̂-0.7448 LR-0.658,cancela,θ̂-0.0920 LR586.533,genuina,—,0,,0,1,1,1,1,2
AR(1) 0.95,1,49,2,1,SF,estac.,—,∇^3 θ̂+1.0000 LR-0.000,cancela,θ̂-0.7448 LR-0.658,cancelada,coinciden,0,,1,1,1,1,1,2
AR(1) 0.98,1,0,0,1,SF,raíz,—,∇^1 θ̂-0.0001 LR481.625,genuina,—,,—,1,ruido blanco (Q): p mínimo = 0.0000; media residual distinta,0,0,1,1,2,2
AR(1) 0.98,1,0,1,1,SF,raíz,—,∇^2 θ̂+0.9941 LR0.013,cancela,θ̂+0.0223 LR481.718,genuina,discrepan,0,,0,0,0,1,2,2
AR(1) 0.98,1,0,2,1,—,,—,∇^3 θ̂+1.0000 LR0.000,cancela,θ̂+0.9941 LR0.013,cancelada,sin par,0,,1,0,0,1,2,2
AR(1) 0.98,1,3,0,1,SF,raíz,—,∇^1 θ̂-0.0252 LR692.662,genuina,—,,—,1,ruido blanco (Q): p mínimo = 0.0000; media residual distinta,0,0,1,1,1,2
AR(1) 0.98,1,3,1,1,SF,raíz,—,∇^2 θ̂+0.6690 LR-1.551,cancela,θ̂-0.0252 LR692.663,genuina,discrepan,0,,0,1,1,1,1,2
AR(1) 0.98,1,3,2,1,SF,estac.,—,∇^3 θ̂+1.0000 LR-0.000,cancela,θ̂+0.6690 LR-1.551,cancelada,coinciden,0,,1,1,0,1,1,2
AR(1) 0.98,1,1,0,1,SF,raíz,—,∇^1 θ̂-0.0001 LR483.300,genuina,—,,—,1,ruido blanco (Q): p mínimo = 0.0000; media residual distinta,0,0,1,1,2,2
AR(1) 0.98,1,1,1,1,SF,raíz,—,∇^2 θ̂+1.0000 LR0.000,cancela,θ̂+0.1715 LR489.573,genuina,discrepan,1,ruido blanco (Q): p mínimo = 0.0000,0,0,0,1,2,2
AR(1) 0.98,1,1,2,1,—,,—,∇^3 θ̂+1.0000 LR-0.000,cancela,θ̂-0.4589 LR6.333,genuina,sin par,0,,1,0,1,1,2,2
AR(1) 0.98,1,2,0,1,SF,raíz,—,∇^1 θ̂-0.0712 LR579.732,genuina,—,,—,1,ruido blanco (Q): p mínimo = 0.0000; media residual distinta,0,0,1,2,2,2
AR(1) 0.98,1,2,1,1,SF,raíz,—,∇^2 θ̂+0.8960 LR0.562,cancela,θ̂-0.0712 LR579.732,genuina,discrepan,0,,0,0,1,2,2,2
AR(1) 0.98,1,2,2,1,SF,estac.,—,∇^3 θ̂+0.9917 LR0.064,cancela,θ̂-0.5988 LR0.525,cancelada,coinciden,0,,1,0,1,2,2,2
AR(1) 0.98,1,4,0,1,SF,raíz,—,∇^1 θ̂-0.1032 LR779.346,genuina,—,,—,1,ruido blanco (Q): p mínimo = 0.0000; normalidad (JB): 10.164,0,0,1,2,2,2
AR(1) 0.98,1,4,1,1,SF,raíz,—,∇^2 θ̂+1.0000 LR-0.000,cancela,θ̂-0.1032 LR779.346,genuina,discrepan,0,,0,0,1,2,2,2
AR(1) 0.98,1,4,2,1,SF,estac.,—,∇^3 θ̂+1.0000 LR0.000,cancela,θ̂-0.2948 LR1.044,cancelada,coinciden,0,,1,0,1,2,2,2
AR(1) 0.98,1,5,0,1,SF,raíz,—,∇^1 θ̂-0.0001 LR490.171,genuina,—,,—,1,ruido blanco (Q): p mínimo = 0.0000; media residual distinta,0,0,1,1,2,1
AR(1) 0.98,1,5,1,1,SF,raíz,—,∇^2 θ̂+0.9825 LR0.346,cancela,θ̂+0.0356 LR490.394,genuina,discrepan,0,,0,0,0,1,2,1
AR(1) 0.98,1,5,2,1,—,,—,∇^3 θ̂+1.0000 LR0.000,cancela,θ̂+0.9825 LR0.346,cancelada,sin par,0,,1,0,0,1,2,1
AR(1) 0.98,1,6,0,1,SF,raíz,—,∇^1 θ̂-0.0451 LR517.790,genuina,—,,—,1,ruido blanco (Q): p mínimo = 0.0000; normalidad (JB): 10.948,0,0,1,2,2,2
AR(1) 0.98,1,6,1,1,SF,raíz,—,∇^2 θ̂+1.0000 LR0.000,cancela,θ̂-0.0451 LR517.790,genuina,discrepan,1,"normalidad (JB): 8.302, p = 0.0157",0,0,1,2,2,2
AR(1) 0.98,1,6,2,1,SF,estac.,—,∇^3 θ̂+1.0000 LR-0.000,cancela,θ̂-0.9964 LR-2.282,cancelada,coinciden,1,"normalidad (JB): 6.034, p = 0.0490",0,1,1,2,2,2
AR(1) 0.98,1,7,0,1,SF,raíz,—,∇^1 θ̂-0.0001 LR607.022,genuina,—,,—,1,"ruido blanco (Q): p mínimo = 0.0000; normalidad (JB): 8.641,",0,0,1,2,2,2
AR(1) 0.98,1,7,1,1,SF,raíz,—,∇^2 θ̂+0.3698 LR4.070,genuina,θ̂+0.1418 LR610.580,genuina,coinciden,0,,0,0,0,2,2,2
AR(1) 0.98,1,7,2,1,—,,—,∇^3 θ̂+1.0000 LR0.000,cancela,θ̂+0.3698 LR4.070,genuina,sin par,0,,1,0,0,2,2,2
AR(1) 0.98,1,8,0,1,SF,raíz,—,∇^1 θ̂-0.0001 LR599.279,genuina,—,,—,1,ruido blanco (Q): p mínimo = 0.0000; media residual distinta,0,0,1,1,1,2
AR(1) 0.98,1,8,1,1,SF,raíz,—,∇^2 θ̂+1.0000 LR-0.000,cancela,θ̂+0.0396 LR599.619,genuina,discrepan,0,,0,0,0,1,1,2
AR(1) 0.98,1,8,2,1,—,,—,∇^3 θ̂+0.9915 LR0.031,cancela,θ̂-0.8169 LR2.529,genuina,sin par,0,,1,0,1,1,1,2
AR(1) 0.98,1,9,0,1,SF,raíz,—,∇^1 θ̂-0.0001 LR442.050,genuina,—,,—,1,ruido blanco (Q): p mínimo = 0.0000; media residual distinta,0,0,1,1,2,2
AR(1) 0.98,1,9,1,1,SF,raíz,—,∇^2 θ̂+0.9893 LR0.116,cancela,θ̂+0.0257 LR442.150,genuina,discrepan,1,"normalidad (JB): 12.173, p = 0.0023; media residual distinta",0,0,0,1,2,2
AR(1) 0.98,1,9,2,1,—,,—,∇^3 θ̂+1.0000 LR0.000,cancela,θ̂+0.9893 LR0.116,cancelada,sin par,1,"normalidad (JB): 10.553, p = 0.0051",0,0,0,1,2,2
AR(1) 0.98,1,10,0,1,SF,raíz,—,∇^1 θ̂-0.0421 LR743.059,genuina,—,,—,1,ruido blanco (Q): p mínimo = 0.0000; normalidad (JB): 10.737,0,0,1,2,2,2
AR(1) 0.98,1,10,1,1,SF,raíz,—,∇^2 θ̂+1.0000 LR-0.000,cancela,θ̂-0.0421 LR743.059,genuina,discrepan,0,,0,0,1,2,2,2
AR(1) 0.98,1,10,2,1,SF,estac.,—,∇^3 θ̂+1.0000 LR0.000,cancela,θ̂+0.4399 LR1.408,cancelada,coinciden,0,,1,0,0,2,2,2
AR(1) 0.98,1,11,0,1,SF,raíz,—,∇^1 θ̂-0.1004 LR865.643,genuina,—,,—,1,"ruido blanco (Q): p mínimo = 0.0000; normalidad (JB): 8.160,",0,0,1,2,2,2
AR(1) 0.98,1,11,1,1,SF,raíz,—,∇^2 θ̂-0.6858 LR2.797,genuina,θ̂-0.1004 LR865.643,genuina,—,0,,0,0,1,2,2,2
AR(1) 0.98,1,11,2,1,SF,estac.,—,∇^3 θ̂+0.9854 LR0.390,cancela,θ̂-0.6858 LR2.797,genuina,coinciden,0,,1,0,1,2,2,2
AR(1) 0.98,1,12,0,1,SF,raíz,—,∇^1 θ̂-0.0297 LR685.924,genuina,—,,—,1,ruido blanco (Q): p mínimo = 0.0000; normalidad (JB): 10.735,0,0,1,2,2,2
AR(1) 0.98,1,12,1,1,SF,raíz,—,∇^2 θ̂+0.9079 LR1.581,cancela,θ̂-0.0297 LR685.924,genuina,discrepan,0,,0,0,1,2,2,2
AR(1) 0.98,1,12,2,1,SF,estac.,—,∇^3 θ̂+1.0000 LR-0.000,cancela,θ̂+0.9079 LR1.581,cancelada,coinciden,0,,1,0,0,2,2,2
AR(1) 0.98,1,13,0,1,SF,raíz,—,∇^1 θ̂-0.0001 LR541.737,genuina,—,,—,1,ruido blanco (Q): p mínimo = 0.0000; normalidad (JB): 13.619,0,0,1,2,2,2
AR(1) 0.98,1,13,1,1,SF,raíz,—,∇^2 θ̂+0.9582 LR1.448,cancela,θ̂+0.0161 LR541.785,genuina,discrepan,0,,0,0,0,2,2,2
AR(1) 0.98,1,13,2,1,—,,—,∇^3 θ̂+1.0000 LR-0.000,cancela,θ̂+0.9582 LR1.448,cancelada,sin par,0,,1,0,0,2,2,2
AR(1) 0.98,1,14,0,1,SF,raíz,—,∇^1 θ̂-0.0327 LR578.687,genuina,—,,—,1,ruido blanco (Q): p mínimo = 0.0000; media residual distinta,0,0,1,2,2,2
AR(1) 0.98,1,14,1,1,SF,raíz,—,∇^2 θ̂+0.9787 LR0.388,cancela,θ̂-0.0327 LR578.687,genuina,discrepan,0,,0,0,1,2,2,2
AR(1) 0.98,1,14,2,1,SF,estac.,—,∇^3 θ̂+1.0000 LR-0.000,cancela,θ̂+0.9787 LR0.388,cancelada,coinciden,0,,1,0,0,2,2,2
AR(1) 0.98,1,15,0,1,SF,raíz,—,∇^1 θ̂-0.1216 LR593.418,genuina,—,,—,1,"ruido blanco (Q): p mínimo = 0.0000; normalidad (JB): 6.106,",0,0,1,0,2,2
AR(1) 0.98,1,15,1,1,SF,raíz,—,∇^2 θ̂+0.3093 LR2.050,genuina,θ̂-0.1216 LR593.418,genuina,coinciden,1,ruido blanco (Q): p mínimo = 0.0392,0,0,1,0,2,2
AR(1) 0.98,1,15,2,1,SF,estac.,—,∇^3 θ̂+1.0000 LR-0.000,cancela,θ̂+0.3093 LR2.050,genuina,coinciden,0,,1,0,0,0,2,2
AR(1) 0.98,1,16,0,1,SF,raíz,—,∇^1 θ̂-0.0639 LR623.056,genuina,—,,—,1,ruido blanco (Q): p mínimo = 0.0000; normalidad (JB): 24.797,0,0,1,2,2,2
AR(1) 0.98,1,16,1,1,SF,raíz,—,∇^2 θ̂+1.0000 LR0.000,cancela,θ̂-0.0639 LR623.056,genuina,discrepan,0,,0,0,1,2,2,2
AR(1) 0.98,1,16,2,1,SF,estac.,—,∇^3 θ̂+0.9862 LR0.317,cancela,θ̂-0.8571 LR1.308,cancelada,coinciden,0,,1,0,1,2,2,2
AR(1) 0.98,1,17,0,1,SF,raíz,—,∇^1 θ̂-0.0343 LR512.169,genuina,—,,—,1,ruido blanco (Q): p mínimo = 0.0000,0,0,1,2,2,2
AR(1) 0.98,1,17,1,1,SF,raíz,—,∇^2 θ̂+0.6244 LR-1.129,cancela,θ̂-0.0343 LR512.169,genuina,discrepan,0,,0,1,1,2,2,2
AR(1) 0.98,1,17,2,1,SF,estac.,—,∇^3 θ̂+1.0000 LR0.000,cancela,θ̂+0.6244 LR-1.129,cancelada,coinciden,0,,1,1,0,2,2,2
AR(1) 0.98,1,19,0,1,SF,raíz,—,∇^1 θ̂-0.0001 LR635.481,genuina,—,,—,1,ruido blanco (Q): p mínimo = 0.0000; normalidad (JB): 19.424,0,0,1,2,2,0
AR(1) 0.98,1,19,1,1,SF,raíz,—,∇^2 θ̂+0.8157 LR3.127,genuina,θ̂+0.0298 LR635.630,genuina,coinciden,0,,0,0,0,2,2,0
AR(1) 0.98,1,19,2,1,—,,—,∇^3 θ̂+1.0000 LR-0.000,cancela,θ̂+0.8157 LR3.127,genuina,sin par,0,,1,0,0,2,2,0
AR(1) 0.98,1,18,0,1,SF,raíz,—,∇^1 θ̂-0.1783 LR646.874,genuina,—,,—,1,ruido blanco (Q): p mínimo = 0.0000,0,0,1,2,2,2
AR(1) 0.98,1,18,1,1,SF,raíz,—,∇^2 θ̂+0.2115 LR7.811,genuina,θ̂-0.1783 LR646.874,genuina,coinciden,1,ruido blanco (Q): p mínimo = 0.0101,0,0,1,2,2,2
AR(1) 0.98,1,18,2,1,SF,estac.,—,∇^3 θ̂+1.0000 LR-0.000,cancela,θ̂+0.2115 LR7.811,genuina,coinciden,0,,1,0,0,2,2,2
AR(1) 0.98,1,20,0,1,SF,raíz,—,∇^1 θ̂-0.0001 LR553.682,genuina,—,,—,1,"ruido blanco (Q): p mínimo = 0.0000; normalidad (JB): 9.070,",0,0,1,2,2,2
AR(1) 0.98,1,20,1,1,SF,raíz,—,∇^2 θ̂+0.9972 LR0.001,cancela,θ̂+0.0047 LR553.687,genuina,discrepan,0,,0,0,0,2,2,2
AR(1) 0.98,1,20,2,1,—,,—,∇^3 θ̂+1.0000 LR-0.000,cancela,θ̂-0.5598 LR-0.152,cancelada,sin par,0,,1,1,1,2,2,2
AR(1) 0.98,1,22,0,1,SF,raíz,—,∇^1 θ̂-0.0001 LR573.770,genuina,—,,—,1,ruido blanco (Q): p mínimo = 0.0000; normalidad (JB): 11.529,0,0,1,1,2,2
AR(1) 0.98,1,22,1,1,SF,raíz,—,∇^2 θ̂+0.9416 LR-0.245,cancela,θ̂+0.1323 LR576.595,genuina,discrepan,0,,0,1,0,1,2,2
AR(1) 0.98,1,22,2,1,—,,—,∇^3 θ̂+0.9869 LR0.234,cancela,θ̂-0.0001 LR2.154,genuina,sin par,0,,1,0,1,1,2,2
AR(1) 0.98,1,21,0,1,SF,raíz,—,∇^1 θ̂-0.0316 LR704.615,genuina,—,,—,1,ruido blanco (Q): p mínimo = 0.0000; normalidad (JB): 22.044,0,0,1,1,2,2
AR(1) 0.98,1,21,1,1,SF,raíz,—,∇^2 θ̂+1.0000 LR-0.000,cancela,θ̂-0.0316 LR704.615,genuina,discrepan,0,,0,0,1,1,2,2
AR(1) 0.98,1,21,2,1,SF,estac.,—,∇^3 θ̂+1.0000 LR-0.000,cancela,θ̂+0.0311 LR-1.031,cancelada,coinciden,0,,1,1,0,1,2,2
AR(1) 0.98,1,23,0,1,SF,raíz,—,∇^1 θ̂-0.0441 LR648.541,genuina,—,,—,1,"ruido blanco (Q): p mínimo = 0.0000; normalidad (JB): 7.321,",0,0,1,1,2,2
AR(1) 0.98,1,23,1,1,SF,raíz,—,∇^2 θ̂+1.0000 LR-0.000,cancela,θ̂-0.0441 LR648.541,genuina,discrepan,0,,0,0,1,1,2,2
AR(1) 0.98,1,23,2,1,SF,estac.,—,∇^3 θ̂+1.0000 LR-0.000,cancela,θ̂-0.9721 LR-0.909,cancelada,coinciden,0,,1,1,1,1,2,2
AR(1) 0.98,1,24,0,1,SF,raíz,—,∇^1 θ̂-0.0922 LR502.710,genuina,—,,—,1,ruido blanco (Q): p mínimo = 0.0000; normalidad (JB): 10.578,0,0,1,1,2,2
AR(1) 0.98,1,24,1,1,SF,raíz,—,∇^2 θ̂+1.0000 LR0.000,cancela,θ̂-0.0922 LR502.710,genuina,discrepan,0,,0,0,1,1,2,2
AR(1) 0.98,1,24,2,1,SF,estac.,—,∇^3 θ̂+1.0000 LR-0.000,cancela,θ̂-0.3924 LR-0.792,cancelada,coinciden,0,,1,1,1,1,2,2
AR(1) 0.98,1,25,0,1,SF,raíz,—,∇^1 θ̂-0.0309 LR530.067,genuina,—,,—,1,ruido blanco (Q): p mínimo = 0.0000; normalidad (JB): 13.012,0,0,1,1,2,2
AR(1) 0.98,1,25,1,1,SF,raíz,—,∇^2 θ̂+1.0000 LR-0.000,cancela,θ̂-0.0309 LR530.067,genuina,discrepan,0,,0,0,1,1,2,2
AR(1) 0.98,1,25,2,1,SF,estac.,—,∇^3 θ̂+1.0000 LR0.000,cancela,θ̂-0.3826 LR-1.914,cancelada,coinciden,0,,1,1,1,1,2,2
AR(1) 0.98,1,27,0,1,SF,raíz,—,∇^1 θ̂-0.0326 LR550.792,genuina,—,,—,1,"ruido blanco (Q): p mínimo = 0.0000; normalidad (JB): 8.253,",0,0,1,2,2,2
AR(1) 0.98,1,27,1,1,SF,raíz,—,∇^2 θ̂+0.4793 LR-1.218,cancela,θ̂-0.0327 LR550.792,genuina,discrepan,0,,0,1,1,2,2,2
AR(1) 0.98,1,27,2,1,SF,estac.,—,∇^3 θ̂+1.0000 LR0.000,cancela,θ̂+0.4793 LR-1.218,cancelada,coinciden,0,,1,1,0,2,2,2
AR(1) 0.98,1,26,0,1,SF,raíz,—,∇^1 θ̂-0.0999 LR466.755,genuina,—,,—,1,ruido blanco (Q): p mínimo = 0.0000; normalidad (JB): 39.102,0,0,1,2,2,2
AR(1) 0.98,1,26,1,1,SF,raíz,—,∇^2 θ̂+1.0000 LR-0.000,cancela,θ̂-0.0999 LR466.755,genuina,discrepan,0,,0,0,1,2,2,2
AR(1) 0.98,1,26,2,1,SF,estac.,—,∇^3 θ̂+1.0000 LR0.000,cancela,θ̂-0.7816 LR2.186,genuina,coinciden,0,,1,0,1,2,2,2
AR(1) 0.98,1,28,0,1,SF,raíz,—,∇^1 θ̂-0.0198 LR601.779,genuina,—,,—,1,ruido blanco (Q): p mínimo = 0.0000; normalidad (JB): 13.296,0,0,1,2,2,2
AR(1) 0.98,1,28,1,1,SF,raíz,—,∇^2 θ̂+0.9493 LR1.177,cancela,θ̂-0.0198 LR601.779,genuina,discrepan,0,,0,0,1,2,2,2
AR(1) 0.98,1,28,2,1,SF,estac.,—,∇^3 θ̂+1.0000 LR-0.000,cancela,θ̂+0.1484 LR-0.103,cancelada,coinciden,0,,1,1,0,2,2,2
AR(1) 0.98,1,30,0,1,SF,raíz,—,∇^1 θ̂-0.0420 LR602.580,genuina,—,,—,1,ruido blanco (Q): p mínimo = 0.0000; normalidad (JB): 12.978,0,0,1,2,2,2
AR(1) 0.98,1,30,1,1,SF,raíz,—,∇^2 θ̂+0.9524 LR0.528,cancela,θ̂-0.0420 LR602.580,genuina,discrepan,0,,0,0,1,2,2,2
AR(1) 0.98,1,30,2,1,SF,estac.,—,∇^3 θ̂+1.0000 LR-0.000,cancela,θ̂-0.8871 LR3.066,genuina,coinciden,0,,1,0,1,2,2,2
AR(1) 0.98,1,29,0,1,SF,raíz,—,∇^1 θ̂-0.0001 LR569.518,genuina,—,,—,1,ruido blanco (Q): p mínimo = 0.0000; normalidad (JB): 22.076,0,0,1,1,2,2
AR(1) 0.98,1,29,1,1,SF,raíz,—,∇^2 θ̂+0.9797 LR0.395,cancela,θ̂+0.0518 LR569.952,genuina,discrepan,0,,0,0,0,1,2,2
AR(1) 0.98,1,29,2,1,—,,—,∇^3 θ̂+1.0000 LR-0.000,cancela,θ̂+0.6204 LR0.165,cancelada,sin par,0,,1,0,0,1,2,2
AR(1) 0.98,1,31,0,1,SF,raíz,—,∇^1 θ̂-0.0001 LR745.671,genuina,—,,—,1,ruido blanco (Q): p mínimo = 0.0000; normalidad (JB): 19.201,0,0,1,2,2,2
AR(1) 0.98,1,31,1,1,SF,raíz,—,∇^2 θ̂+0.8401 LR-0.112,cancela,θ̂+0.0684 LR746.693,genuina,discrepan,0,,0,1,0,2,2,2
AR(1) 0.98,1,31,2,1,—,,—,∇^3 θ̂+1.0000 LR-0.000,cancela,θ̂-0.2769 LR1.439,cancelada,sin par,0,,1,0,1,2,2,2
AR(1) 0.98,1,32,0,1,SF,raíz,—,∇^1 θ̂-0.0001 LR530.207,genuina,—,,—,1,ruido blanco (Q): p mínimo = 0.0000; media residual distinta,0,0,1,1,2,2
AR(1) 0.98,1,32,1,1,SF,raíz,—,∇^2 θ̂+0.9871 LR0.140,cancela,θ̂+0.0252 LR530.320,genuina,discrepan,0,,0,0,0,1,2,2
AR(1) 0.98,1,32,2,1,—,,—,∇^3 θ̂+1.0000 LR0.000,cancela,θ̂+0.3171 LR-0.306,cancelada,sin par,0,,1,1,0,1,2,2
AR(1) 0.98,1,33,0,1,SF,raíz,—,∇^1 θ̂-0.0001 LR520.094,genuina,—,,—,1,"ruido blanco (Q): p mínimo = 0.0000; normalidad (JB): 9.870,",0,0,1,2,2,2
AR(1) 0.98,1,33,1,1,SF,raíz,—,∇^2 θ̂+0.7446 LR-0.105,cancela,θ̂+0.0419 LR520.447,genuina,discrepan,1,ruido blanco (Q): p mínimo = 0.0048,0,1,0,2,2,2
AR(1) 0.98,1,33,2,1,—,,—,∇^3 θ̂+1.0000 LR-0.000,cancela,θ̂-0.7816 LR2.923,genuina,sin par,1,ruido blanco (Q): p mínimo = 0.0081,0,0,1,2,2,2
AR(1) 0.98,1,34,0,1,SF,raíz,—,∇^1 θ̂-0.0001 LR698.964,genuina,—,,—,1,ruido blanco (Q): p mínimo = 0.0000; normalidad (JB): 14.292,0,0,1,2,2,2
AR(1) 0.98,1,34,1,1,SF,raíz,—,∇^2 θ̂+0.8854 LR0.617,cancela,θ̂+0.0167 LR699.015,genuina,discrepan,0,,0,0,0,2,2,2
AR(1) 0.98,1,34,2,1,—,,—,∇^3 θ̂+1.0000 LR0.000,cancela,θ̂+0.8854 LR0.617,cancelada,sin par,0,,1,0,0,2,2,2
AR(1) 0.98,1,35,0,1,SF,raíz,—,∇^1 θ̂-0.0501 LR542.020,genuina,—,,—,1,"ruido blanco (Q): p mínimo = 0.0000; normalidad (JB): 9.635,",0,0,1,2,2,2
AR(1) 0.98,1,35,1,1,SF,raíz,—,∇^2 θ̂+0.9571 LR1.608,cancela,θ̂-0.0501 LR542.020,genuina,discrepan,0,,0,0,1,2,2,2
AR(1) 0.98,1,35,2,1,SF,estac.,—,∇^3 θ̂+1.0000 LR-0.000,cancela,θ̂+0.9571 LR1.608,cancelada,coinciden,0,,1,0,0,2,2,2
AR(1) 0.98,1,36,0,1,SF,raíz,—,∇^1 θ̂-0.0001 LR707.233,genuina,—,,—,1,ruido blanco (Q): p mínimo = 0.0000; media residual distinta,0,0,1,1,2,2
AR(1) 0.98,1,36,1,1,SF,raíz,—,∇^2 θ̂+0.8818 LR3.298,genuina,θ̂+0.0162 LR707.269,genuina,coinciden,0,,0,0,0,1,2,2
AR(1) 0.98,1,36,2,1,—,,—,∇^3 θ̂+1.0000 LR-0.000,cancela,θ̂+0.8818 LR3.298,genuina,sin par,0,,1,0,0,1,2,2
AR(1) 0.98,1,37,0,1,SF,raíz,—,∇^1 θ̂-0.0001 LR588.611,genuina,—,,—,1,"ruido blanco (Q): p mínimo = 0.0000; normalidad (JB): 6.584,",0,0,1,1,1,2
AR(1) 0.98,1,37,1,1,SF,raíz,—,∇^2 θ̂+1.0000 LR-0.000,cancela,θ̂+0.0441 LR589.021,genuina,discrepan,0,,0,0,0,1,1,2
AR(1) 0.98,1,37,2,1,—,,—,∇^3 θ̂+1.0000 LR0.000,cancela,θ̂-0.2914 LR-4.253,cancelada,sin par,1,estacionalidad en los residuos (p = 0.0345),0,1,1,1,1,2
AR(1) 0.98,1,40,0,1,SF,raíz,—,∇^1 θ̂-0.0001 LR574.627,genuina,—,,—,1,ruido blanco (Q): p mínimo = 0.0000; media residual distinta,0,0,1,1,2,2
AR(1) 0.98,1,40,1,1,SF,raíz,—,∇^2 θ̂+1.0000 LR-0.000,cancela,θ̂-0.0001 LR574.627,genuina,discrepan,0,,0,0,1,1,2,2
AR(1) 0.98,1,40,2,1,—,,—,∇^3 θ̂+1.0000 LR-0.000,cancela,θ̂-0.0920 LR-1.703,cancelada,sin par,0,,1,1,1,1,2,2
AR(1) 0.98,1,38,0,1,SF,raíz,—,∇^1 θ̂-0.0682 LR501.144,genuina,—,,—,1,ruido blanco (Q): p mínimo = 0.0000; normalidad (JB): 14.798,0,0,1,2,2,2
AR(1) 0.98,1,38,1,1,SF,raíz,—,∇^2 θ̂+0.8739 LR4.338,genuina,θ̂-0.0682 LR501.144,genuina,coinciden,1,ruido blanco (Q): p mínimo = 0.0111; estacionalidad en los r,0,0,1,2,2,2
AR(1) 0.98,1,38,2,1,SF,estac.,—,∇^3 θ̂+1.0000 LR0.000,cancela,θ̂+0.8739 LR4.338,genuina,coinciden,1,ruido blanco (Q): p mínimo = 0.0089; estacionalidad en los r,0,0,0,2,2,2
AR(1) 0.98,1,39,0,1,SF,raíz,—,∇^1 θ̂-0.0001 LR502.163,genuina,—,,—,1,ruido blanco (Q): p mínimo = 0.0000; media residual distinta,0,0,1,1,2,2
AR(1) 0.98,1,39,1,1,SF,raíz,—,∇^2 θ̂+0.5110 LR-1.409,cancela,θ̂+0.1483 LR505.736,genuina,discrepan,0,,0,1,0,1,2,2
AR(1) 0.98,1,39,2,1,—,,—,∇^3 θ̂+1.0000 LR-0.000,cancela,θ̂+0.5110 LR-1.409,cancelada,sin par,0,,1,1,0,1,2,2
AR(1) 0.98,1,41,0,1,SF,raíz,—,∇^1 θ̂-0.0661 LR607.833,genuina,—,,—,1,"ruido blanco (Q): p mínimo = 0.0000; normalidad (JB): 8.926,",0,0,1,2,2,2
AR(1) 0.98,1,41,1,1,SF,raíz,—,∇^2 θ̂+0.9727 LR0.958,cancela,θ̂-0.0661 LR607.833,genuina,discrepan,0,,0,0,1,2,2,2
AR(1) 0.98,1,41,2,1,SF,estac.,—,∇^3 θ̂+1.0000 LR0.000,cancela,θ̂-0.5137 LR-0.348,cancelada,coinciden,0,,1,1,1,2,2,2
AR(1) 0.98,1,43,0,1,SF,raíz,—,∇^1 θ̂-0.0001 LR755.664,genuina,—,,—,1,ruido blanco (Q): p mínimo = 0.0000; normalidad (JB): 23.350,0,0,1,2,2,2
AR(1) 0.98,1,43,1,1,SF,raíz,—,∇^2 θ̂+0.9709 LR-0.074,cancela,θ̂-0.0001 LR755.664,genuina,discrepan,0,,0,1,1,2,2,2
AR(1) 0.98,1,43,2,1,—,,—,∇^3 θ̂+0.9913 LR0.040,cancela,θ̂-0.0003 LR0.042,cancelada,sin par,0,,1,0,1,2,2,2
AR(1) 0.98,1,42,0,1,SF,raíz,—,∇^1 θ̂-0.0910 LR619.681,genuina,—,,—,1,ruido blanco (Q): p mínimo = 0.0000; normalidad (JB): 11.395,0,0,1,2,2,1
AR(1) 0.98,1,42,1,1,SF,raíz,—,∇^2 θ̂+0.0137 LR0.817,cancela,θ̂-0.0910 LR619.681,genuina,discrepan,0,,0,0,1,2,2,1
AR(1) 0.98,1,42,2,1,SF,estac.,—,∇^3 θ̂+0.9805 LR0.401,cancela,θ̂+0.0138 LR0.817,cancelada,coinciden,0,,1,0,0,2,2,1
AR(1) 0.98,1,44,0,1,SF,raíz,—,∇^1 θ̂-0.0001 LR587.252,genuina,—,,—,1,"ruido blanco (Q): p mínimo = 0.0000; normalidad (JB): 8.296,",0,0,1,2,2,2
AR(1) 0.98,1,44,1,1,SF,raíz,—,∇^2 θ̂+0.9860 LR0.167,cancela,θ̂+0.0749 LR588.291,genuina,discrepan,1,estacionalidad en los residuos (p = 0.0087),0,0,0,2,2,2
AR(1) 0.98,1,44,2,1,—,,—,∇^3 θ̂+1.0000 LR0.000,cancela,θ̂+0.1818 LR-0.189,cancelada,sin par,1,estacionalidad en los residuos (p = 0.0099),0,1,0,2,2,2
AR(1) 0.98,1,46,0,1,SF,raíz,—,∇^1 θ̂-0.0349 LR477.769,genuina,—,,—,1,ruido blanco (Q): p mínimo = 0.0000; normalidad (JB): 14.132,0,0,1,2,2,2
AR(1) 0.98,1,46,1,1,SF,raíz,—,∇^2 θ̂+1.0000 LR-0.000,cancela,θ̂-0.0349 LR477.768,genuina,discrepan,0,,0,0,1,2,2,2
AR(1) 0.98,1,46,2,1,SF,estac.,—,∇^3 θ̂+1.0000 LR0.000,cancela,θ̂+1.0000 LR-0.000,cancelada,coinciden,0,,1,0,0,2,2,2
AR(1) 0.98,1,45,0,1,SF,raíz,—,∇^1 θ̂-0.1422 LR553.174,genuina,—,,—,1,ruido blanco (Q): p mínimo = 0.0000; media residual distinta,0,0,1,2,2,2
AR(1) 0.98,1,45,1,1,SF,raíz,—,∇^2 θ̂+1.0000 LR0.000,cancela,θ̂-0.1422 LR553.174,genuina,discrepan,0,,0,0,1,2,2,2
AR(1) 0.98,1,45,2,1,SF,estac.,—,∇^3 θ̂+1.0000 LR0.000,cancela,θ̂-0.5794 LR1.332,cancelada,coinciden,0,,1,0,1,2,2,2
AR(1) 0.98,1,47,0,1,SF,raíz,—,∇^1 θ̂-0.0001 LR653.814,genuina,—,,—,1,"ruido blanco (Q): p mínimo = 0.0000; normalidad (JB): 7.828,",0,0,1,2,2,2
AR(1) 0.98,1,47,1,1,SF,raíz,—,∇^2 θ̂+1.0000 LR0.000,cancela,θ̂+0.0208 LR653.899,genuina,discrepan,0,,0,0,0,2,2,2
AR(1) 0.98,1,47,2,1,—,,—,∇^3 θ̂+1.0000 LR-0.000,cancela,θ̂-0.0168 LR-1.762,cancelada,sin par,0,,1,1,1,2,2,2
AR(1) 0.98,1,48,0,1,SF,raíz,—,∇^1 θ̂+0.0499 LR583.268,genuina,—,,coinciden,1,"ruido blanco (Q): p mínimo = 0.0000; normalidad (JB): 8.928,",0,0,0,2,2,2
AR(1) 0.98,1,48,1,1,SF,raíz,—,∇^2 θ̂+0.9844 LR0.281,cancela,θ̂+0.0499 LR583.268,genuina,discrepan,0,,0,0,0,2,2,2
AR(1) 0.98,1,48,2,1,—,,—,∇^3 θ̂+1.0000 LR0.000,cancela,θ̂-0.0001 LR0.248,cancelada,sin par,0,,1,0,1,2,2,2
AR(1) 0.98,1,49,0,1,SF,raíz,—,∇^1 θ̂-0.1485 LR568.638,genuina,—,,—,1,ruido blanco (Q): p mínimo = 0.0000; normalidad (JB): 11.905,0,0,1,1,1,0
AR(1) 0.98,1,49,1,1,SF,raíz,—,∇^2 θ̂-0.1064 LR2.496,genuina,θ̂-0.1485 LR568.638,genuina,—,0,,0,0,1,1,1,0
AR(1) 0.98,1,49,2,1,SF,estac.,—,∇^3 θ̂+1.0000 LR-0.000,cancela,θ̂-0.1064 LR2.496,genuina,coinciden,0,,1,0,1,1,1,0
"ARMA(1,1) señal+ruido .95/.7",1,0,0,1,SF,raíz,sí,∇^1 θ̂+0.6852 LR68.419,genuina,—,,coinciden,1,ruido blanco (Q): p mínimo = 0.0000,0,0,0,0,0,2
"ARMA(1,1) señal+ruido .95/.7",1,0,1,1,SF,estac.,sí,∇^2 θ̂+0.7459 LR24.139,genuina,θ̂+0.6852 LR68.419,genuina,discrepan,1,"ruido blanco (Q): p mínimo = 0.0181; normalidad (JB): 7.835,",0,0,0,0,0,2
"ARMA(1,1) señal+ruido .95/.7",1,0,2,1,SF,estac.,sí,∇^3 θ̂+1.0000 LR0.000,cancela,θ̂+0.7459 LR24.139,genuina,coinciden,1,"normalidad (JB): 8.443, p = 0.0147",0,0,0,0,0,2
"ARMA(1,1) señal+ruido .95/.7",1,1,0,1,SF,raíz,sí,∇^1 θ̂+0.7998 LR66.756,genuina,—,,coinciden,1,ruido blanco (Q): p mínimo = 0.0001; media residual distinta,0,0,0,1,2,1
"ARMA(1,1) señal+ruido .95/.7",1,1,1,1,SF,raíz,sí,∇^2 θ̂+0.9059 LR10.248,genuina,θ̂+0.7998 LR66.756,genuina,coinciden,0,,0,0,0,1,2,1
"ARMA(1,1) señal+ruido .95/.7",1,1,2,1,SF,estac.,sí,∇^3 θ̂+1.0000 LR0.000,cancela,θ̂+0.9059 LR10.248,genuina,coinciden,0,,1,0,0,1,2,1
"ARMA(1,1) señal+ruido .95/.7",1,2,0,1,SF,raíz,sí,∇^1 θ̂+0.7231 LR101.337,genuina,—,,coinciden,1,ruido blanco (Q): p mínimo = 0.0000; media residual distinta,0,0,0,1,1,2
"ARMA(1,1) señal+ruido .95/.7",1,2,1,1,SF,raíz,sí,∇^2 θ̂+0.6923 LR41.730,genuina,θ̂+0.7231 LR101.337,genuina,coinciden,0,,0,0,0,1,1,2
"ARMA(1,1) señal+ruido .95/.7",1,2,2,1,—,,sí,∇^3 θ̂+1.0000 LR-0.000,cancela,θ̂+0.6923 LR41.730,genuina,sin par,0,,1,0,0,1,1,2
"ARMA(1,1) señal+ruido .95/.7",1,3,0,1,SF,raíz,sí,∇^1 θ̂+0.8376 LR127.597,genuina,—,,coinciden,1,ruido blanco (Q): p mínimo = 0.0000; media residual distinta,0,0,0,1,2,2
"ARMA(1,1) señal+ruido .95/.7",1,3,1,1,SF,raíz,sí,∇^2 θ̂+0.8866 LR19.610,genuina,θ̂+0.8376 LR127.598,genuina,coinciden,1,ruido blanco (Q): p mínimo = 0.0268,0,0,0,1,2,2
"ARMA(1,1) señal+ruido .95/.7",1,3,2,1,SF,estac.,sí,∇^3 θ̂+1.0000 LR-0.000,cancela,θ̂+0.8866 LR19.610,genuina,coinciden,0,,1,0,0,1,2,2
"ARMA(1,1) señal+ruido .95/.7",1,4,0,1,SF,raíz,sí,∇^1 θ̂+0.7154 LR173.846,genuina,—,,coinciden,1,ruido blanco (Q): p mínimo = 0.0000,0,0,0,2,2,2
"ARMA(1,1) señal+ruido .95/.7",1,4,1,1,SF,raíz,sí,∇^2 θ̂+0.6899 LR62.735,genuina,θ̂+0.7154 LR173.846,genuina,coinciden,0,,0,0,0,2,2,2
"ARMA(1,1) señal+ruido .95/.7",1,4,2,1,—,,sí,∇^3 θ̂+1.0000 LR0.000,cancela,θ̂+0.6899 LR62.735,genuina,sin par,0,,1,0,0,2,2,2
"ARMA(1,1) señal+ruido .95/.7",1,6,0,1,SF,raíz,sí,∇^1 θ̂+0.5249 LR83.028,genuina,—,,coinciden,1,ruido blanco (Q): p mínimo = 0.0000; media residual distinta,0,0,0,1,1,1
"ARMA(1,1) señal+ruido .95/.7",1,6,1,1,SF,estac.,sí,∇^2 θ̂+0.7400 LR8.508,genuina,θ̂+0.5249 LR83.028,genuina,discrepan,0,,0,0,0,1,1,1
"ARMA(1,1) señal+ruido .95/.7",1,6,2,1,SF,estac.,sí,∇^3 θ̂+1.0000 LR0.000,cancela,θ̂+0.7400 LR8.508,genuina,coinciden,0,,1,0,0,1,1,1
"ARMA(1,1) señal+ruido .95/.7",1,5,0,1,SF,raíz,sí,∇^1 θ̂+0.6112 LR139.533,genuina,—,,coinciden,1,ruido blanco (Q): p mínimo = 0.0000; media residual distinta,0,0,0,0,1,2
"ARMA(1,1) señal+ruido .95/.7",1,5,1,1,SF,raíz,sí,∇^2 θ̂+0.5742 LR40.294,genuina,θ̂+0.6112 LR139.533,genuina,coinciden,1,ruido blanco (Q): p mínimo = 0.0443,0,0,0,0,1,2
"ARMA(1,1) señal+ruido .95/.7",1,5,2,1,—,,sí,∇^3 θ̂+1.0000 LR0.000,cancela,θ̂+0.5742 LR40.294,genuina,sin par,1,ruido blanco (Q): p mínimo = 0.0465,0,0,0,0,1,2
"ARMA(1,1) señal+ruido .95/.7",1,7,0,1,SF,raíz,sí,∇^1 θ̂+0.7877 LR135.044,genuina,—,,coinciden,1,ruido blanco (Q): p mínimo = 0.0000; media residual distinta,0,0,0,1,1,1
"ARMA(1,1) señal+ruido .95/.7",1,7,1,1,SF,raíz,sí,∇^2 θ̂+0.7740 LR23.183,genuina,θ̂+0.7877 LR135.044,genuina,coinciden,0,,0,0,0,1,1,1
"ARMA(1,1) señal+ruido .95/.7",1,7,2,1,—,,sí,∇^3 θ̂+1.0000 LR0.000,cancela,θ̂+0.7740 LR23.183,genuina,sin par,0,,1,0,0,1,1,1
"ARMA(1,1) señal+ruido .95/.7",1,8,0,1,SF,raíz,sí,∇^1 θ̂+0.7071 LR119.938,genuina,—,,coinciden,1,ruido blanco (Q): p mínimo = 0.0000,0,0,0,2,2,1
"ARMA(1,1) señal+ruido .95/.7",1,8,1,1,SF,raíz,sí,∇^2 θ̂+0.8359 LR34.936,genuina,θ̂+0.7071 LR119.938,genuina,coinciden,0,,0,0,0,2,2,1
"ARMA(1,1) señal+ruido .95/.7",1,8,2,1,SF,estac.,sí,∇^3 θ̂+1.0000 LR-0.000,cancela,θ̂+0.8359 LR34.936,genuina,coinciden,0,,1,0,0,2,2,1
"ARMA(1,1) señal+ruido .95/.7",1,9,0,1,SF,raíz,sí,∇^1 θ̂+0.6485 LR111.136,genuina,—,,coinciden,1,ruido blanco (Q): p mínimo = 0.0000; media residual distinta,0,0,0,1,1,2
"ARMA(1,1) señal+ruido .95/.7",1,9,1,1,SF,raíz,sí,∇^2 θ̂+0.7153 LR25.140,genuina,θ̂+0.6485 LR111.136,genuina,coinciden,0,,0,0,0,1,1,2
"ARMA(1,1) señal+ruido .95/.7",1,9,2,1,SF,estac.,sí,∇^3 θ̂+1.0000 LR0.000,cancela,θ̂+0.7153 LR25.140,genuina,coinciden,0,,1,0,0,1,1,2
"ARMA(1,1) señal+ruido .95/.7",1,10,0,1,SF,raíz,sí,∇^1 θ̂+0.7739 LR121.877,genuina,—,,coinciden,1,ruido blanco (Q): p mínimo = 0.0000; media residual distinta,0,0,0,1,1,2
"ARMA(1,1) señal+ruido .95/.7",1,10,1,1,SF,raíz,sí,∇^2 θ̂+0.7810 LR36.640,genuina,θ̂+0.7739 LR121.877,genuina,coinciden,1,"normalidad (JB): 7.151, p = 0.0280; estacionalidad en los re",0,0,0,1,1,2
"ARMA(1,1) señal+ruido .95/.7",1,10,2,1,—,,sí,∇^3 θ̂+1.0000 LR-0.000,cancela,θ̂+0.7810 LR36.640,genuina,sin par,1,"normalidad (JB): 6.932, p = 0.0312; estacionalidad en los re",0,0,0,1,1,2
"ARMA(1,1) señal+ruido .95/.7",1,11,0,1,SF,raíz,sí,∇^1 θ̂+0.7379 LR124.415,genuina,—,,coinciden,1,ruido blanco (Q): p mínimo = 0.0000,0,0,0,1,2,2
"ARMA(1,1) señal+ruido .95/.7",1,11,1,1,SF,raíz,sí,∇^2 θ̂+0.7385 LR50.733,genuina,θ̂+0.7379 LR124.415,genuina,coinciden,1,ruido blanco (Q): p mínimo = 0.0172,0,0,0,1,2,2
"ARMA(1,1) señal+ruido .95/.7",1,11,2,1,—,,sí,∇^3 θ̂+1.0000 LR-0.000,cancela,θ̂+0.7385 LR50.733,genuina,sin par,1,ruido blanco (Q): p mínimo = 0.0212,0,0,0,1,2,2
"ARMA(1,1) señal+ruido .95/.7",1,12,0,1,SF,raíz,sí,∇^1 θ̂+0.6409 LR170.682,genuina,—,,coinciden,1,ruido blanco (Q): p mínimo = 0.0000; media residual distinta,0,0,0,1,2,2
"ARMA(1,1) señal+ruido .95/.7",1,12,1,1,SF,raíz,sí,∇^2 θ̂+0.7162 LR31.936,genuina,θ̂+0.6409 LR170.682,genuina,coinciden,0,,0,0,0,1,2,2
"ARMA(1,1) señal+ruido .95/.7",1,12,2,1,SF,estac.,sí,∇^3 θ̂+1.0000 LR0.000,cancela,θ̂+0.7162 LR31.936,genuina,coinciden,0,,1,0,0,1,2,2
"ARMA(1,1) señal+ruido .95/.7",1,13,0,1,SF,raíz,sí,∇^1 θ̂+0.7916 LR129.348,genuina,—,,coinciden,1,ruido blanco (Q): p mínimo = 0.0000; media residual distinta,0,0,0,1,2,1
"ARMA(1,1) señal+ruido .95/.7",1,13,1,1,SF,raíz,sí,∇^2 θ̂+0.8232 LR26.588,genuina,θ̂+0.7916 LR129.348,genuina,coinciden,0,,0,0,0,1,2,1
"ARMA(1,1) señal+ruido .95/.7",1,13,2,1,SF,estac.,sí,∇^3 θ̂+1.0000 LR0.000,cancela,θ̂+0.8232 LR26.588,genuina,coinciden,0,,1,0,0,1,2,1
"ARMA(1,1) señal+ruido .95/.7",1,14,0,1,SF,raíz,sí,∇^1 θ̂+0.8659 LR67.807,genuina,—,,coinciden,1,ruido blanco (Q): p mínimo = 0.0000; media residual distinta,0,0,0,2,2,2
"ARMA(1,1) señal+ruido .95/.7",1,14,1,1,SF,raíz,sí,∇^2 θ̂+0.8903 LR22.918,genuina,θ̂+0.8659 LR67.807,genuina,coinciden,0,,0,0,0,2,2,2
"ARMA(1,1) señal+ruido .95/.7",1,14,2,1,SF,estac.,sí,∇^3 θ̂+1.0000 LR0.000,cancela,θ̂+0.8903 LR22.918,genuina,coinciden,0,,1,0,0,2,2,2
"ARMA(1,1) señal+ruido .95/.7",1,15,0,1,SF,raíz,sí,∇^1 θ̂+0.4777 LR81.997,genuina,—,,coinciden,1,ruido blanco (Q): p mínimo = 0.0000,0,0,0,1,2,1
"ARMA(1,1) señal+ruido .95/.7",1,15,1,1,SF,estac.,sí,∇^2 θ̂+0.8217 LR11.308,genuina,θ̂+0.4777 LR81.997,genuina,discrepan,0,,0,0,0,1,2,1
"ARMA(1,1) señal+ruido .95/.7",1,15,2,1,SF,estac.,sí,∇^3 θ̂+1.0000 LR-0.000,cancela,θ̂+0.8217 LR11.308,genuina,coinciden,0,,1,0,0,1,2,1
"ARMA(1,1) señal+ruido .95/.7",1,16,0,1,SF,raíz,sí,∇^1 θ̂+0.6755 LR110.484,genuina,—,,coinciden,1,ruido blanco (Q): p mínimo = 0.0000,0,0,0,2,2,2
"ARMA(1,1) señal+ruido .95/.7",1,16,1,1,SF,raíz,sí,∇^2 θ̂+0.7805 LR30.533,genuina,θ̂+0.6755 LR110.484,genuina,coinciden,0,,0,0,0,2,2,2
"ARMA(1,1) señal+ruido .95/.7",1,16,2,1,SF,estac.,sí,∇^3 θ̂+1.0000 LR0.000,cancela,θ̂+0.7805 LR30.533,genuina,coinciden,0,,1,0,0,2,2,2
"ARMA(1,1) señal+ruido .95/.7",1,17,0,1,SF,raíz,sí,∇^1 θ̂+0.6126 LR80.107,genuina,—,,coinciden,1,ruido blanco (Q): p mínimo = 0.0000; media residual distinta,0,0,0,1,2,2
"ARMA(1,1) señal+ruido .95/.7",1,17,1,1,SF,estac.,sí,∇^2 θ̂+0.8023 LR11.588,genuina,θ̂+0.6126 LR80.107,genuina,discrepan,0,,0,0,0,1,2,2
"ARMA(1,1) señal+ruido .95/.7",1,17,2,1,SF,estac.,sí,∇^3 θ̂+1.0000 LR0.000,cancela,θ̂+0.8023 LR11.588,genuina,coinciden,0,,1,0,0,1,2,2
"ARMA(1,1) señal+ruido .95/.7",1,18,0,1,SF,raíz,sí,∇^1 θ̂+0.7562 LR82.983,genuina,—,,coinciden,1,ruido blanco (Q): p mínimo = 0.0000; media residual distinta,0,0,0,2,2,2
"ARMA(1,1) señal+ruido .95/.7",1,18,1,1,SF,raíz,sí,∇^2 θ̂+0.7510 LR38.356,genuina,θ̂+0.7562 LR82.983,genuina,coinciden,0,,0,0,0,2,2,2
"ARMA(1,1) señal+ruido .95/.7",1,18,2,1,—,,sí,∇^3 θ̂+1.0000 LR-0.000,cancela,θ̂+0.7510 LR38.356,genuina,sin par,0,,1,0,0,2,2,2
"ARMA(1,1) señal+ruido .95/.7",1,20,0,1,SF,raíz,sí,∇^1 θ̂+0.7054 LR32.024,genuina,—,,coinciden,1,ruido blanco (Q): p mínimo = 0.0011; media residual distinta,0,0,0,1,1,1
"ARMA(1,1) señal+ruido .95/.7",1,20,1,1,SF,estac.,sí,∇^2 θ̂+0.8347 LR7.766,genuina,θ̂+0.7054 LR32.024,genuina,discrepan,0,,0,0,0,1,1,1
"ARMA(1,1) señal+ruido .95/.7",1,20,2,1,SF,estac.,sí,∇^3 θ̂+1.0000 LR0.000,cancela,θ̂+0.8347 LR7.766,genuina,coinciden,0,,1,0,0,1,1,1
"ARMA(1,1) señal+ruido .95/.7",1,19,0,1,SF,raíz,sí,∇^1 θ̂+0.7197 LR81.273,genuina,—,,coinciden,1,ruido blanco (Q): p mínimo = 0.0000; media residual distinta,0,0,0,1,1,2
"ARMA(1,1) señal+ruido .95/.7",1,19,1,1,SF,raíz,sí,∇^2 θ̂+0.7387 LR27.595,genuina,θ̂+0.7197 LR81.273,genuina,coinciden,0,,0,0,0,1,1,2
"ARMA(1,1) señal+ruido .95/.7",1,19,2,1,—,,sí,∇^3 θ̂+1.0000 LR0.000,cancela,θ̂+0.7387 LR27.595,genuina,sin par,0,,1,0,0,1,1,2
"ARMA(1,1) señal+ruido .95/.7",1,21,0,1,SF,raíz,sí,∇^1 θ̂+0.6872 LR88.982,genuina,—,,coinciden,1,ruido blanco (Q): p mínimo = 0.0000,0,0,0,2,2,2
"ARMA(1,1) señal+ruido .95/.7",1,21,1,1,SF,raíz,sí,∇^2 θ̂+0.6287 LR42.793,genuina,θ̂+0.6872 LR88.982,genuina,coinciden,0,,0,0,0,2,2,2
"ARMA(1,1) señal+ruido .95/.7",1,21,2,1,—,,sí,∇^3 θ̂+1.0000 LR-0.000,cancela,θ̂+0.6287 LR42.793,genuina,sin par,0,,1,0,0,2,2,2
"ARMA(1,1) señal+ruido .95/.7",1,22,0,1,SF,raíz,sí,∇^1 θ̂+0.6937 LR112.209,genuina,—,,coinciden,1,ruido blanco (Q): p mínimo = 0.0000; media residual distinta,0,0,0,2,2,2
"ARMA(1,1) señal+ruido .95/.7",1,22,1,1,SF,raíz,sí,∇^2 θ̂+0.7588 LR26.822,genuina,θ̂+0.6937 LR112.208,genuina,coinciden,0,,0,0,0,2,2,2
"ARMA(1,1) señal+ruido .95/.7",1,22,2,1,SF,estac.,sí,∇^3 θ̂+1.0000 LR-0.000,cancela,θ̂+0.7588 LR26.822,genuina,coinciden,0,,1,0,0,2,2,2
"ARMA(1,1) señal+ruido .95/.7",1,24,0,1,SF,raíz,sí,∇^1 θ̂+0.6624 LR52.926,genuina,—,,coinciden,1,ruido blanco (Q): p mínimo = 0.0000,0,0,0,1,2,1
"ARMA(1,1) señal+ruido .95/.7",1,24,1,1,SF,estac.,sí,∇^2 θ̂+0.7067 LR21.107,genuina,θ̂+0.6624 LR52.926,genuina,discrepan,1,estacionalidad en los residuos (p = 0.0218),0,0,0,1,2,1
"ARMA(1,1) señal+ruido .95/.7",1,24,2,1,—,,sí,∇^3 θ̂+1.0000 LR0.000,cancela,θ̂+0.7067 LR21.107,genuina,sin par,1,estacionalidad en los residuos (p = 0.0271),0,0,0,1,2,1
"ARMA(1,1) señal+ruido .95/.7",1,23,0,1,SF,raíz,sí,∇^1 θ̂+0.6798 LR146.341,genuina,—,,coinciden,1,ruido blanco (Q): p mínimo = 0.0000; media residual distinta,0,0,0,1,1,1
"ARMA(1,1) señal+ruido .95/.7",1,23,1,1,SF,raíz,sí,∇^2 θ̂+0.6702 LR17.010,genuina,θ̂+0.6798 LR146.341,genuina,coinciden,0,,0,0,0,1,1,1
"ARMA(1,1) señal+ruido .95/.7",1,23,2,1,—,,sí,∇^3 θ̂+1.0000 LR0.000,cancela,θ̂+0.6702 LR17.010,genuina,sin par,0,,1,0,0,1,1,1
"ARMA(1,1) señal+ruido .95/.7",1,25,0,1,SF,raíz,sí,∇^1 θ̂+0.7385 LR13.862,genuina,—,,coinciden,1,estacionalidad en los residuos (p = 0.0261),0,0,0,1,1,1
"ARMA(1,1) señal+ruido .95/.7",1,25,1,1,SF,estac.,sí,∇^2 θ̂+0.9114 LR2.888,genuina,θ̂+0.7385 LR13.862,genuina,discrepan,1,estacionalidad en los residuos (p = 0.0220),0,0,0,1,1,1
"ARMA(1,1) señal+ruido .95/.7",1,25,2,1,SF,estac.,sí,∇^3 θ̂+1.0000 LR-0.000,cancela,θ̂+0.9114 LR2.888,genuina,coinciden,1,estacionalidad en los residuos (p = 0.0215),0,0,0,1,1,1
"ARMA(1,1) señal+ruido .95/.7",1,27,0,1,SF,raíz,sí,∇^1 θ̂+0.6697 LR76.343,genuina,—,,coinciden,1,ruido blanco (Q): p mínimo = 0.0000,0,0,0,1,1,2
"ARMA(1,1) señal+ruido .95/.7",1,27,1,1,SF,raíz,sí,∇^2 θ̂+0.6257 LR35.249,genuina,θ̂+0.6697 LR76.343,genuina,coinciden,0,,0,0,0,1,1,2
"ARMA(1,1) señal+ruido .95/.7",1,27,2,1,—,,sí,∇^3 θ̂+1.0000 LR-0.000,cancela,θ̂+0.6257 LR35.249,genuina,sin par,0,,1,0,0,1,1,2
"ARMA(1,1) señal+ruido .95/.7",1,26,0,1,SF,raíz,sí,∇^1 θ̂+0.5546 LR44.859,genuina,—,,coinciden,1,ruido blanco (Q): p mínimo = 0.0002,0,0,0,1,1,1
"ARMA(1,1) señal+ruido .95/.7",1,26,1,1,SF,estac.,sí,∇^2 θ̂+0.7705 LR8.912,genuina,θ̂+0.5546 LR44.859,genuina,discrepan,0,,0,0,0,1,1,1
"ARMA(1,1) señal+ruido .95/.7",1,26,2,1,SF,estac.,sí,∇^3 θ̂+1.0000 LR-0.000,cancela,θ̂+0.7705 LR8.912,genuina,coinciden,0,,1,0,0,1,1,1
"ARMA(1,1) señal+ruido .95/.7",1,28,0,1,SF,raíz,sí,∇^1 θ̂+0.6867 LR37.774,genuina,—,,coinciden,1,ruido blanco (Q): p mínimo = 0.0000,0,0,0,1,2,1
"ARMA(1,1) señal+ruido .95/.7",1,28,1,1,SF,estac.,sí,∇^2 θ̂+0.8398 LR10.486,genuina,θ̂+0.6867 LR37.774,genuina,discrepan,0,,0,0,0,1,2,1
"ARMA(1,1) señal+ruido .95/.7",1,28,2,1,SF,estac.,sí,∇^3 θ̂+1.0000 LR0.000,cancela,θ̂+0.8398 LR10.486,genuina,coinciden,0,,1,0,0,1,2,1
"ARMA(1,1) señal+ruido .95/.7",1,29,0,1,SF,raíz,sí,∇^1 θ̂+0.6465 LR75.351,genuina,—,,coinciden,1,ruido blanco (Q): p mínimo = 0.0000; media residual distinta,0,0,0,1,2,2
"ARMA(1,1) señal+ruido .95/.7",1,29,1,1,SF,estac.,sí,∇^2 θ̂+0.8078 LR20.990,genuina,θ̂+0.6465 LR75.351,genuina,discrepan,0,,0,0,0,1,2,2
"ARMA(1,1) señal+ruido .95/.7",1,29,2,1,SF,estac.,sí,∇^3 θ̂+1.0000 LR-0.000,cancela,θ̂+0.8078 LR20.990,genuina,coinciden,0,,1,0,0,1,2,2
"ARMA(1,1) señal+ruido .95/.7",1,30,0,1,SF,raíz,sí,∇^1 θ̂+0.5511 LR73.753,genuina,—,,coinciden,1,ruido blanco (Q): p mínimo = 0.0000; media residual distinta,0,0,0,1,1,1
"ARMA(1,1) señal+ruido .95/.7",1,30,1,1,SF,estac.,sí,∇^2 θ̂+0.8952 LR9.464,genuina,θ̂+0.5511 LR73.753,genuina,discrepan,0,,0,0,0,1,1,1
"ARMA(1,1) señal+ruido .95/.7",1,30,2,1,SF,estac.,sí,∇^3 θ̂+1.0000 LR0.000,cancela,θ̂+0.8952 LR9.464,genuina,coinciden,0,,1,0,0,1,1,1
"ARMA(1,1) señal+ruido .95/.7",1,31,0,1,SF,raíz,sí,∇^1 θ̂+0.7603 LR65.088,genuina,—,,coinciden,1,ruido blanco (Q): p mínimo = 0.0000; media residual distinta,0,0,0,1,2,2
"ARMA(1,1) señal+ruido .95/.7",1,31,1,1,SF,raíz,sí,∇^2 θ̂+0.7780 LR29.198,genuina,θ̂+0.7603 LR65.088,genuina,coinciden,0,,0,0,0,1,2,2
"ARMA(1,1) señal+ruido .95/.7",1,31,2,1,—,,sí,∇^3 θ̂+1.0000 LR-0.000,cancela,θ̂+0.7780 LR29.198,genuina,sin par,0,,1,0,0,1,2,2
"ARMA(1,1) señal+ruido .95/.7",1,32,0,1,SF,raíz,sí,∇^1 θ̂+0.7746 LR82.112,genuina,—,,coinciden,1,ruido blanco (Q): p mínimo = 0.0000; media residual distinta,0,0,0,1,2,2
"ARMA(1,1) señal+ruido .95/.7",1,32,1,1,SF,raíz,sí,∇^2 θ̂+0.8424 LR23.543,genuina,θ̂+0.7746 LR82.113,genuina,coinciden,0,,0,0,0,1,2,2
"ARMA(1,1) señal+ruido .95/.7",1,32,2,1,SF,estac.,sí,∇^3 θ̂+1.0000 LR-0.000,cancela,θ̂+0.8424 LR23.543,genuina,coinciden,0,,1,0,0,1,2,2
"ARMA(1,1) señal+ruido .95/.7",1,33,0,1,SF,raíz,sí,∇^1 θ̂+0.6571 LR63.074,genuina,—,,coinciden,1,ruido blanco (Q): p mínimo = 0.0000,0,0,0,1,2,1
"ARMA(1,1) señal+ruido .95/.7",1,33,1,1,SF,estac.,sí,∇^2 θ̂+0.6950 LR26.402,genuina,θ̂+0.6571 LR63.074,genuina,discrepan,0,,0,0,0,1,2,1
"ARMA(1,1) señal+ruido .95/.7",1,33,2,1,—,,sí,∇^3 θ̂+1.0000 LR0.000,cancela,θ̂+0.6950 LR26.402,genuina,sin par,0,,1,0,0,1,2,1
"ARMA(1,1) señal+ruido .95/.7",1,34,0,1,SF,raíz,sí,∇^1 θ̂+0.4557 LR41.388,genuina,—,,coinciden,1,ruido blanco (Q): p mínimo = 0.0001,0,0,0,1,1,1
"ARMA(1,1) señal+ruido .95/.7",1,34,1,1,SF,estac.,sí,∇^2 θ̂+0.9081 LR7.735,genuina,θ̂+0.4557 LR41.388,genuina,discrepan,0,,0,0,0,1,1,1
"ARMA(1,1) señal+ruido .95/.7",1,34,2,1,SF,estac.,sí,∇^3 θ̂+1.0000 LR0.000,cancela,θ̂+0.9081 LR7.735,genuina,coinciden,0,,1,0,0,1,1,1
"ARMA(1,1) señal+ruido .95/.7",1,35,0,1,SF,raíz,sí,∇^1 θ̂+0.6563 LR90.412,genuina,—,,coinciden,1,ruido blanco (Q): p mínimo = 0.0000; media residual distinta,0,0,0,2,2,2
"ARMA(1,1) señal+ruido .95/.7",1,35,1,1,SF,raíz,sí,∇^2 θ̂+0.8109 LR16.584,genuina,θ̂+0.6563 LR90.413,genuina,coinciden,0,,0,0,0,2,2,2
"ARMA(1,1) señal+ruido .95/.7",1,35,2,1,SF,estac.,sí,∇^3 θ̂+1.0000 LR-0.000,cancela,θ̂+0.8109 LR16.584,genuina,coinciden,0,,1,0,0,2,2,2
"ARMA(1,1) señal+ruido .95/.7",1,36,0,1,SF,raíz,sí,∇^1 θ̂+0.5789 LR212.025,genuina,—,,coinciden,1,ruido blanco (Q): p mínimo = 0.0000; media residual distinta,0,0,0,1,2,2
"ARMA(1,1) señal+ruido .95/.7",1,36,1,1,SF,raíz,sí,∇^2 θ̂+0.6989 LR35.099,genuina,θ̂+0.5789 LR212.025,genuina,coinciden,0,,0,0,0,1,2,2
"ARMA(1,1) señal+ruido .95/.7",1,36,2,1,SF,estac.,sí,∇^3 θ̂+1.0000 LR-0.000,cancela,θ̂+0.6989 LR35.099,genuina,coinciden,0,,1,0,0,1,2,2
"ARMA(1,1) señal+ruido .95/.7",1,38,0,1,SF,raíz,sí,∇^1 θ̂+0.7235 LR124.796,genuina,—,,coinciden,1,ruido blanco (Q): p mínimo = 0.0000; media residual distinta,0,0,0,2,2,2
"ARMA(1,1) señal+ruido .95/.7",1,38,1,1,SF,raíz,sí,∇^2 θ̂+0.7821 LR37.452,genuina,θ̂+0.7235 LR124.796,genuina,coinciden,1,estacionalidad en los residuos (p = 0.0187),0,0,0,2,2,2
"ARMA(1,1) señal+ruido .95/.7",1,38,2,1,SF,estac.,sí,∇^3 θ̂+1.0000 LR-0.000,cancela,θ̂+0.7821 LR37.452,genuina,coinciden,1,estacionalidad en los residuos (p = 0.0149),0,0,0,2,2,2
"ARMA(1,1) señal+ruido .95/.7",1,37,0,1,SF,raíz,sí,∇^1 θ̂+0.6645 LR48.014,genuina,—,,coinciden,1,ruido blanco (Q): p mínimo = 0.0002; media residual distinta,0,0,0,1,2,1
"ARMA(1,1) señal+ruido .95/.7",1,37,1,1,SF,estac.,sí,∇^2 θ̂+0.8302 LR8.088,genuina,θ̂+0.6645 LR48.014,genuina,discrepan,0,,0,0,0,1,2,1
"ARMA(1,1) señal+ruido .95/.7",1,37,2,1,SF,estac.,sí,∇^3 θ̂+1.0000 LR0.000,cancela,θ̂+0.8302 LR8.088,genuina,coinciden,0,,1,0,0,1,2,1
"ARMA(1,1) señal+ruido .95/.7",1,39,0,1,SF,raíz,sí,∇^1 θ̂+0.6019 LR53.863,genuina,—,,coinciden,1,ruido blanco (Q): p mínimo = 0.0000,0,0,0,0,0,1
"ARMA(1,1) señal+ruido .95/.7",1,39,1,1,SF,estac.,sí,∇^2 θ̂+0.8188 LR11.654,genuina,θ̂+0.6019 LR53.863,genuina,discrepan,0,,0,0,0,0,0,1
"ARMA(1,1) señal+ruido .95/.7",1,39,2,1,SF,estac.,sí,∇^3 θ̂+1.0000 LR-0.000,cancela,θ̂+0.8188 LR11.654,genuina,coinciden,0,,1,0,0,0,0,1
"ARMA(1,1) señal+ruido .95/.7",1,40,0,1,SF,raíz,sí,∇^1 θ̂+0.6085 LR38.193,genuina,—,,coinciden,1,ruido blanco (Q): p mínimo = 0.0001,0,0,0,1,1,1
"ARMA(1,1) señal+ruido .95/.7",1,40,1,1,SF,estac.,sí,∇^2 θ̂+0.8293 LR5.303,genuina,θ̂+0.6085 LR38.193,genuina,discrepan,0,,0,0,0,1,1,1
"ARMA(1,1) señal+ruido .95/.7",1,40,2,1,SF,estac.,sí,∇^3 θ̂+1.0000 LR0.000,cancela,θ̂+0.8293 LR5.303,genuina,coinciden,0,,1,0,0,1,1,1
"ARMA(1,1) señal+ruido .95/.7",1,41,0,1,SF,raíz,sí,∇^1 θ̂+0.6232 LR101.065,genuina,—,,coinciden,1,ruido blanco (Q): p mínimo = 0.0000,0,0,0,1,2,2
"ARMA(1,1) señal+ruido .95/.7",1,41,1,1,SF,raíz,sí,∇^2 θ̂+0.7958 LR25.202,genuina,θ̂+0.6232 LR101.065,genuina,coinciden,0,,0,0,0,1,2,2
"ARMA(1,1) señal+ruido .95/.7",1,41,2,1,SF,estac.,sí,∇^3 θ̂+1.0000 LR-0.000,cancela,θ̂+0.7958 LR25.202,genuina,coinciden,0,,1,0,0,1,2,2
"ARMA(1,1) señal+ruido .95/.7",1,42,0,1,SF,raíz,sí,∇^1 θ̂+0.7081 LR213.141,genuina,—,,coinciden,1,ruido blanco (Q): p mínimo = 0.0000; media residual distinta,0,0,0,2,2,2
"ARMA(1,1) señal+ruido .95/.7",1,42,1,1,SF,raíz,sí,∇^2 θ̂+0.8010 LR47.531,genuina,θ̂+0.7081 LR213.141,genuina,coinciden,1,estacionalidad en los residuos (p = 0.0044),0,0,0,2,2,2
"ARMA(1,1) señal+ruido .95/.7",1,42,2,1,SF,estac.,sí,∇^3 θ̂+1.0000 LR-0.000,cancela,θ̂+0.8010 LR47.531,genuina,coinciden,1,estacionalidad en los residuos (p = 0.0050),0,0,0,2,2,2
"ARMA(1,1) señal+ruido .95/.7",1,43,0,1,SF,raíz,sí,∇^1 θ̂+0.3751 LR54.753,genuina,—,,coinciden,1,media residual distinta de cero: t = -4.41,0,0,0,1,1,1
"ARMA(1,1) señal+ruido .95/.7",1,43,1,1,SF,estac.,sí,∇^2 θ̂+1.0000 LR0.000,cancela,θ̂+0.3751 LR54.753,genuina,coinciden,1,media residual distinta de cero: t = -2.45,0,0,0,1,1,1
"ARMA(1,1) señal+ruido .95/.7",1,43,2,1,SF,estac.,sí,∇^3 θ̂+1.0000 LR-0.000,cancela,θ̂+1.0000 LR0.000,cancelada,coinciden,0,,0,0,0,1,1,1
"ARMA(1,1) señal+ruido .95/.7",1,45,0,1,SF,raíz,sí,∇^1 θ̂+0.4979 LR107.159,genuina,—,,coinciden,1,ruido blanco (Q): p mínimo = 0.0000,0,0,0,1,0,1
"ARMA(1,1) señal+ruido .95/.7",1,45,1,1,SF,estac.,sí,∇^2 θ̂+0.5330 LR18.112,genuina,θ̂+0.4979 LR107.159,genuina,discrepan,0,,0,0,0,1,0,1
"ARMA(1,1) señal+ruido .95/.7",1,45,2,1,—,,sí,∇^3 θ̂+1.0000 LR0.000,cancela,θ̂+0.5331 LR18.112,genuina,sin par,0,,1,0,0,1,0,1
"ARMA(1,1) señal+ruido .95/.7",1,44,0,1,SF,raíz,sí,∇^1 θ̂+0.5836 LR143.733,genuina,—,,coinciden,1,ruido blanco (Q): p mínimo = 0.0000; media residual distinta,0,0,0,1,1,2
"ARMA(1,1) señal+ruido .95/.7",1,44,1,1,SF,raíz,sí,∇^2 θ̂+0.6288 LR30.087,genuina,θ̂+0.5836 LR143.733,genuina,coinciden,0,,0,0,0,1,1,2
"ARMA(1,1) señal+ruido .95/.7",1,44,2,1,—,,sí,∇^3 θ̂+1.0000 LR-0.000,cancela,θ̂+0.6288 LR30.087,genuina,sin par,0,,1,0,0,1,1,2
"ARMA(1,1) señal+ruido .95/.7",1,46,0,1,SF,raíz,sí,∇^1 θ̂+0.6939 LR73.661,genuina,—,,coinciden,1,ruido blanco (Q): p mínimo = 0.0000,0,0,0,1,2,2
"ARMA(1,1) señal+ruido .95/.7",1,46,1,1,SF,raíz,sí,∇^2 θ̂+0.7376 LR30.078,genuina,θ̂+0.6939 LR73.661,genuina,coinciden,0,,0,0,0,1,2,2
"ARMA(1,1) señal+ruido .95/.7",1,46,2,1,—,,sí,∇^3 θ̂+1.0000 LR0.000,cancela,θ̂+0.7376 LR30.078,genuina,sin par,0,,1,0,0,1,2,2
"ARMA(1,1) señal+ruido .95/.7",1,47,0,1,SF,raíz,sí,∇^1 θ̂+0.6591 LR70.138,genuina,—,,coinciden,1,ruido blanco (Q): p mínimo = 0.0000,0,0,0,0,2,2
"ARMA(1,1) señal+ruido .95/.7",1,47,1,1,SF,estac.,sí,∇^2 θ̂+0.7737 LR18.850,genuina,θ̂+0.6591 LR70.138,genuina,discrepan,0,,0,0,0,0,2,2
"ARMA(1,1) señal+ruido .95/.7",1,47,2,1,SF,estac.,sí,∇^3 θ̂+1.0000 LR-0.000,cancela,θ̂+0.7737 LR18.850,genuina,coinciden,1,"normalidad (JB): 9.185, p = 0.0101",0,0,0,0,2,2
"ARMA(1,1) señal+ruido .95/.7",1,48,0,1,SF,raíz,sí,∇^1 θ̂+0.6591 LR147.097,genuina,—,,coinciden,1,ruido blanco (Q): p mínimo = 0.0000; media residual distinta,0,0,0,2,2,2
"ARMA(1,1) señal+ruido .95/.7",1,48,1,1,SF,raíz,sí,∇^2 θ̂+0.7164 LR41.146,genuina,θ̂+0.6591 LR147.097,genuina,coinciden,0,,0,0,0,2,2,2
"ARMA(1,1) señal+ruido .95/.7",1,48,2,1,SF,estac.,sí,∇^3 θ̂+1.0000 LR0.000,cancela,θ̂+0.7164 LR41.146,genuina,coinciden,0,,1,0,0,2,2,2
"ARMA(1,1) señal+ruido .95/.7",1,49,0,1,SF,raíz,sí,∇^1 θ̂+0.7922 LR158.273,genuina,—,,coinciden,1,ruido blanco (Q): p mínimo = 0.0000; media residual distinta,0,0,0,2,2,2
"ARMA(1,1) señal+ruido .95/.7",1,49,1,1,SF,raíz,sí,∇^2 θ̂+0.8378 LR34.723,genuina,θ̂+0.7922 LR158.273,genuina,coinciden,0,,0,0,0,2,2,2
"ARMA(1,1) señal+ruido .95/.7",1,49,2,1,SF,estac.,sí,∇^3 θ̂+1.0000 LR-0.000,cancela,θ̂+0.8378 LR34.723,genuina,coinciden,0,,1,0,0,2,2,2
MA(1) .9,1,0,0,1,—,,sí,∇^1 θ̂+0.9256 LR37.907,,—,,sin par,1,ruido blanco (Q): p mínimo = 0.0000,0,0,0,0,1,0
MA(1) .9,1,0,1,1,—,,sí,∇^2 θ̂+1.0000 LR0.000,cancela,θ̂+0.9256 LR37.907,genuina,sin par,0,,1,0,0,0,1,0
MA(1) .9,1,0,2,1,—,,sí,∇^3 θ̂+1.0000 LR0.000,cancela,θ̂+1.0000 LR0.000,cancelada,sin par,1,ruido blanco (Q): p mínimo = 0.0000,0,0,0,0,1,0
MA(1) .9,1,1,0,1,—,,sí,∇^1 θ̂+0.9654 LR4.435,,—,,sin par,0,,0,0,0,0,1,0
MA(1) .9,1,1,1,1,—,,sí,∇^2 θ̂+1.0000 LR0.000,cancela,θ̂+0.9654 LR4.435,genuina,sin par,0,,1,0,0,0,1,0
MA(1) .9,1,1,2,1,—,,sí,∇^3 θ̂+1.0000 LR0.000,cancela,θ̂+1.0000 LR0.000,cancelada,sin par,1,ruido blanco (Q): p mínimo = 0.0000,0,0,0,0,1,0
MA(1) .9,1,2,0,1,—,,sí,∇^1 θ̂+0.9147 LR27.915,,—,,sin par,1,ruido blanco (Q): p mínimo = 0.0001,0,0,0,1,1,0
MA(1) .9,1,2,1,1,—,,sí,∇^2 θ̂+1.0000 LR0.000,cancela,θ̂+0.9147 LR27.915,genuina,sin par,0,,1,0,0,1,1,0
MA(1) .9,1,2,2,1,—,,sí,∇^3 θ̂+1.0000 LR-0.000,cancela,θ̂+1.0000 LR0.000,cancelada,sin par,1,ruido blanco (Q): p mínimo = 0.0000,0,0,0,1,1,0
MA(1) .9,1,3,0,1,—,,sí,∇^1 θ̂+0.9518 LR5.691,,—,,sin par,0,,0,0,0,0,0,0
MA(1) .9,1,3,1,1,—,,sí,∇^2 θ̂+1.0000 LR0.000,cancela,θ̂+0.9518 LR5.691,genuina,sin par,0,,1,0,0,0,0,0
MA(1) .9,1,3,2,1,—,,sí,∇^3 θ̂+1.0000 LR0.000,cancela,θ̂+1.0000 LR0.000,cancelada,sin par,1,ruido blanco (Q): p mínimo = 0.0000,0,0,0,0,0,0
MA(1) .9,1,5,0,1,—,,sí,∇^1 θ̂+0.8917 LR10.040,,—,,sin par,1,ruido blanco (Q): p mínimo = 0.0114,0,0,0,0,0,0
MA(1) .9,1,5,1,1,—,,sí,∇^2 θ̂+1.0000 LR0.000,cancela,θ̂+0.8917 LR10.040,genuina,sin par,0,,1,0,0,0,0,0
MA(1) .9,1,5,2,1,—,,sí,∇^3 θ̂+1.0000 LR-0.000,cancela,θ̂+1.0000 LR0.000,cancelada,sin par,1,ruido blanco (Q): p mínimo = 0.0000,0,0,0,0,0,0
MA(1) .9,1,4,0,1,—,,sí,∇^1 θ̂+0.9314 LR12.458,,—,,sin par,0,,0,0,0,0,1,0
MA(1) .9,1,4,1,1,—,,sí,∇^2 θ̂+1.0000 LR0.000,cancela,θ̂+0.9314 LR12.458,genuina,sin par,0,,1,0,0,0,1,0
MA(1) .9,1,4,2,1,—,,sí,∇^3 θ̂+1.0000 LR-0.000,cancela,θ̂+1.0000 LR0.000,cancelada,sin par,1,ruido blanco (Q): p mínimo = 0.0000,0,0,0,0,1,0
MA(1) .9,1,6,0,1,—,,sí,∇^1 θ̂+0.9204 LR10.928,,—,,sin par,1,ruido blanco (Q): p mínimo = 0.0032,0,0,0,0,0,0
MA(1) .9,1,6,1,1,—,,sí,∇^2 θ̂+1.0000 LR0.000,cancela,θ̂+0.9204 LR10.928,genuina,sin par,0,,1,0,0,0,0,0
MA(1) .9,1,6,2,1,—,,sí,∇^3 θ̂+1.0000 LR-0.000,cancela,θ̂+1.0000 LR0.000,cancelada,sin par,1,ruido blanco (Q): p mínimo = 0.0000; normalidad (JB): 10.316,0,0,0,0,0,0
MA(1) .9,1,7,0,1,—,,sí,∇^1 θ̂+0.9443 LR20.505,,—,,sin par,1,ruido blanco (Q): p mínimo = 0.0000,0,0,0,0,1,0
MA(1) .9,1,7,1,1,—,,sí,∇^2 θ̂+1.0000 LR0.000,cancela,θ̂+0.9443 LR20.505,genuina,sin par,0,,1,0,0,0,1,0
MA(1) .9,1,7,2,1,—,,sí,∇^3 θ̂+1.0000 LR-0.000,cancela,θ̂+1.0000 LR0.000,cancelada,sin par,1,ruido blanco (Q): p mínimo = 0.0000,0,0,0,0,1,0
MA(1) .9,1,9,0,1,—,,sí,∇^1 θ̂+0.8882 LR17.979,,—,,sin par,0,,0,0,0,0,1,0
MA(1) .9,1,9,1,1,—,,sí,∇^2 θ̂+1.0000 LR0.000,cancela,θ̂+0.8882 LR17.979,genuina,sin par,0,,1,0,0,0,1,0
MA(1) .9,1,9,2,1,—,,sí,∇^3 θ̂+1.0000 LR0.000,cancela,θ̂+1.0000 LR0.000,cancelada,sin par,1,ruido blanco (Q): p mínimo = 0.0000,0,0,0,0,1,0
MA(1) .9,1,8,0,1,—,,sí,∇^1 θ̂+0.9355 LR2.009,,—,,sin par,0,,0,0,0,0,0,0
MA(1) .9,1,8,1,1,—,,sí,∇^2 θ̂+1.0000 LR0.000,cancela,θ̂+0.9355 LR2.009,genuina,sin par,0,,1,0,0,0,0,0
MA(1) .9,1,8,2,1,—,,sí,∇^3 θ̂+1.0000 LR-0.000,cancela,θ̂+1.0000 LR0.000,cancelada,sin par,1,ruido blanco (Q): p mínimo = 0.0000,0,0,0,0,0,0
MA(1) .9,1,11,0,1,—,,sí,∇^1 θ̂+0.8924 LR135.813,,—,,sin par,1,ruido blanco (Q): p mínimo = 0.0000,0,0,0,1,1,0
MA(1) .9,1,11,1,1,—,,sí,∇^2 θ̂+1.0000 LR0.000,cancela,θ̂+0.8924 LR135.813,genuina,sin par,0,,1,0,0,1,1,0
MA(1) .9,1,11,2,1,—,,sí,∇^3 θ̂+1.0000 LR-0.000,cancela,θ̂+1.0000 LR0.000,cancelada,sin par,1,ruido blanco (Q): p mínimo = 0.0000,0,0,0,1,1,0
MA(1) .9,1,10,0,1,—,,sí,∇^1 θ̂+0.8796 LR13.210,,—,,sin par,0,,0,0,0,0,0,0
MA(1) .9,1,10,1,1,—,,sí,∇^2 θ̂+1.0000 LR0.000,cancela,θ̂+0.8796 LR13.210,genuina,sin par,0,,1,0,0,0,0,0
MA(1) .9,1,10,2,1,—,,sí,∇^3 θ̂+1.0000 LR0.000,cancela,θ̂+1.0000 LR0.000,cancelada,sin par,1,ruido blanco (Q): p mínimo = 0.0000,0,0,0,0,0,0
MA(1) .9,1,12,0,1,—,,sí,∇^1 θ̂+0.9179 LR26.866,,—,,sin par,1,ruido blanco (Q): p mínimo = 0.0000,0,0,0,0,1,0
MA(1) .9,1,12,1,1,—,,sí,∇^2 θ̂+1.0000 LR0.000,cancela,θ̂+0.9179 LR26.866,genuina,sin par,0,,1,0,0,0,1,0
MA(1) .9,1,12,2,1,—,,sí,∇^3 θ̂+1.0000 LR-0.000,cancela,θ̂+1.0000 LR0.000,cancelada,sin par,1,ruido blanco (Q): p mínimo = 0.0000,0,0,0,0,1,0
MA(1) .9,1,13,0,1,—,,sí,∇^1 θ̂+0.9095 LR63.126,,—,,sin par,1,ruido blanco (Q): p mínimo = 0.0000; normalidad (JB): 17.768,0,0,0,1,1,0
MA(1) .9,1,13,1,1,—,,sí,∇^2 θ̂+1.0000 LR0.000,cancela,θ̂+0.9095 LR63.126,genuina,sin par,0,,1,0,0,1,1,0
MA(1) .9,1,13,2,1,—,,sí,∇^3 θ̂+1.0000 LR-0.000,cancela,θ̂+1.0000 LR0.000,cancelada,sin par,1,ruido blanco (Q): p mínimo = 0.0000; normalidad (JB): 37.679,0,0,0,1,1,0
MA(1) .9,1,14,0,1,—,,sí,∇^1 θ̂+0.8560 LR50.938,,—,,sin par,1,ruido blanco (Q): p mínimo = 0.0000,0,0,0,1,1,1
MA(1) .9,1,14,1,1,—,,sí,∇^2 θ̂+1.0000 LR0.000,cancela,θ̂+0.8560 LR50.938,genuina,sin par,0,,1,0,0,1,1,1
MA(1) .9,1,14,2,1,—,,sí,∇^3 θ̂+1.0000 LR-0.000,cancela,θ̂+1.0000 LR0.000,cancelada,sin par,1,ruido blanco (Q): p mínimo = 0.0000,0,0,0,1,1,1
MA(1) .9,1,15,0,1,—,,sí,∇^1 θ̂+0.8845 LR20.489,,—,,sin par,1,ruido blanco (Q): p mínimo = 0.0000,0,0,0,0,0,1
MA(1) .9,1,15,1,1,—,,sí,∇^2 θ̂+1.0000 LR0.000,cancela,θ̂+0.8845 LR20.489,genuina,sin par,0,,1,0,0,0,0,1
MA(1) .9,1,15,2,1,—,,sí,∇^3 θ̂+1.0000 LR0.000,cancela,θ̂+1.0000 LR0.000,cancelada,sin par,1,ruido blanco (Q): p mínimo = 0.0000,0,0,0,0,0,1
MA(1) .9,1,16,0,1,—,,sí,∇^1 θ̂+0.9195 LR15.485,,—,,sin par,1,ruido blanco (Q): p mínimo = 0.0027,0,0,0,1,1,0
MA(1) .9,1,16,1,1,—,,sí,∇^2 θ̂+1.0000 LR0.000,cancela,θ̂+0.9195 LR15.485,genuina,sin par,0,,1,0,0,1,1,0
MA(1) .9,1,16,2,1,—,,sí,∇^3 θ̂+1.0000 LR0.000,cancela,θ̂+1.0000 LR0.000,cancelada,sin par,1,ruido blanco (Q): p mínimo = 0.0000; estacionalidad en los r,0,0,0,1,1,0
MA(1) .9,1,17,0,1,—,,sí,∇^1 θ̂+0.8916 LR121.036,,—,,sin par,1,ruido blanco (Q): p mínimo = 0.0000,0,0,0,1,1,0
MA(1) .9,1,17,1,1,—,,sí,∇^2 θ̂+1.0000 LR0.000,cancela,θ̂+0.8916 LR121.036,genuina,sin par,0,,1,0,0,1,1,0
MA(1) .9,1,17,2,1,—,,sí,∇^3 θ̂+1.0000 LR-0.000,cancela,θ̂+1.0000 LR0.000,cancelada,sin par,1,ruido blanco (Q): p mínimo = 0.0000,0,0,0,1,1,0
MA(1) .9,1,19,0,1,—,,sí,∇^1 θ̂+0.9220 LR27.406,,—,,sin par,1,ruido blanco (Q): p mínimo = 0.0000,0,0,0,1,1,0
MA(1) .9,1,19,1,1,—,,sí,∇^2 θ̂+1.0000 LR-0.000,cancela,θ̂+0.9220 LR27.406,genuina,sin par,0,,1,0,0,1,1,0
MA(1) .9,1,19,2,1,—,,sí,∇^3 θ̂+1.0000 LR-0.000,cancela,θ̂+1.0000 LR0.000,cancelada,sin par,1,ruido blanco (Q): p mínimo = 0.0000,0,0,0,1,1,0
MA(1) .9,1,18,0,1,—,,sí,∇^1 θ̂+0.9260 LR5.265,,—,,sin par,0,,0,0,0,0,1,0
MA(1) .9,1,18,1,1,—,,sí,∇^2 θ̂+1.0000 LR0.000,cancela,θ̂+0.9260 LR5.265,genuina,sin par,0,,1,0,0,0,1,0
MA(1) .9,1,18,2,1,—,,sí,∇^3 θ̂+1.0000 LR-0.000,cancela,θ̂+1.0000 LR0.000,cancelada,sin par,1,ruido blanco (Q): p mínimo = 0.0000,0,0,0,0,1,0
MA(1) .9,1,20,0,1,—,,sí,∇^1 θ̂+0.9347 LR11.884,,—,,sin par,1,ruido blanco (Q): p mínimo = 0.0009,0,0,0,0,1,0
MA(1) .9,1,20,1,1,—,,sí,∇^2 θ̂+1.0000 LR0.000,cancela,θ̂+0.9347 LR11.884,genuina,sin par,0,,1,0,0,0,1,0
MA(1) .9,1,20,2,1,—,,sí,∇^3 θ̂+1.0000 LR-0.000,cancela,θ̂+1.0000 LR0.000,cancelada,sin par,1,ruido blanco (Q): p mínimo = 0.0000,0,0,0,0,1,0
MA(1) .9,1,21,0,1,—,,sí,∇^1 θ̂+0.8830 LR127.170,,—,,sin par,1,ruido blanco (Q): p mínimo = 0.0000,0,0,0,1,1,1
MA(1) .9,1,21,1,1,—,,sí,∇^2 θ̂+1.0000 LR0.000,cancela,θ̂+0.8830 LR127.170,genuina,sin par,0,,1,0,0,1,1,1
MA(1) .9,1,21,2,1,—,,sí,∇^3 θ̂+1.0000 LR0.000,cancela,θ̂+1.0000 LR0.000,cancelada,sin par,1,ruido blanco (Q): p mínimo = 0.0000,0,0,0,1,1,1
MA(1) .9,1,22,0,1,—,,sí,∇^1 θ̂+0.9175 LR32.575,,—,,sin par,1,ruido blanco (Q): p mínimo = 0.0000,0,0,0,0,1,0
MA(1) .9,1,22,1,1,—,,sí,∇^2 θ̂+1.0000 LR-0.000,cancela,θ̂+0.9175 LR32.575,genuina,sin par,0,,1,0,0,0,1,0
MA(1) .9,1,22,2,1,—,,sí,∇^3 θ̂+1.0000 LR-0.000,cancela,θ̂+1.0000 LR0.000,cancelada,sin par,1,ruido blanco (Q): p mínimo = 0.0000,0,0,0,0,1,0
MA(1) .9,1,23,0,1,—,,sí,∇^1 θ̂+0.9260 LR21.993,,—,,sin par,1,ruido blanco (Q): p mínimo = 0.0000,0,0,0,0,1,0
MA(1) .9,1,23,1,1,—,,sí,∇^2 θ̂+1.0000 LR0.000,cancela,θ̂+0.9260 LR21.993,genuina,sin par,0,,1,0,0,0,1,0
MA(1) .9,1,23,2,1,—,,sí,∇^3 θ̂+1.0000 LR-0.000,cancela,θ̂+1.0000 LR0.000,cancelada,sin par,1,ruido blanco (Q): p mínimo = 0.0000,0,0,0,0,1,0
MA(1) .9,1,24,0,1,—,,sí,∇^1 θ̂+0.9195 LR9.238,,—,,sin par,1,ruido blanco (Q): p mínimo = 0.0002,0,0,0,0,1,0
MA(1) .9,1,24,1,1,—,,sí,∇^2 θ̂+1.0000 LR0.000,cancela,θ̂+0.9195 LR9.238,genuina,sin par,1,ruido blanco (Q): p mínimo = 0.0000,0,0,0,0,1,0
MA(1) .9,1,24,2,1,—,,sí,∇^3 θ̂+1.0000 LR0.000,cancela,θ̂+1.0000 LR0.000,cancelada,sin par,1,ruido blanco (Q): p mínimo = 0.0000,0,0,0,0,1,0
MA(1) .9,1,25,0,1,—,,sí,∇^1 θ̂+0.9371 LR19.604,,—,,sin par,1,ruido blanco (Q): p mínimo = 0.0000,0,0,0,0,1,0
MA(1) .9,1,25,1,1,—,,sí,∇^2 θ̂+1.0000 LR0.000,cancela,θ̂+0.9371 LR19.604,genuina,sin par,0,,1,0,0,0,1,0
MA(1) .9,1,25,2,1,—,,sí,∇^3 θ̂+1.0000 LR0.000,cancela,θ̂+1.0000 LR0.000,cancelada,sin par,1,ruido blanco (Q): p mínimo = 0.0000,0,0,0,0,1,0
MA(1) .9,1,26,0,1,—,,sí,∇^1 θ̂+0.9401 LR3.824,,—,,sin par,0,,0,0,0,0,0,0
MA(1) .9,1,26,1,1,—,,sí,∇^2 θ̂+1.0000 LR0.000,cancela,θ̂+0.9401 LR3.824,genuina,sin par,0,,1,0,0,0,0,0
MA(1) .9,1,26,2,1,—,,sí,∇^3 θ̂+1.0000 LR-0.000,cancela,θ̂+1.0000 LR0.000,cancelada,sin par,1,ruido blanco (Q): p mínimo = 0.0000,0,0,0,0,0,0
MA(1) .9,1,27,0,1,—,,sí,∇^1 θ̂+0.9169 LR24.368,,—,,sin par,1,ruido blanco (Q): p mínimo = 0.0000,0,0,0,0,1,0
MA(1) .9,1,27,1,1,—,,sí,∇^2 θ̂+1.0000 LR0.000,cancela,θ̂+0.9169 LR24.368,genuina,sin par,0,,1,0,0,0,1,0
MA(1) .9,1,27,2,1,—,,sí,∇^3 θ̂+1.0000 LR-0.000,cancela,θ̂+1.0000 LR0.000,cancelada,sin par,1,ruido blanco (Q): p mínimo = 0.0000; estacionalidad en los r,0,0,0,0,1,0
MA(1) .9,1,28,0,1,—,,sí,∇^1 θ̂+0.9024 LR50.050,,—,,sin par,1,ruido blanco (Q): p mínimo = 0.0000,0,0,0,1,1,0
MA(1) .9,1,28,1,1,—,,sí,∇^2 θ̂+1.0000 LR0.000,cancela,θ̂+0.9024 LR50.050,genuina,sin par,0,,1,0,0,1,1,0
MA(1) .9,1,28,2,1,—,,sí,∇^3 θ̂+1.0000 LR-0.000,cancela,θ̂+1.0000 LR0.000,cancelada,sin par,1,ruido blanco (Q): p mínimo = 0.0000,0,0,0,1,1,0
MA(1) .9,1,29,0,1,—,,sí,∇^1 θ̂+0.9779 LR0.052,cancela,—,,sin par,0,,1,0,0,0,0,0
MA(1) .9,1,29,1,1,—,,sí,∇^2 θ̂+1.0000 LR0.000,cancela,θ̂+0.9779 LR0.052,cancelada,sin par,0,,0,0,0,0,0,0
MA(1) .9,1,29,2,1,—,,sí,∇^3 θ̂+1.0000 LR0.000,cancela,θ̂+1.0000 LR0.000,cancelada,sin par,1,ruido blanco (Q): p mínimo = 0.0000,0,0,0,0,0,0
MA(1) .9,1,30,0,1,—,,sí,∇^1 θ̂+0.8738 LR48.881,,—,,sin par,1,ruido blanco (Q): p mínimo = 0.0000,0,0,0,1,1,0
MA(1) .9,1,30,1,1,—,,sí,∇^2 θ̂+1.0000 LR0.000,cancela,θ̂+0.8738 LR48.881,genuina,sin par,0,,1,0,0,1,1,0
MA(1) .9,1,30,2,1,—,,sí,∇^3 θ̂+1.0000 LR0.000,cancela,θ̂+1.0000 LR0.000,cancelada,sin par,1,ruido blanco (Q): p mínimo = 0.0000,0,0,0,1,1,0
MA(1) .9,1,32,0,1,—,,sí,∇^1 θ̂+0.9014 LR67.351,,—,,sin par,1,ruido blanco (Q): p mínimo = 0.0000,0,0,0,1,1,0
MA(1) .9,1,32,1,1,—,,sí,∇^2 θ̂+1.0000 LR0.000,cancela,θ̂+0.9014 LR67.351,genuina,sin par,0,,1,0,0,1,1,0
MA(1) .9,1,32,2,1,—,,sí,∇^3 θ̂+1.0000 LR-0.000,cancela,θ̂+1.0000 LR0.000,cancelada,sin par,1,ruido blanco (Q): p mínimo = 0.0000; estacionalidad en los r,0,0,0,1,1,0
MA(1) .9,1,31,0,1,—,,sí,∇^1 θ̂+0.8964 LR28.311,,—,,sin par,1,ruido blanco (Q): p mínimo = 0.0000; normalidad (JB): 10.094,0,0,0,0,1,0
MA(1) .9,1,31,1,1,—,,sí,∇^2 θ̂+1.0000 LR0.000,cancela,θ̂+0.8964 LR28.311,genuina,sin par,0,,1,0,0,0,1,0
MA(1) .9,1,31,2,1,—,,sí,∇^3 θ̂+1.0000 LR-0.000,cancela,θ̂+1.0000 LR0.000,cancelada,sin par,1,ruido blanco (Q): p mínimo = 0.0000; estacionalidad en los r,0,0,0,0,1,0
MA(1) .9,1,33,0,1,—,,sí,∇^1 θ̂+0.9038 LR35.872,,—,,sin par,1,ruido blanco (Q): p mínimo = 0.0000,0,0,0,0,1,0
MA(1) .9,1,33,1,1,—,,sí,∇^2 θ̂+1.0000 LR0.000,cancela,θ̂+0.9038 LR35.872,genuina,sin par,0,,1,0,0,0,1,0
MA(1) .9,1,33,2,1,—,,sí,∇^3 θ̂+1.0000 LR-0.000,cancela,θ̂+1.0000 LR0.000,cancelada,sin par,1,ruido blanco (Q): p mínimo = 0.0000,0,0,0,0,1,0
MA(1) .9,1,34,0,1,—,,sí,∇^1 θ̂+0.8867 LR55.382,,—,,sin par,1,ruido blanco (Q): p mínimo = 0.0000,0,0,0,1,1,0
MA(1) .9,1,34,1,1,—,,sí,∇^2 θ̂+1.0000 LR0.000,cancela,θ̂+0.8867 LR55.382,genuina,sin par,0,,1,0,0,1,1,0
MA(1) .9,1,34,2,1,—,,sí,∇^3 θ̂+1.0000 LR-0.000,cancela,θ̂+1.0000 LR0.000,cancelada,sin par,1,ruido blanco (Q): p mínimo = 0.0000,0,0,0,1,1,0
MA(1) .9,1,36,0,1,—,,sí,∇^1 θ̂+0.9158 LR7.517,,—,,sin par,0,,0,0,0,0,1,0
MA(1) .9,1,36,1,1,—,,sí,∇^2 θ̂+1.0000 LR-0.000,cancela,θ̂+0.9158 LR7.517,genuina,sin par,0,,1,0,0,0,1,0
MA(1) .9,1,36,2,1,—,,sí,∇^3 θ̂+1.0000 LR-0.000,cancela,θ̂+1.0000 LR0.000,cancelada,sin par,1,ruido blanco (Q): p mínimo = 0.0000,0,0,0,0,1,0
MA(1) .9,1,35,0,1,—,,sí,∇^1 θ̂+0.9094 LR12.133,,—,,sin par,0,,0,0,0,0,0,0
MA(1) .9,1,35,1,1,—,,sí,∇^2 θ̂+1.0000 LR0.000,cancela,θ̂+0.9094 LR12.133,genuina,sin par,1,"normalidad (JB): 8.460, p = 0.0146",0,0,0,0,0,0
MA(1) .9,1,35,2,1,—,,sí,∇^3 θ̂+1.0000 LR0.000,cancela,θ̂+1.0000 LR0.000,cancelada,sin par,1,ruido blanco (Q): p mínimo = 0.0000,0,0,0,0,0,0
MA(1) .9,1,37,0,1,—,,sí,∇^1 θ̂+0.9143 LR5.430,,—,,sin par,0,,0,0,0,0,0,0
MA(1) .9,1,37,1,1,—,,sí,∇^2 θ̂+1.0000 LR0.000,cancela,θ̂+0.9143 LR5.430,genuina,sin par,0,,1,0,0,0,0,0
MA(1) .9,1,37,2,1,—,,sí,∇^3 θ̂+1.0000 LR-0.000,cancela,θ̂+1.0000 LR0.000,cancelada,sin par,1,ruido blanco (Q): p mínimo = 0.0000,0,0,0,0,0,0
MA(1) .9,1,38,0,1,—,,sí,∇^1 θ̂+0.8883 LR10.108,,—,,sin par,0,,0,0,0,0,0,0
MA(1) .9,1,38,1,1,—,,sí,∇^2 θ̂+1.0000 LR0.000,cancela,θ̂+0.8883 LR10.108,genuina,sin par,0,,1,0,0,0,0,0
MA(1) .9,1,38,2,1,—,,sí,∇^3 θ̂+1.0000 LR0.000,cancela,θ̂+1.0000 LR0.000,cancelada,sin par,1,ruido blanco (Q): p mínimo = 0.0000,0,0,0,0,0,0
MA(1) .9,1,39,0,1,—,,sí,∇^1 θ̂+0.9261 LR21.335,,—,,sin par,1,ruido blanco (Q): p mínimo = 0.0000,0,0,0,0,1,0
MA(1) .9,1,39,1,1,—,,sí,∇^2 θ̂+1.0000 LR0.000,cancela,θ̂+0.9261 LR21.335,genuina,sin par,0,,1,0,0,0,1,0
MA(1) .9,1,39,2,1,—,,sí,∇^3 θ̂+1.0000 LR0.000,cancela,θ̂+1.0000 LR0.000,cancelada,sin par,1,ruido blanco (Q): p mínimo = 0.0000,0,0,0,0,1,0
MA(1) .9,1,40,0,1,—,,sí,∇^1 θ̂+0.8852 LR25.673,,—,,sin par,1,ruido blanco (Q): p mínimo = 0.0001; estacionalidad en los r,0,0,0,0,1,0
MA(1) .9,1,40,1,1,—,,sí,∇^2 θ̂+1.0000 LR0.000,cancela,θ̂+0.8852 LR25.673,genuina,sin par,1,ruido blanco (Q): p mínimo = 0.0000; estacionalidad en los r,0,0,0,0,1,0
MA(1) .9,1,40,2,1,—,,sí,∇^3 θ̂+1.0000 LR-0.000,cancela,θ̂+1.0000 LR0.000,cancelada,sin par,1,ruido blanco (Q): p mínimo = 0.0000,0,0,0,0,1,0
MA(1) .9,1,41,0,1,—,,sí,∇^1 θ̂+0.8758 LR-0.332,cancela,—,,sin par,0,,1,1,0,0,0,0
MA(1) .9,1,41,1,1,—,,sí,∇^2 θ̂+1.0000 LR0.000,cancela,θ̂+0.9939 LR0.010,cancelada,sin par,1,ruido blanco (Q): p mínimo = 0.0029,0,0,0,0,0,0
MA(1) .9,1,41,2,1,—,,sí,∇^3 θ̂+1.0000 LR-0.000,cancela,θ̂+1.0000 LR0.000,cancelada,sin par,1,ruido blanco (Q): p mínimo = 0.0000,0,0,0,0,0,0
MA(1) .9,1,43,0,1,—,,sí,∇^1 θ̂+0.9242 LR17.125,,—,,sin par,1,ruido blanco (Q): p mínimo = 0.0001,0,0,0,0,1,0
MA(1) .9,1,43,1,1,—,,sí,∇^2 θ̂+1.0000 LR0.000,cancela,θ̂+0.9242 LR17.125,genuina,sin par,1,estacionalidad en los residuos (p = 0.0153),0,0,0,0,1,0
MA(1) .9,1,43,2,1,—,,sí,∇^3 θ̂+1.0000 LR0.000,cancela,θ̂+1.0000 LR0.000,cancelada,sin par,1,ruido blanco (Q): p mínimo = 0.0000,0,0,0,0,1,0
MA(1) .9,1,42,0,1,—,,sí,∇^1 θ̂+0.8266 LR114.719,,—,,sin par,1,ruido blanco (Q): p mínimo = 0.0000,0,0,0,1,1,1
MA(1) .9,1,42,1,1,—,,sí,∇^2 θ̂+1.0000 LR0.000,cancela,θ̂+0.8266 LR114.719,genuina,sin par,0,,1,0,0,1,1,1
MA(1) .9,1,42,2,1,—,,sí,∇^3 θ̂+1.0000 LR0.000,cancela,θ̂+1.0000 LR0.000,cancelada,sin par,1,ruido blanco (Q): p mínimo = 0.0000,0,0,0,1,1,1
MA(1) .9,1,44,0,1,—,,sí,∇^1 θ̂+0.8499 LR64.413,,—,,sin par,1,ruido blanco (Q): p mínimo = 0.0000,0,0,0,0,1,1
MA(1) .9,1,44,1,1,—,,sí,∇^2 θ̂+1.0000 LR-0.000,cancela,θ̂+0.8499 LR64.413,genuina,sin par,0,,1,0,0,0,1,1
MA(1) .9,1,44,2,1,—,,sí,∇^3 θ̂+1.0000 LR0.000,cancela,θ̂+1.0000 LR0.000,cancelada,sin par,1,ruido blanco (Q): p mínimo = 0.0000,0,0,0,0,1,1
MA(1) .9,1,47,0,1,—,,sí,∇^1 θ̂+0.9571 LR3.148,,—,,sin par,0,,0,0,0,0,0,0
MA(1) .9,1,47,1,1,—,,sí,∇^2 θ̂+1.0000 LR0.000,cancela,θ̂+0.9571 LR3.148,genuina,sin par,0,,1,0,0,0,0,0
MA(1) .9,1,47,2,1,—,,sí,∇^3 θ̂+1.0000 LR0.000,cancela,θ̂+1.0000 LR0.000,cancelada,sin par,1,ruido blanco (Q): p mínimo = 0.0000,0,0,0,0,0,0
MA(1) .9,1,45,0,1,—,,sí,∇^1 θ̂+0.8960 LR130.769,,—,,sin par,1,ruido blanco (Q): p mínimo = 0.0000,0,0,0,1,1,0
MA(1) .9,1,45,1,1,—,,sí,∇^2 θ̂+1.0000 LR0.000,cancela,θ̂+0.8960 LR130.769,genuina,sin par,0,,1,0,0,1,1,0
MA(1) .9,1,45,2,1,—,,sí,∇^3 θ̂+1.0000 LR-0.000,cancela,θ̂+1.0000 LR0.000,cancelada,sin par,1,ruido blanco (Q): p mínimo = 0.0000,0,0,0,1,1,0
MA(1) .9,1,46,0,1,—,,sí,∇^1 θ̂+0.8467 LR75.245,,—,,sin par,1,ruido blanco (Q): p mínimo = 0.0000,0,0,0,1,1,0
MA(1) .9,1,46,1,1,—,,sí,∇^2 θ̂+1.0000 LR-0.000,cancela,θ̂+0.8467 LR75.245,genuina,sin par,1,"normalidad (JB): 12.079, p = 0.0024",0,0,0,1,1,0
MA(1) .9,1,46,2,1,—,,sí,∇^3 θ̂+1.0000 LR-0.000,cancela,θ̂+1.0000 LR0.000,cancelada,sin par,1,ruido blanco (Q): p mínimo = 0.0000,0,0,0,1,1,0
MA(1) .9,1,48,0,1,—,,sí,∇^1 θ̂+0.8933 LR33.154,,—,,sin par,1,ruido blanco (Q): p mínimo = 0.0001,0,0,0,0,1,0
MA(1) .9,1,48,1,1,—,,sí,∇^2 θ̂+1.0000 LR0.000,cancela,θ̂+0.8933 LR33.154,genuina,sin par,0,,1,0,0,0,1,0
MA(1) .9,1,48,2,1,—,,sí,∇^3 θ̂+1.0000 LR0.000,cancela,θ̂+1.0000 LR0.000,cancelada,sin par,1,"ruido blanco (Q): p mínimo = 0.0000; normalidad (JB): 7.784,",0,0,0,0,1,0
MA(1) .9,1,49,0,1,—,,sí,∇^1 θ̂+0.9408 LR7.197,,—,,sin par,0,,0,0,0,0,1,0
MA(1) .9,1,49,1,1,—,,sí,∇^2 θ̂+1.0000 LR0.000,cancela,θ̂+0.9408 LR7.197,genuina,sin par,1,estacionalidad en los residuos (p = 0.0405),0,0,0,0,1,0
MA(1) .9,1,49,2,1,—,,sí,∇^3 θ̂+1.0000 LR0.000,cancela,θ̂+1.0000 LR0.000,cancelada,sin par,1,ruido blanco (Q): p mínimo = 0.0000; estacionalidad en los r,0,0,0,0,1,0
MA(1) .95,1,0,0,1,—,,sí,∇^1 θ̂+1.0000 LR-0.000,cancela,—,,sin par,0,,1,0,0,0,0,0
MA(1) .95,1,0,1,1,—,,sí,∇^2 θ̂+1.0000 LR0.000,cancela,θ̂+1.0000 LR0.000,cancelada,sin par,0,,0,0,0,0,0,0
MA(1) .95,1,0,2,1,—,,sí,∇^3 θ̂+1.0000 LR-0.000,cancela,θ̂+1.0000 LR0.000,cancelada,sin par,1,ruido blanco (Q): p mínimo = 0.0000,0,0,0,0,0,0
MA(1) .95,1,1,0,1,—,,sí,∇^1 θ̂+0.9382 LR5.051,,—,,sin par,0,,0,0,0,0,0,0
MA(1) .95,1,1,1,1,—,,sí,∇^2 θ̂+1.0000 LR0.000,cancela,θ̂+0.9382 LR5.051,genuina,sin par,0,,1,0,0,0,0,0
MA(1) .95,1,1,2,1,—,,sí,∇^3 θ̂+1.0000 LR-0.000,cancela,θ̂+1.0000 LR0.000,cancelada,sin par,1,ruido blanco (Q): p mínimo = 0.0000,0,0,0,0,0,0
MA(1) .95,1,2,0,1,—,,sí,∇^1 θ̂+0.9795 LR0.394,cancela,—,,sin par,0,,1,0,0,0,0,0
MA(1) .95,1,2,1,1,—,,sí,∇^2 θ̂+1.0000 LR0.000,cancela,θ̂+0.9795 LR0.394,cancelada,sin par,0,,0,0,0,0,0,0
MA(1) .95,1,2,2,1,—,,sí,∇^3 θ̂+1.0000 LR-0.000,cancela,θ̂+1.0000 LR0.000,cancelada,sin par,1,ruido blanco (Q): p mínimo = 0.0000,0,0,0,0,0,0
MA(1) .95,1,3,0,1,—,,sí,∇^1 θ̂+0.9437 LR4.273,,—,,sin par,0,,0,0,0,0,1,0
MA(1) .95,1,3,1,1,—,,sí,∇^2 θ̂+1.0000 LR0.000,cancela,θ̂+0.9437 LR4.273,genuina,sin par,0,,1,0,0,0,1,0
MA(1) .95,1,3,2,1,—,,sí,∇^3 θ̂+1.0000 LR-0.000,cancela,θ̂+1.0000 LR0.000,cancelada,sin par,1,ruido blanco (Q): p mínimo = 0.0000,0,0,0,0,1,0
MA(1) .95,1,4,0,1,—,,sí,∇^1 θ̂+0.9556 LR10.945,,—,,sin par,0,,0,0,0,0,1,0
MA(1) .95,1,4,1,1,—,,sí,∇^2 θ̂+1.0000 LR0.000,cancela,θ̂+0.9556 LR10.945,genuina,sin par,0,,1,0,0,0,1,0
MA(1) .95,1,4,2,1,—,,sí,∇^3 θ̂+1.0000 LR-0.000,cancela,θ̂+1.0000 LR0.000,cancelada,sin par,1,"ruido blanco (Q): p mínimo = 0.0000; normalidad (JB): 6.343,",0,0,0,0,1,0
MA(1) .95,1,5,0,1,—,,sí,∇^1 θ̂+0.9224 LR10.206,,—,,sin par,1,estacionalidad en los residuos (p = 0.0371),0,0,0,0,1,0
MA(1) .95,1,5,1,1,—,,sí,∇^2 θ̂+1.0000 LR0.000,cancela,θ̂+0.9224 LR10.206,genuina,sin par,1,estacionalidad en los residuos (p = 0.0161),0,0,0,0,1,0
MA(1) .95,1,5,2,1,—,,sí,∇^3 θ̂+1.0000 LR0.000,cancela,θ̂+1.0000 LR0.000,cancelada,sin par,1,ruido blanco (Q): p mínimo = 0.0000,0,0,0,0,1,0
MA(1) .95,1,6,0,1,—,,sí,∇^1 θ̂+1.0000 LR-0.000,cancela,—,,sin par,0,,1,0,0,0,0,0
MA(1) .95,1,6,1,1,—,,sí,∇^2 θ̂+1.0000 LR0.000,cancela,θ̂+1.0000 LR0.000,cancelada,sin par,0,,0,0,0,0,0,0
MA(1) .95,1,6,2,1,—,,sí,∇^3 θ̂+1.0000 LR0.000,cancela,θ̂+1.0000 LR0.000,cancelada,sin par,1,ruido blanco (Q): p mínimo = 0.0000,0,0,0,0,0,0
MA(1) .95,1,7,0,1,—,,sí,∇^1 θ̂+0.9491 LR10.771,,—,,sin par,0,,0,0,0,0,1,0
MA(1) .95,1,7,1,1,—,,sí,∇^2 θ̂+1.0000 LR0.000,cancela,θ̂+0.9491 LR10.771,genuina,sin par,0,,1,0,0,0,1,0
MA(1) .95,1,7,2,1,—,,sí,∇^3 θ̂+1.0000 LR0.000,cancela,θ̂+1.0000 LR0.000,cancelada,sin par,1,ruido blanco (Q): p mínimo = 0.0000,0,0,0,0,1,0
MA(1) .95,1,8,0,1,—,,sí,∇^1 θ̂+0.9802 LR0.193,cancela,—,,sin par,0,,1,0,0,0,0,0
MA(1) .95,1,8,1,1,—,,sí,∇^2 θ̂+1.0000 LR-0.000,cancela,θ̂+0.9802 LR0.193,cancelada,sin par,1,ruido blanco (Q): p mínimo = 0.0133,0,0,0,0,0,0
MA(1) .95,1,8,2,1,—,,sí,∇^3 θ̂+1.0000 LR-0.000,cancela,θ̂+1.0000 LR0.000,cancelada,sin par,1,ruido blanco (Q): p mínimo = 0.0000; normalidad (JB): 17.061,0,0,0,0,0,0
MA(1) .95,1,9,0,1,—,,sí,∇^1 θ̂+0.9661 LR1.158,cancela,—,,sin par,0,,1,0,0,0,0,0
MA(1) .95,1,9,1,1,—,,sí,∇^2 θ̂+1.0000 LR0.000,cancela,θ̂+0.9661 LR1.158,cancelada,sin par,0,,0,0,0,0,0,0
MA(1) .95,1,9,2,1,—,,sí,∇^3 θ̂+1.0000 LR-0.000,cancela,θ̂+1.0000 LR0.000,cancelada,sin par,1,"ruido blanco (Q): p mínimo = 0.0000; normalidad (JB): 6.745,",0,0,0,0,0,0
MA(1) .95,1,10,0,1,—,,sí,∇^1 θ̂+0.9429 LR19.008,,—,,sin par,1,ruido blanco (Q): p mínimo = 0.0016,0,0,0,0,1,0
MA(1) .95,1,10,1,1,—,,sí,∇^2 θ̂+1.0000 LR0.000,cancela,θ̂+0.9429 LR19.008,genuina,sin par,0,,1,0,0,0,1,0
MA(1) .95,1,10,2,1,—,,sí,∇^3 θ̂+1.0000 LR0.000,cancela,θ̂+1.0000 LR0.000,cancelada,sin par,1,ruido blanco (Q): p mínimo = 0.0000,0,0,0,0,1,0
MA(1) .95,1,11,0,1,—,,sí,∇^1 θ̂+0.9768 LR1.917,cancela,—,,sin par,0,,1,0,0,0,1,0
MA(1) .95,1,11,1,1,—,,sí,∇^2 θ̂+1.0000 LR0.000,cancela,θ̂+0.9768 LR1.917,cancelada,sin par,0,,0,0,0,0,1,0
MA(1) .95,1,11,2,1,—,,sí,∇^3 θ̂+1.0000 LR0.000,cancela,θ̂+1.0000 LR0.000,cancelada,sin par,1,ruido blanco (Q): p mínimo = 0.0000,0,0,0,0,1,0
MA(1) .95,1,12,0,1,—,,sí,∇^1 θ̂+1.0000 LR0.000,cancela,—,,sin par,0,,1,0,0,0,0,0
MA(1) .95,1,12,1,1,—,,sí,∇^2 θ̂+1.0000 LR0.000,cancela,θ̂+1.0000 LR0.000,cancelada,sin par,0,,0,0,0,0,0,0
MA(1) .95,1,12,2,1,—,,sí,∇^3 θ̂+1.0000 LR0.000,cancela,θ̂+1.0000 LR0.000,cancelada,sin par,1,ruido blanco (Q): p mínimo = 0.0000,0,0,0,0,0,0
MA(1) .95,1,13,0,1,—,,sí,∇^1 θ̂+0.9375 LR12.770,,—,,sin par,0,,0,0,0,0,1,0
MA(1) .95,1,13,1,1,—,,sí,∇^2 θ̂+1.0000 LR0.000,cancela,θ̂+0.9375 LR12.770,genuina,sin par,0,,1,0,0,0,1,0
MA(1) .95,1,13,2,1,—,,sí,∇^3 θ̂+1.0000 LR0.000,cancela,θ̂+1.0000 LR0.000,cancelada,sin par,1,ruido blanco (Q): p mínimo = 0.0000,0,0,0,0,1,0
MA(1) .95,1,14,0,1,—,,sí,∇^1 θ̂+0.9267 LR3.354,,—,,sin par,0,,0,0,0,0,0,0
MA(1) .95,1,14,1,1,—,,sí,∇^2 θ̂+1.0000 LR0.000,cancela,θ̂+0.9267 LR3.354,genuina,sin par,0,,1,0,0,0,0,0
MA(1) .95,1,14,2,1,—,,sí,∇^3 θ̂+1.0000 LR-0.000,cancela,θ̂+1.0000 LR0.000,cancelada,sin par,1,ruido blanco (Q): p mínimo = 0.0000,0,0,0,0,0,0
MA(1) .95,1,15,0,1,—,,sí,∇^1 θ̂+1.0000 LR0.000,cancela,—,,sin par,0,,1,0,0,0,0,0
MA(1) .95,1,15,1,1,—,,sí,∇^2 θ̂+1.0000 LR0.000,cancela,θ̂+1.0000 LR0.000,cancelada,sin par,0,,0,0,0,0,0,0
MA(1) .95,1,15,2,1,—,,sí,∇^3 θ̂+1.0000 LR0.000,cancela,θ̂+1.0000 LR0.000,cancelada,sin par,1,ruido blanco (Q): p mínimo = 0.0000,0,0,0,0,0,0
MA(1) .95,1,16,0,1,—,,sí,∇^1 θ̂+0.9126 LR16.362,,—,,sin par,1,ruido blanco (Q): p mínimo = 0.0001,0,0,0,1,1,0
MA(1) .95,1,16,1,1,—,,sí,∇^2 θ̂+1.0000 LR-0.000,cancela,θ̂+0.9126 LR16.362,genuina,sin par,0,,1,0,0,1,1,0
MA(1) .95,1,16,2,1,—,,sí,∇^3 θ̂+1.0000 LR0.000,cancela,θ̂+1.0000 LR0.000,cancelada,sin par,1,ruido blanco (Q): p mínimo = 0.0000,0,0,0,1,1,0
MA(1) .95,1,17,0,1,—,,sí,∇^1 θ̂+0.9575 LR6.239,,—,,sin par,0,,0,0,0,0,1,0
MA(1) .95,1,17,1,1,—,,sí,∇^2 θ̂+1.0000 LR0.000,cancela,θ̂+0.9575 LR6.239,genuina,sin par,0,,1,0,0,0,1,0
MA(1) .95,1,17,2,1,—,,sí,∇^3 θ̂+1.0000 LR-0.000,cancela,θ̂+1.0000 LR0.000,cancelada,sin par,1,ruido blanco (Q): p mínimo = 0.0000,0,0,0,0,1,0
MA(1) .95,1,18,0,1,—,,sí,∇^1 θ̂+0.9243 LR2.440,,—,,sin par,0,,0,0,0,0,0,0
MA(1) .95,1,18,1,1,—,,sí,∇^2 θ̂+1.0000 LR0.000,cancela,θ̂+0.9243 LR2.440,genuina,sin par,0,,1,0,0,0,0,0
MA(1) .95,1,18,2,1,—,,sí,∇^3 θ̂+1.0000 LR-0.000,cancela,θ̂+1.0000 LR0.000,cancelada,sin par,1,ruido blanco (Q): p mínimo = 0.0000,0,0,0,0,0,0
MA(1) .95,1,19,0,1,—,,sí,∇^1 θ̂+0.9422 LR16.321,,—,,sin par,0,,0,0,0,0,1,0
MA(1) .95,1,19,1,1,—,,sí,∇^2 θ̂+1.0000 LR0.000,cancela,θ̂+0.9422 LR16.321,genuina,sin par,0,,1,0,0,0,1,0
MA(1) .95,1,19,2,1,—,,sí,∇^3 θ̂+1.0000 LR-0.000,cancela,θ̂+1.0000 LR0.000,cancelada,sin par,1,ruido blanco (Q): p mínimo = 0.0000,0,0,0,0,1,0
MA(1) .95,1,20,0,1,—,,sí,∇^1 θ̂+0.9358 LR4.104,,—,,sin par,0,,0,0,0,0,0,0
MA(1) .95,1,20,1,1,—,,sí,∇^2 θ̂+1.0000 LR0.000,cancela,θ̂+0.9358 LR4.104,genuina,sin par,0,,1,0,0,0,0,0
MA(1) .95,1,20,2,1,—,,sí,∇^3 θ̂+1.0000 LR0.000,cancela,θ̂+1.0000 LR0.000,cancelada,sin par,1,ruido blanco (Q): p mínimo = 0.0000,0,0,0,0,0,0
MA(1) .95,1,21,0,1,—,,sí,∇^1 θ̂+0.9532 LR14.066,,—,,sin par,1,ruido blanco (Q): p mínimo = 0.0240,0,0,0,0,1,0
MA(1) .95,1,21,1,1,—,,sí,∇^2 θ̂+1.0000 LR0.000,cancela,θ̂+0.9532 LR14.066,genuina,sin par,0,,1,0,0,0,1,0
MA(1) .95,1,21,2,1,—,,sí,∇^3 θ̂+1.0000 LR-0.000,cancela,θ̂+1.0000 LR0.000,cancelada,sin par,1,ruido blanco (Q): p mínimo = 0.0000,0,0,0,0,1,0
MA(1) .95,1,22,0,1,—,,sí,∇^1 θ̂+0.9490 LR1.558,cancela,—,,sin par,0,,1,0,0,0,0,0
MA(1) .95,1,22,1,1,—,,sí,∇^2 θ̂+1.0000 LR0.000,cancela,θ̂+0.9490 LR1.558,cancelada,sin par,0,,0,0,0,0,0,0
MA(1) .95,1,22,2,1,—,,sí,∇^3 θ̂+1.0000 LR0.000,cancela,θ̂+1.0000 LR0.000,cancelada,sin par,1,ruido blanco (Q): p mínimo = 0.0000,0,0,0,0,0,0
MA(1) .95,1,25,0,1,—,,sí,∇^1 θ̂+0.9723 LR2.004,,—,,sin par,0,,0,0,0,0,0,0
MA(1) .95,1,25,1,1,—,,sí,∇^2 θ̂+1.0000 LR0.000,cancela,θ̂+0.9723 LR2.004,genuina,sin par,1,"normalidad (JB): 6.558, p = 0.0377",0,0,0,0,0,0
MA(1) .95,1,25,2,1,—,,sí,∇^3 θ̂+1.0000 LR-0.000,cancela,θ̂+1.0000 LR0.000,cancelada,sin par,1,ruido blanco (Q): p mínimo = 0.0000,0,0,0,0,0,0
MA(1) .95,1,24,0,1,—,,sí,∇^1 θ̂+0.9253 LR54.861,,—,,sin par,1,ruido blanco (Q): p mínimo = 0.0000,0,0,0,1,1,0
MA(1) .95,1,24,1,1,—,,sí,∇^2 θ̂+1.0000 LR0.000,cancela,θ̂+0.9253 LR54.861,genuina,sin par,0,,1,0,0,1,1,0
MA(1) .95,1,24,2,1,—,,sí,∇^3 θ̂+1.0000 LR-0.000,cancela,θ̂+1.0000 LR0.000,cancelada,sin par,1,ruido blanco (Q): p mínimo = 0.0000; estacionalidad en los r,0,0,0,1,1,0
MA(1) .95,1,23,0,1,—,,sí,∇^1 θ̂+0.9296 LR19.589,,—,,sin par,1,ruido blanco (Q): p mínimo = 0.0027,0,0,0,0,1,0
MA(1) .95,1,23,1,1,—,,sí,∇^2 θ̂+1.0000 LR0.000,cancela,θ̂+0.9296 LR19.589,genuina,sin par,0,,1,0,0,0,1,0
MA(1) .95,1,23,2,1,—,,sí,∇^3 θ̂+1.0000 LR0.000,cancela,θ̂+1.0000 LR0.000,cancelada,sin par,1,ruido blanco (Q): p mínimo = 0.0000; estacionalidad en los r,0,0,0,0,1,0
MA(1) .95,1,26,0,1,—,,sí,∇^1 θ̂+1.0000 LR-0.000,cancela,—,,sin par,0,,1,0,0,0,0,0
MA(1) .95,1,26,1,1,—,,sí,∇^2 θ̂+1.0000 LR0.000,cancela,θ̂+1.0000 LR0.000,cancelada,sin par,0,,0,0,0,0,0,0
MA(1) .95,1,26,2,1,—,,sí,∇^3 θ̂+1.0000 LR0.000,cancela,θ̂+1.0000 LR0.000,cancelada,sin par,1,ruido blanco (Q): p mínimo = 0.0000,0,0,0,0,0,0
MA(1) .95,1,29,0,1,—,,sí,∇^1 θ̂+1.0000 LR0.000,cancela,—,,sin par,0,,1,0,0,0,0,0
MA(1) .95,1,29,1,1,—,,sí,∇^2 θ̂+1.0000 LR0.000,cancela,θ̂+1.0000 LR0.000,cancelada,sin par,0,,0,0,0,0,0,0
MA(1) .95,1,29,2,1,—,,sí,∇^3 θ̂+1.0000 LR-0.000,cancela,θ̂+1.0000 LR0.000,cancelada,sin par,1,ruido blanco (Q): p mínimo = 0.0000,0,0,0,0,0,0
MA(1) .95,1,28,0,1,—,,sí,∇^1 θ̂+0.9312 LR37.782,,—,,sin par,1,ruido blanco (Q): p mínimo = 0.0000,0,0,0,0,1,0
MA(1) .95,1,28,1,1,—,,sí,∇^2 θ̂+1.0000 LR0.000,cancela,θ̂+0.9312 LR37.782,genuina,sin par,0,,1,0,0,0,1,0
MA(1) .95,1,28,2,1,—,,sí,∇^3 θ̂+1.0000 LR-0.000,cancela,θ̂+1.0000 LR0.000,cancelada,sin par,1,ruido blanco (Q): p mínimo = 0.0000,0,0,0,0,1,0
MA(1) .95,1,27,0,1,—,,sí,∇^1 θ̂+0.9904 LR0.086,cancela,—,,sin par,1,ruido blanco (Q): p mínimo = 0.0017,0,0,0,0,0,0
MA(1) .95,1,27,1,1,—,,sí,∇^2 θ̂+1.0000 LR0.000,cancela,θ̂+0.9904 LR0.086,cancelada,sin par,1,ruido blanco (Q): p mínimo = 0.0011,0,0,0,0,0,0
MA(1) .95,1,27,2,1,—,,sí,∇^3 θ̂+1.0000 LR0.000,cancela,θ̂+1.0000 LR0.000,cancelada,sin par,1,ruido blanco (Q): p mínimo = 0.0000,0,0,0,0,0,0
MA(1) .95,1,30,0,1,—,,sí,∇^1 θ̂+0.9250 LR2.089,,—,,sin par,0,,0,0,0,0,0,0
MA(1) .95,1,30,1,1,—,,sí,∇^2 θ̂+1.0000 LR0.000,cancela,θ̂+0.9250 LR2.089,genuina,sin par,0,,1,0,0,0,0,0
MA(1) .95,1,30,2,1,—,,sí,∇^3 θ̂+1.0000 LR0.000,cancela,θ̂+1.0000 LR0.000,cancelada,sin par,1,ruido blanco (Q): p mínimo = 0.0000,0,0,0,0,0,0
MA(1) .95,1,32,0,1,—,,sí,∇^1 θ̂+1.0000 LR0.000,cancela,—,,sin par,0,,1,0,0,0,0,0
MA(1) .95,1,32,1,1,—,,sí,∇^2 θ̂+1.0000 LR0.000,cancela,θ̂+1.0000 LR0.000,cancelada,sin par,0,,0,0,0,0,0,0
MA(1) .95,1,32,2,1,—,,sí,∇^3 θ̂+1.0000 LR0.000,cancela,θ̂+1.0000 LR0.000,cancelada,sin par,1,ruido blanco (Q): p mínimo = 0.0000,0,0,0,0,0,0
MA(1) .95,1,31,0,1,—,,sí,∇^1 θ̂+0.9356 LR3.451,,—,,sin par,0,,0,0,0,0,0,0
MA(1) .95,1,31,1,1,—,,sí,∇^2 θ̂+1.0000 LR0.000,cancela,θ̂+0.9356 LR3.451,genuina,sin par,0,,1,0,0,0,0,0
MA(1) .95,1,31,2,1,—,,sí,∇^3 θ̂+1.0000 LR0.000,cancela,θ̂+1.0000 LR0.000,cancelada,sin par,1,ruido blanco (Q): p mínimo = 0.0000,0,0,0,0,0,0
MA(1) .95,1,34,0,1,—,,sí,∇^1 θ̂+1.0000 LR0.000,cancela,—,,sin par,0,,1,0,0,0,0,0
MA(1) .95,1,34,1,1,—,,sí,∇^2 θ̂+1.0000 LR0.000,cancela,θ̂+1.0000 LR0.000,cancelada,sin par,0,,0,0,0,0,0,0
MA(1) .95,1,34,2,1,—,,sí,∇^3 θ̂+1.0000 LR0.000,cancela,θ̂+1.0000 LR0.000,cancelada,sin par,1,ruido blanco (Q): p mínimo = 0.0000; estacionalidad en los r,0,0,0,0,0,0
MA(1) .95,1,33,0,1,—,,sí,∇^1 θ̂+1.0000 LR0.000,cancela,—,,sin par,0,,1,0,0,0,0,0
MA(1) .95,1,33,1,1,—,,sí,∇^2 θ̂+1.0000 LR0.000,cancela,θ̂+1.0000 LR0.000,cancelada,sin par,0,,0,0,0,0,0,0
MA(1) .95,1,33,2,1,—,,sí,∇^3 θ̂+1.0000 LR0.000,cancela,θ̂+1.0000 LR0.000,cancelada,sin par,1,ruido blanco (Q): p mínimo = 0.0000,0,0,0,0,0,0
MA(1) .95,1,35,0,1,—,,sí,∇^1 θ̂+0.9730 LR4.286,,—,,sin par,0,,0,0,0,0,1,0
MA(1) .95,1,35,1,1,—,,sí,∇^2 θ̂+1.0000 LR0.000,cancela,θ̂+0.9730 LR4.286,genuina,sin par,0,,1,0,0,0,1,0
MA(1) .95,1,35,2,1,—,,sí,∇^3 θ̂+1.0000 LR0.000,cancela,θ̂+1.0000 LR0.000,cancelada,sin par,1,ruido blanco (Q): p mínimo = 0.0000,0,0,0,0,1,0
MA(1) .95,1,36,0,1,—,,sí,∇^1 θ̂+0.9115 LR30.378,,—,,sin par,1,ruido blanco (Q): p mínimo = 0.0000,0,0,0,1,1,0
MA(1) .95,1,36,1,1,—,,sí,∇^2 θ̂+1.0000 LR0.000,cancela,θ̂+0.9115 LR30.378,genuina,sin par,0,,1,0,0,1,1,0
MA(1) .95,1,36,2,1,—,,sí,∇^3 θ̂+1.0000 LR0.000,cancela,θ̂+1.0000 LR0.000,cancelada,sin par,1,ruido blanco (Q): p mínimo = 0.0000,0,0,0,1,1,0
MA(1) .95,1,38,0,1,—,,sí,∇^1 θ̂+0.9674 LR7.326,,—,,sin par,0,,0,0,0,0,1,0
MA(1) .95,1,38,1,1,—,,sí,∇^2 θ̂+1.0000 LR0.000,cancela,θ̂+0.9674 LR7.326,genuina,sin par,0,,1,0,0,0,1,0
MA(1) .95,1,38,2,1,—,,sí,∇^3 θ̂+1.0000 LR0.000,cancela,θ̂+1.0000 LR0.000,cancelada,sin par,1,ruido blanco (Q): p mínimo = 0.0000,0,0,0,0,1,0
MA(1) .95,1,37,0,1,—,,sí,∇^1 θ̂+0.9010 LR48.786,,—,,sin par,1,ruido blanco (Q): p mínimo = 0.0000,0,0,0,1,1,0
MA(1) .95,1,37,1,1,—,,sí,∇^2 θ̂+1.0000 LR-0.000,cancela,θ̂+0.9010 LR48.786,genuina,sin par,0,,1,0,0,1,1,0
MA(1) .95,1,37,2,1,—,,sí,∇^3 θ̂+1.0000 LR0.000,cancela,θ̂+1.0000 LR0.000,cancelada,sin par,1,ruido blanco (Q): p mínimo = 0.0000,0,0,0,1,1,0
MA(1) .95,1,39,0,1,—,,sí,∇^1 θ̂+0.8963 LR13.033,,—,,sin par,0,,0,0,0,0,1,0
MA(1) .95,1,39,1,1,—,,sí,∇^2 θ̂+1.0000 LR0.000,cancela,θ̂+0.8963 LR13.033,genuina,sin par,0,,1,0,0,0,1,0
MA(1) .95,1,39,2,1,—,,sí,∇^3 θ̂+1.0000 LR-0.000,cancela,θ̂+1.0000 LR0.000,cancelada,sin par,1,ruido blanco (Q): p mínimo = 0.0000,0,0,0,0,1,0
MA(1) .95,1,40,0,1,—,,sí,∇^1 θ̂+0.9869 LR0.203,cancela,—,,sin par,0,,1,0,0,0,0,0
MA(1) .95,1,40,1,1,—,,sí,∇^2 θ̂+1.0000 LR-0.000,cancela,θ̂+0.9869 LR0.203,cancelada,sin par,0,,0,0,0,0,0,0
MA(1) .95,1,40,2,1,—,,sí,∇^3 θ̂+1.0000 LR-0.000,cancela,θ̂+1.0000 LR0.000,cancelada,sin par,1,ruido blanco (Q): p mínimo = 0.0000; estacionalidad en los r,0,0,0,0,0,0
MA(1) .95,1,42,0,1,—,,sí,∇^1 θ̂+0.9574 LR5.460,,—,,sin par,0,,0,0,0,0,1,0
MA(1) .95,1,42,1,1,—,,sí,∇^2 θ̂+1.0000 LR0.000,cancela,θ̂+0.9574 LR5.460,genuina,sin par,0,,1,0,0,0,1,0
MA(1) .95,1,42,2,1,—,,sí,∇^3 θ̂+1.0000 LR-0.000,cancela,θ̂+1.0000 LR0.000,cancelada,sin par,1,ruido blanco (Q): p mínimo = 0.0000; estacionalidad en los r,0,0,0,0,1,0
MA(1) .95,1,41,0,1,—,,sí,∇^1 θ̂+0.9598 LR13.377,,—,,sin par,1,ruido blanco (Q): p mínimo = 0.0000; normalidad (JB): 12.896,0,0,0,1,1,0
MA(1) .95,1,41,1,1,—,,sí,∇^2 θ̂+1.0000 LR0.000,cancela,θ̂+0.9598 LR13.377,genuina,sin par,1,"normalidad (JB): 11.764, p = 0.0028",0,0,0,1,1,0
MA(1) .95,1,41,2,1,—,,sí,∇^3 θ̂+1.0000 LR0.000,cancela,θ̂+1.0000 LR0.000,cancelada,sin par,1,ruido blanco (Q): p mínimo = 0.0000,0,0,0,1,1,0
MA(1) .95,1,43,0,1,—,,sí,∇^1 θ̂+0.9694 LR1.303,cancela,—,,sin par,1,estacionalidad en los residuos (p = 0.0313),0,0,0,0,0,0
MA(1) .95,1,43,1,1,—,,sí,∇^2 θ̂+1.0000 LR0.000,cancela,θ̂+0.9694 LR1.303,cancelada,sin par,1,estacionalidad en los residuos (p = 0.0229),0,0,0,0,0,0
MA(1) .95,1,43,2,1,—,,sí,∇^3 θ̂+1.0000 LR-0.000,cancela,θ̂+1.0000 LR0.000,cancelada,sin par,1,ruido blanco (Q): p mínimo = 0.0000; estacionalidad en los r,0,0,0,0,0,0
MA(1) .95,1,46,0,1,—,,sí,∇^1 θ̂+0.9487 LR21.297,,—,,sin par,1,ruido blanco (Q): p mínimo = 0.0000,0,0,0,0,1,0
MA(1) .95,1,46,1,1,—,,sí,∇^2 θ̂+1.0000 LR-0.000,cancela,θ̂+0.9487 LR21.297,genuina,sin par,0,,1,0,0,0,1,0
MA(1) .95,1,46,2,1,—,,sí,∇^3 θ̂+1.0000 LR-0.000,cancela,θ̂+1.0000 LR0.000,cancelada,sin par,1,ruido blanco (Q): p mínimo = 0.0000,0,0,0,0,1,0
MA(1) .95,1,44,0,1,—,,sí,∇^1 θ̂+0.9403 LR13.921,,—,,sin par,0,,0,0,0,0,1,0
MA(1) .95,1,44,1,1,—,,sí,∇^2 θ̂+1.0000 LR-0.000,cancela,θ̂+0.9403 LR13.921,genuina,sin par,0,,1,0,0,0,1,0
MA(1) .95,1,44,2,1,—,,sí,∇^3 θ̂+1.0000 LR0.000,cancela,θ̂+1.0000 LR0.000,cancelada,sin par,1,ruido blanco (Q): p mínimo = 0.0000,0,0,0,0,1,0
MA(1) .95,1,45,0,1,—,,sí,∇^1 θ̂+0.9209 LR14.648,,—,,sin par,1,ruido blanco (Q): p mínimo = 0.0008; normalidad (JB): 11.588,0,0,0,0,1,0
MA(1) .95,1,45,1,1,—,,sí,∇^2 θ̂+1.0000 LR0.000,cancela,θ̂+0.9209 LR14.648,genuina,sin par,1,"normalidad (JB): 12.394, p = 0.0020",0,0,0,0,1,0
MA(1) .95,1,45,2,1,—,,sí,∇^3 θ̂+1.0000 LR-0.000,cancela,θ̂+1.0000 LR0.000,cancelada,sin par,1,ruido blanco (Q): p mínimo = 0.0000,0,0,0,0,1,0
AR(1) 0.8,2,0,1,1,SF,raíz,—,∇^2 θ̂-0.0736 LR224.570,genuina,θ̂-0.6956 LR1046.227,genuina,—,1,ruido blanco (Q): p mínimo = 0.0000,0,0,1,1,2,2
AR(1) 0.8,2,0,2,1,SF,estac.,—,∇^3 θ̂+1.0000 LR0.000,cancela,θ̂-0.0736 LR224.570,genuina,coinciden,0,,1,0,1,1,2,2
MA(1) .95,1,47,0,1,—,,sí,∇^1 θ̂+0.9648 LR4.045,,—,,sin par,0,,0,0,0,0,1,0
MA(1) .95,1,47,1,1,—,,sí,∇^2 θ̂+1.0000 LR-0.000,cancela,θ̂+0.9648 LR4.045,genuina,sin par,0,,1,0,0,0,1,0
MA(1) .95,1,47,2,1,—,,sí,∇^3 θ̂+1.0000 LR0.000,cancela,θ̂+1.0000 LR0.000,cancelada,sin par,1,ruido blanco (Q): p mínimo = 0.0000,0,0,0,0,1,0
MA(1) .95,1,49,0,1,—,,sí,∇^1 θ̂+1.0000 LR-0.000,cancela,—,,sin par,0,,1,0,0,0,0,0
MA(1) .95,1,49,1,1,—,,sí,∇^2 θ̂+1.0000 LR0.000,cancela,θ̂+1.0000 LR0.000,cancelada,sin par,0,,0,0,0,0,0,0
MA(1) .95,1,49,2,1,—,,sí,∇^3 θ̂+1.0000 LR0.000,cancela,θ̂+1.0000 LR0.000,cancelada,sin par,1,ruido blanco (Q): p mínimo = 0.0000,0,0,0,0,0,0
MA(1) .95,1,48,0,1,—,,sí,∇^1 θ̂+1.0000 LR0.000,cancela,—,,sin par,0,,1,0,0,0,0,0
MA(1) .95,1,48,1,1,—,,sí,∇^2 θ̂+1.0000 LR0.000,cancela,θ̂+1.0000 LR0.000,cancelada,sin par,0,,0,0,0,0,0,0
MA(1) .95,1,48,2,1,—,,sí,∇^3 θ̂+1.0000 LR-0.000,cancela,θ̂+1.0000 LR0.000,cancelada,sin par,1,ruido blanco (Q): p mínimo = 0.0000,0,0,0,0,0,0
AR(1) 0.8,2,1,1,1,SF,raíz,—,∇^2 θ̂-0.0444 LR175.158,genuina,θ̂-0.6780 LR1516.316,genuina,—,1,ruido blanco (Q): p mínimo = 0.0000; media residual distinta,0,0,1,2,2,2
AR(1) 0.8,2,1,2,1,SF,estac.,—,∇^3 θ̂+1.0000 LR0.000,cancela,θ̂-0.0444 LR175.158,genuina,coinciden,0,,1,0,1,2,2,2
AR(1) 0.8,2,2,1,1,SF,raíz,—,∇^2 θ̂-0.0014 LR153.875,genuina,θ̂-0.6466 LR1166.435,genuina,—,1,ruido blanco (Q): p mínimo = 0.0000,0,0,1,2,2,2
AR(1) 0.8,2,2,2,1,SF,estac.,—,∇^3 θ̂+1.0000 LR-0.000,cancela,θ̂-0.0014 LR153.875,genuina,coinciden,0,,1,0,1,2,2,2
AR(1) 0.8,2,3,1,1,SF,raíz,—,∇^2 θ̂+0.0110 LR168.583,genuina,θ̂-0.5953 LR913.413,genuina,coinciden,1,ruido blanco (Q): p mínimo = 0.0000,0,0,1,2,2,2
AR(1) 0.8,2,3,2,1,SF,estac.,—,∇^3 θ̂+1.0000 LR0.000,cancela,θ̂+0.0110 LR168.583,genuina,coinciden,0,,1,0,0,2,2,2
AR(1) 0.8,2,4,1,1,SF,raíz,—,∇^2 θ̂-0.0605 LR254.494,genuina,θ̂-0.7189 LR1746.617,genuina,—,1,ruido blanco (Q): p mínimo = 0.0000; media residual distinta,0,0,1,2,2,2
AR(1) 0.8,2,4,2,1,SF,estac.,—,∇^3 θ̂+1.0000 LR-0.000,cancela,θ̂-0.0605 LR254.494,genuina,coinciden,0,,1,0,1,2,2,2
AR(1) 0.8,2,5,1,1,SF,raíz,—,∇^2 θ̂-0.1204 LR172.613,genuina,θ̂-0.6127 LR1473.737,genuina,—,1,ruido blanco (Q): p mínimo = 0.0000; media residual distinta,0,0,1,2,2,2
AR(1) 0.8,2,5,2,1,SF,estac.,—,∇^3 θ̂+1.0000 LR-0.000,cancela,θ̂-0.1204 LR172.613,genuina,coinciden,0,,1,0,1,2,2,2
AR(1) 0.8,2,6,1,1,SF,raíz,—,∇^2 θ̂-0.0676 LR153.876,genuina,θ̂-0.5871 LR1344.997,genuina,—,1,"ruido blanco (Q): p mínimo = 0.0000; normalidad (JB): 6.210,",0,0,1,2,2,2
AR(1) 0.8,2,6,2,1,SF,estac.,—,∇^3 θ̂+1.0000 LR-0.000,cancela,θ̂-0.0676 LR153.876,genuina,coinciden,0,,1,0,1,2,2,2
AR(1) 0.8,2,7,1,1,SF,raíz,—,∇^2 θ̂-0.0001 LR223.560,genuina,θ̂-0.6994 LR1514.276,genuina,—,1,ruido blanco (Q): p mínimo = 0.0000,0,0,1,2,2,2
AR(1) 0.8,2,7,2,1,SF,estac.,—,∇^3 θ̂+0.9725 LR2.056,genuina,θ̂+0.1883 LR227.530,genuina,discrepan,0,,0,0,0,2,2,2
AR(1) 0.8,2,8,1,1,SF,raíz,—,∇^2 θ̂-0.0001 LR142.684,genuina,θ̂-0.5676 LR1225.553,genuina,—,1,ruido blanco (Q): p mínimo = 0.0000,0,0,1,2,2,2
AR(1) 0.8,2,8,2,1,SF,estac.,—,∇^3 θ̂+1.0000 LR0.000,cancela,θ̂+0.0720 LR143.197,genuina,coinciden,0,,1,0,0,2,2,2
AR(1) 0.8,2,9,1,1,SF,raíz,—,∇^2 θ̂-0.0380 LR220.814,genuina,θ̂-0.6536 LR1161.337,genuina,—,1,ruido blanco (Q): p mínimo = 0.0000,0,0,1,1,2,2
AR(1) 0.8,2,9,2,1,SF,estac.,—,∇^3 θ̂+1.0000 LR0.000,cancela,θ̂-0.0380 LR220.814,genuina,coinciden,1,ruido blanco (Q): p mínimo = 0.0167,0,0,1,1,2,2
AR(1) 0.8,2,11,1,1,SF,raíz,—,∇^2 θ̂-0.0486 LR126.972,genuina,θ̂-0.5842 LR1030.206,genuina,—,1,ruido blanco (Q): p mínimo = 0.0000,0,0,1,1,1,2
AR(1) 0.8,2,11,2,1,SF,estac.,—,∇^3 θ̂+1.0000 LR0.000,cancela,θ̂-0.0486 LR126.972,genuina,coinciden,0,,1,0,1,1,1,2
AR(1) 0.8,2,10,1,1,SF,raíz,—,∇^2 θ̂+0.0509 LR178.305,genuina,θ̂-0.6292 LR1522.014,genuina,coinciden,1,"ruido blanco (Q): p mínimo = 0.0000; normalidad (JB): 7.299,",0,0,1,2,2,2
AR(1) 0.8,2,10,2,1,SF,estac.,—,∇^3 θ̂+1.0000 LR0.000,cancela,θ̂+0.0509 LR178.305,genuina,coinciden,0,,1,0,0,2,2,2
AR(1) 0.8,2,12,1,1,SF,raíz,—,∇^2 θ̂+0.0390 LR140.341,genuina,θ̂-0.5687 LR1564.781,genuina,coinciden,1,ruido blanco (Q): p mínimo = 0.0000; media residual distinta,0,0,1,2,2,2
AR(1) 0.8,2,12,2,1,SF,estac.,—,∇^3 θ̂+1.0000 LR-0.000,cancela,θ̂+0.0390 LR140.341,genuina,coinciden,0,,1,0,0,2,2,2
AR(1) 0.8,2,15,1,1,SF,raíz,—,∇^2 θ̂+0.1061 LR156.972,genuina,θ̂-0.6079 LR1281.412,genuina,coinciden,1,ruido blanco (Q): p mínimo = 0.0000; media residual distinta,0,0,1,2,2,1
AR(1) 0.8,2,15,2,1,SF,estac.,—,∇^3 θ̂+1.0000 LR-0.000,cancela,θ̂+0.1061 LR156.972,genuina,coinciden,1,ruido blanco (Q): p mínimo = 0.0000,0,0,0,2,2,1
AR(1) 0.8,2,13,1,1,SF,raíz,—,∇^2 θ̂-0.0071 LR205.284,genuina,θ̂-0.6822 LR953.317,genuina,—,1,ruido blanco (Q): p mínimo = 0.0000,0,0,1,1,2,1
AR(1) 0.8,2,13,2,1,SF,estac.,—,∇^3 θ̂+1.0000 LR0.000,cancela,θ̂-0.0071 LR205.284,genuina,coinciden,0,,1,0,1,1,2,1
AR(1) 0.8,2,14,1,1,SF,raíz,—,∇^2 θ̂-0.0001 LR227.251,genuina,θ̂-0.6749 LR1514.688,genuina,—,1,ruido blanco (Q): p mínimo = 0.0000; media residual distinta,0,0,1,2,2,2
AR(1) 0.8,2,14,2,1,SF,estac.,—,∇^3 θ̂+0.9953 LR0.006,cancela,θ̂+0.0197 LR227.297,genuina,coinciden,0,,1,0,0,2,2,2
AR(1) 0.8,2,16,1,1,SF,raíz,—,∇^2 θ̂-0.1284 LR224.594,genuina,θ̂-0.6803 LR1584.108,genuina,—,1,ruido blanco (Q): p mínimo = 0.0000; media residual distinta,0,0,1,2,2,2
AR(1) 0.8,2,16,2,1,SF,estac.,—,∇^3 θ̂+0.9681 LR0.317,cancela,θ̂-0.1284 LR224.594,genuina,coinciden,0,,1,0,1,2,2,2
AR(1) 0.8,2,17,1,1,SF,raíz,—,∇^2 θ̂-0.2162 LR201.302,genuina,θ̂-0.6703 LR956.566,genuina,—,1,ruido blanco (Q): p mínimo = 0.0000,0,0,1,2,2,1
AR(1) 0.8,2,17,2,1,SF,estac.,—,∇^3 θ̂+1.0000 LR-0.000,cancela,θ̂-0.2162 LR201.302,genuina,coinciden,0,,1,0,1,2,2,1
AR(1) 0.8,2,20,1,1,SF,raíz,—,∇^2 θ̂-0.2462 LR204.038,genuina,θ̂-0.7135 LR1112.046,genuina,—,1,ruido blanco (Q): p mínimo = 0.0000,0,0,1,2,2,2
AR(1) 0.8,2,20,2,1,SF,estac.,—,∇^3 θ̂+1.0000 LR0.000,cancela,θ̂-0.2462 LR204.038,genuina,coinciden,0,,1,0,1,2,2,2
AR(1) 0.8,2,19,1,1,SF,raíz,—,∇^2 θ̂-0.0001 LR229.049,genuina,θ̂-0.6174 LR1521.556,genuina,—,1,ruido blanco (Q): p mínimo = 0.0000; normalidad (JB): 15.341,0,0,1,2,2,2
AR(1) 0.8,2,19,2,1,SF,estac.,—,∇^3 θ̂+1.0000 LR0.000,cancela,θ̂+0.0888 LR230.083,genuina,coinciden,0,,1,0,0,2,2,2
AR(1) 0.8,2,18,1,1,SF,raíz,—,∇^2 θ̂+0.0735 LR216.563,genuina,θ̂-0.6392 LR1226.437,genuina,coinciden,1,ruido blanco (Q): p mínimo = 0.0000,0,0,1,2,2,2
AR(1) 0.8,2,18,2,1,SF,estac.,—,∇^3 θ̂+1.0000 LR-0.000,cancela,θ̂+0.0735 LR216.563,genuina,coinciden,0,,1,0,0,2,2,2
AR(1) 0.8,2,21,1,1,SF,raíz,—,∇^2 θ̂-0.1157 LR183.585,genuina,θ̂-0.6857 LR923.792,genuina,—,1,ruido blanco (Q): p mínimo = 0.0000,0,0,1,2,2,2
AR(1) 0.8,2,21,2,1,SF,estac.,—,∇^3 θ̂+1.0000 LR-0.000,cancela,θ̂-0.1157 LR183.585,genuina,coinciden,0,,1,0,1,2,2,2
AR(1) 0.8,2,24,1,1,SF,raíz,—,∇^2 θ̂-0.0277 LR186.027,genuina,θ̂-0.6391 LR1592.656,genuina,—,1,ruido blanco (Q): p mínimo = 0.0000; media residual distinta,0,0,1,2,2,2
AR(1) 0.8,2,24,2,1,SF,estac.,—,∇^3 θ̂+0.9937 LR0.010,cancela,θ̂-0.0277 LR186.027,genuina,coinciden,0,,1,0,1,2,2,2
AR(1) 0.8,2,23,1,1,SF,raíz,—,∇^2 θ̂-0.0546 LR155.078,genuina,θ̂-0.6194 LR1474.488,genuina,—,1,ruido blanco (Q): p mínimo = 0.0000; media residual distinta,0,0,1,2,2,2
AR(1) 0.8,2,23,2,1,SF,estac.,—,∇^3 θ̂+1.0000 LR0.000,cancela,θ̂-0.0546 LR155.078,genuina,coinciden,0,,1,0,1,2,2,2
AR(1) 0.8,2,22,1,1,SF,raíz,—,∇^2 θ̂-0.0711 LR268.636,genuina,θ̂-0.6961 LR1397.690,genuina,—,1,"ruido blanco (Q): p mínimo = 0.0000; normalidad (JB): 6.617,",0,0,1,2,2,2
AR(1) 0.8,2,22,2,1,SF,estac.,—,∇^3 θ̂+1.0000 LR0.000,cancela,θ̂-0.0711 LR268.636,genuina,coinciden,1,estacionalidad en los residuos (p = 0.0047),0,0,1,2,2,2
AR(1) 0.8,2,25,1,1,SF,raíz,—,∇^2 θ̂-0.0001 LR228.279,genuina,θ̂-0.6817 LR1254.058,genuina,—,1,ruido blanco (Q): p mínimo = 0.0000,0,0,1,2,2,2
AR(1) 0.8,2,25,2,1,SF,estac.,—,∇^3 θ̂+0.9878 LR0.193,cancela,θ̂+0.0106 LR228.292,genuina,coinciden,0,,1,0,0,2,2,2
AR(1) 0.8,2,26,1,1,SF,raíz,—,∇^2 θ̂-0.1800 LR156.113,genuina,θ̂-0.6622 LR1333.699,genuina,—,1,ruido blanco (Q): p mínimo = 0.0000,0,0,1,2,2,0
AR(1) 0.8,2,26,2,1,SF,estac.,—,∇^3 θ̂+0.9818 LR0.182,cancela,θ̂-0.1800 LR156.113,genuina,coinciden,0,,1,0,1,2,2,0
AR(1) 0.8,2,27,1,1,SF,raíz,—,∇^2 θ̂+0.0858 LR232.440,genuina,θ̂-0.6131 LR1785.597,genuina,coinciden,1,ruido blanco (Q): p mínimo = 0.0000; media residual distinta,0,0,1,2,2,2
AR(1) 0.8,2,27,2,1,SF,estac.,—,∇^3 θ̂+1.0000 LR-0.000,cancela,θ̂+0.0858 LR232.440,genuina,coinciden,0,,1,0,0,2,2,2
AR(1) 0.8,2,28,1,1,SF,raíz,—,∇^2 θ̂+0.0876 LR167.009,genuina,θ̂-0.5514 LR1256.323,genuina,coinciden,1,ruido blanco (Q): p mínimo = 0.0000; media residual distinta,0,0,1,2,2,2
AR(1) 0.8,2,28,2,1,SF,estac.,—,∇^3 θ̂+1.0000 LR0.000,cancela,θ̂+0.0876 LR167.009,genuina,coinciden,0,,1,0,0,2,2,2
AR(1) 0.8,2,29,1,1,SF,raíz,—,∇^2 θ̂+0.0761 LR187.827,genuina,θ̂-0.5671 LR1636.189,genuina,coinciden,1,ruido blanco (Q): p mínimo = 0.0000; media residual distinta,0,0,1,2,2,2
AR(1) 0.8,2,29,2,1,SF,estac.,—,∇^3 θ̂+0.9882 LR0.102,cancela,θ̂+0.0761 LR187.827,genuina,coinciden,0,,1,0,0,2,2,2
AR(1) 0.8,2,31,1,1,SF,raíz,—,∇^2 θ̂-0.0001 LR174.314,genuina,θ̂-0.6582 LR1330.064,genuina,—,1,ruido blanco (Q): p mínimo = 0.0000; media residual distinta,0,0,1,2,2,0
AR(1) 0.8,2,31,2,1,SF,estac.,—,∇^3 θ̂+1.0000 LR0.000,cancela,θ̂+0.0541 LR174.556,genuina,coinciden,0,,1,0,0,2,2,0
AR(1) 0.8,2,30,1,1,SF,raíz,—,∇^2 θ̂-0.0001 LR192.648,genuina,θ̂-0.6338 LR1332.670,genuina,—,1,ruido blanco (Q): p mínimo = 0.0000,0,0,1,2,2,0
AR(1) 0.8,2,30,2,1,SF,estac.,—,∇^3 θ̂+1.0000 LR-0.000,cancela,θ̂+0.1744 LR196.940,genuina,coinciden,0,,1,0,0,2,2,0
AR(1) 0.8,2,32,1,1,SF,raíz,—,∇^2 θ̂+0.0009 LR233.852,genuina,θ̂-0.6298 LR1600.217,genuina,coinciden,1,ruido blanco (Q): p mínimo = 0.0000; media residual distinta,0,0,1,2,2,2
AR(1) 0.8,2,32,2,1,SF,estac.,—,∇^3 θ̂+1.0000 LR0.000,cancela,θ̂+0.0009 LR233.852,genuina,coinciden,0,,1,0,0,2,2,2
AR(1) 0.8,2,33,1,1,SF,raíz,—,∇^2 θ̂-0.1753 LR212.173,genuina,θ̂-0.6861 LR1333.358,genuina,—,1,ruido blanco (Q): p mínimo = 0.0000,0,0,1,2,2,2
AR(1) 0.8,2,33,2,1,SF,estac.,—,∇^3 θ̂+0.9889 LR0.151,cancela,θ̂-0.1753 LR212.173,genuina,coinciden,0,,1,0,1,2,2,2
AR(1) 0.8,2,34,1,1,SF,raíz,—,∇^2 θ̂-0.0001 LR223.746,genuina,θ̂-0.6683 LR1397.194,genuina,—,1,"ruido blanco (Q): p mínimo = 0.0000; normalidad (JB): 9.625,",0,0,1,2,2,2
AR(1) 0.8,2,34,2,1,SF,estac.,—,∇^3 θ̂+0.9597 LR0.962,cancela,θ̂+0.0158 LR223.772,genuina,coinciden,0,,1,0,0,2,2,2
AR(1) 0.8,2,36,1,1,SF,raíz,—,∇^2 θ̂-0.0001 LR194.630,genuina,θ̂-0.6387 LR1210.886,genuina,—,1,ruido blanco (Q): p mínimo = 0.0000,0,0,1,2,2,2
AR(1) 0.8,2,36,2,1,SF,estac.,—,∇^3 θ̂+0.9845 LR0.321,cancela,θ̂+0.0432 LR194.844,genuina,coinciden,0,,1,0,0,2,2,2
AR(1) 0.8,2,35,1,1,SF,raíz,—,∇^2 θ̂+0.0271 LR187.242,genuina,θ̂-0.5884 LR1227.727,genuina,coinciden,1,ruido blanco (Q): p mínimo = 0.0000; media residual distinta,0,0,1,2,2,2
AR(1) 0.8,2,35,2,1,SF,estac.,—,∇^3 θ̂+0.9767 LR1.346,cancela,θ̂+0.0271 LR187.242,genuina,coinciden,0,,1,0,0,2,2,2
AR(1) 0.8,2,37,1,1,SF,raíz,—,∇^2 θ̂+0.0202 LR238.839,genuina,θ̂-0.6487 LR1241.036,genuina,coinciden,1,ruido blanco (Q): p mínimo = 0.0000; normalidad (JB): 15.710,0,0,1,2,2,2
AR(1) 0.8,2,37,2,1,SF,estac.,—,∇^3 θ̂+1.0000 LR-0.000,cancela,θ̂+0.0202 LR238.839,genuina,coinciden,0,,1,0,0,2,2,2
AR(1) 0.8,2,38,1,1,SF,raíz,—,∇^2 θ̂+0.0522 LR222.963,genuina,θ̂-0.6630 LR1647.180,genuina,coinciden,1,ruido blanco (Q): p mínimo = 0.0000; media residual distinta,0,0,1,2,2,2
AR(1) 0.8,2,38,2,1,SF,estac.,—,∇^3 θ̂+1.0000 LR-0.000,cancela,θ̂+0.0522 LR222.963,genuina,coinciden,0,,1,0,0,2,2,2
AR(1) 0.8,2,40,1,1,SF,raíz,—,∇^2 θ̂-0.0001 LR253.521,genuina,θ̂-0.7225 LR1391.331,genuina,—,1,ruido blanco (Q): p mínimo = 0.0000; media residual distinta,0,0,1,2,2,2
AR(1) 0.8,2,40,2,1,SF,estac.,—,∇^3 θ̂+1.0000 LR-0.000,cancela,θ̂+0.0197 LR253.567,genuina,coinciden,0,,1,0,0,2,2,2
AR(1) 0.8,2,39,1,1,SF,raíz,—,∇^2 θ̂-0.0718 LR109.469,genuina,θ̂-0.6017 LR1113.361,genuina,—,1,"ruido blanco (Q): p mínimo = 0.0000; normalidad (JB): 6.536,",0,0,1,2,2,2
AR(1) 0.8,2,39,2,1,SF,estac.,—,∇^3 θ̂+0.9843 LR0.493,cancela,θ̂-0.0718 LR109.469,genuina,coinciden,1,"normalidad (JB): 7.754, p = 0.0207",0,0,1,2,2,2
AR(1) 0.8,2,42,1,1,SF,raíz,—,∇^2 θ̂+0.0357 LR258.922,genuina,θ̂-0.6946 LR1742.237,genuina,coinciden,1,ruido blanco (Q): p mínimo = 0.0000; media residual distinta,0,0,1,2,2,2
AR(1) 0.8,2,42,2,1,SF,estac.,—,∇^3 θ̂+1.0000 LR0.000,cancela,θ̂+0.0357 LR258.922,genuina,coinciden,1,media residual distinta de cero: t = +2.19,0,0,0,2,2,2
AR(1) 0.8,2,41,1,1,SF,raíz,—,∇^2 θ̂+0.1141 LR187.464,genuina,θ̂-0.6271 LR1763.131,genuina,coinciden,1,ruido blanco (Q): p mínimo = 0.0000; media residual distinta,0,0,1,2,2,2
AR(1) 0.8,2,41,2,1,SF,estac.,—,∇^3 θ̂+1.0000 LR-0.000,cancela,θ̂+0.1141 LR187.464,genuina,coinciden,1,media residual distinta de cero: t = -2.53,0,0,0,2,2,2
AR(1) 0.8,2,43,1,1,SF,raíz,—,∇^2 θ̂-0.1038 LR201.769,genuina,θ̂-0.6157 LR1620.478,genuina,—,1,ruido blanco (Q): p mínimo = 0.0000; media residual distinta,0,0,1,2,2,2
AR(1) 0.8,2,43,2,1,SF,estac.,—,∇^3 θ̂+1.0000 LR-0.000,cancela,θ̂-0.1038 LR201.769,genuina,coinciden,1,ruido blanco (Q): p mínimo = 0.0087,0,0,1,2,2,2
AR(1) 0.8,2,44,1,1,SF,raíz,—,∇^2 θ̂+0.0096 LR196.868,genuina,θ̂-0.7092 LR1635.780,genuina,coinciden,1,ruido blanco (Q): p mínimo = 0.0000; media residual distinta,0,0,1,2,2,0
AR(1) 0.8,2,44,2,1,SF,estac.,—,∇^3 θ̂+0.9813 LR0.529,cancela,θ̂+0.0096 LR196.868,genuina,coinciden,0,,1,0,0,2,2,0
AR(1) 0.8,2,47,1,1,SF,raíz,—,∇^2 θ̂-0.0927 LR197.708,genuina,θ̂-0.6772 LR1501.536,genuina,—,1,ruido blanco (Q): p mínimo = 0.0000; media residual distinta,0,0,1,2,2,0
AR(1) 0.8,2,47,2,1,SF,estac.,—,∇^3 θ̂+0.9955 LR0.004,cancela,θ̂-0.0927 LR197.708,genuina,coinciden,0,,1,0,1,2,2,0
AR(1) 0.8,2,46,1,1,SF,raíz,—,∇^2 θ̂-0.0001 LR162.495,genuina,θ̂-0.5837 LR1325.944,genuina,—,1,ruido blanco (Q): p mínimo = 0.0000,0,0,1,2,2,2
AR(1) 0.8,2,46,2,1,SF,estac.,—,∇^3 θ̂+0.9761 LR1.033,cancela,θ̂+0.0950 LR163.778,genuina,coinciden,0,,1,0,0,2,2,2
AR(1) 0.8,2,45,1,1,SF,raíz,—,∇^2 θ̂-0.0556 LR229.102,genuina,θ̂-0.6833 LR1404.291,genuina,—,1,ruido blanco (Q): p mínimo = 0.0000; media residual distinta,0,0,1,2,2,2
AR(1) 0.8,2,45,2,1,SF,estac.,—,∇^3 θ̂+1.0000 LR-0.000,cancela,θ̂-0.0556 LR229.102,genuina,coinciden,0,,1,0,1,2,2,2
AR(1) 0.8,2,48,1,1,SF,raíz,—,∇^2 θ̂+0.0512 LR164.620,genuina,θ̂-0.6384 LR1450.768,genuina,coinciden,1,ruido blanco (Q): p mínimo = 0.0000,0,0,1,2,2,2
AR(1) 0.8,2,48,2,1,SF,estac.,—,∇^3 θ̂+0.9595 LR2.165,genuina,θ̂+0.0512 LR164.620,genuina,discrepan,0,,0,0,0,2,2,2
AR(1) 0.8,2,49,1,1,SF,raíz,—,∇^2 θ̂-0.0989 LR238.280,genuina,θ̂-0.6643 LR1029.261,genuina,—,1,"ruido blanco (Q): p mínimo = 0.0000; normalidad (JB): 8.406,",0,0,1,1,0,2
AR(1) 0.8,2,49,2,1,SF,estac.,—,∇^3 θ̂+1.0000 LR0.000,cancela,θ̂-0.0989 LR238.280,genuina,coinciden,0,,1,0,1,1,0,2
AR(1) 0.9,2,1,1,1,SF,raíz,—,∇^2 θ̂-0.0001 LR377.215,genuina,θ̂-0.7894 LR1772.259,genuina,—,1,ruido blanco (Q): p mínimo = 0.0000; media residual distinta,0,0,1,2,2,2
AR(1) 0.9,2,1,2,1,SF,estac.,—,∇^3 θ̂+1.0000 LR-0.000,cancela,θ̂+0.0008 LR377.215,genuina,coinciden,0,,1,0,0,2,2,2
AR(1) 0.9,2,0,1,1,SF,raíz,—,∇^2 θ̂+0.1713 LR245.617,genuina,θ̂-0.6539 LR1309.318,genuina,coinciden,1,ruido blanco (Q): p mínimo = 0.0000; media residual distinta,0,0,1,2,2,2
AR(1) 0.9,2,0,2,1,SF,estac.,—,∇^3 θ̂+0.9503 LR5.548,genuina,θ̂+0.1713 LR245.617,genuina,discrepan,0,,0,0,0,2,2,2
AR(1) 0.9,2,2,1,1,SF,raíz,—,∇^2 θ̂-0.0437 LR413.036,genuina,θ̂-0.7751 LR1775.137,genuina,—,1,ruido blanco (Q): p mínimo = 0.0000; media residual distinta,0,0,1,2,2,2
AR(1) 0.9,2,2,2,1,SF,estac.,—,∇^3 θ̂+1.0000 LR-0.000,cancela,θ̂-0.0437 LR413.036,genuina,coinciden,0,,1,0,1,2,2,2
AR(1) 0.9,2,3,1,1,SF,raíz,—,∇^2 θ̂-0.0001 LR328.217,genuina,θ̂-0.7633 LR1709.027,genuina,—,1,ruido blanco (Q): p mínimo = 0.0000; normalidad (JB): 15.990,0,0,1,2,2,2
AR(1) 0.9,2,3,2,1,SF,estac.,—,∇^3 θ̂+0.9651 LR0.625,cancela,θ̂+0.0176 LR328.268,genuina,coinciden,0,,1,0,0,2,2,2
AR(1) 0.9,2,5,1,1,SF,raíz,—,∇^2 θ̂-0.1025 LR333.911,genuina,θ̂-0.7280 LR1753.520,genuina,—,1,"ruido blanco (Q): p mínimo = 0.0000; normalidad (JB): 7.706,",0,0,1,2,2,2
AR(1) 0.9,2,5,2,1,SF,estac.,—,∇^3 θ̂+0.9963 LR0.002,cancela,θ̂-0.1025 LR333.911,genuina,coinciden,0,,1,0,1,2,2,2
AR(1) 0.9,2,4,1,1,SF,raíz,—,∇^2 θ̂-0.0949 LR347.977,genuina,θ̂-0.7256 LR1872.521,genuina,—,1,ruido blanco (Q): p mínimo = 0.0000; media residual distinta,0,0,1,1,2,2
AR(1) 0.9,2,4,2,1,SF,estac.,—,∇^3 θ̂+0.9685 LR2.483,genuina,θ̂-0.0949 LR347.977,genuina,discrepan,0,,0,0,1,1,2,2
AR(1) 0.9,2,6,1,1,SF,raíz,—,∇^2 θ̂-0.1654 LR348.586,genuina,θ̂-0.7618 LR1646.309,genuina,—,1,ruido blanco (Q): p mínimo = 0.0000; media residual distinta,0,0,1,2,2,1
AR(1) 0.9,2,6,2,1,SF,estac.,—,∇^3 θ̂+1.0000 LR-0.000,cancela,θ̂-0.1654 LR348.586,genuina,coinciden,1,"normalidad (JB): 12.490, p = 0.0019",0,0,1,2,2,1
AR(1) 0.9,2,8,1,1,SF,raíz,—,∇^2 θ̂+0.0524 LR195.855,genuina,θ̂-0.6193 LR983.385,genuina,coinciden,1,ruido blanco (Q): p mínimo = 0.0000,0,0,1,2,2,2
AR(1) 0.9,2,8,2,1,SF,estac.,—,∇^3 θ̂+0.9902 LR0.074,cancela,θ̂+0.0524 LR195.855,genuina,coinciden,0,,1,0,0,2,2,2
AR(1) 0.9,2,7,1,1,SF,raíz,—,∇^2 θ̂-0.0200 LR264.254,genuina,θ̂-0.6720 LR1052.804,genuina,—,1,"ruido blanco (Q): p mínimo = 0.0000; normalidad (JB): 6.575,",0,0,1,1,2,2
AR(1) 0.9,2,7,2,1,SF,estac.,—,∇^3 θ̂+1.0000 LR0.000,cancela,θ̂-0.0200 LR264.254,genuina,coinciden,0,,1,0,1,1,2,2
AR(1) 0.9,2,9,1,1,SF,raíz,—,∇^2 θ̂+0.0924 LR343.540,genuina,θ̂-0.7519 LR1519.693,genuina,coinciden,1,ruido blanco (Q): p mínimo = 0.0000,0,0,1,2,2,2
AR(1) 0.9,2,9,2,1,SF,estac.,—,∇^3 θ̂+0.9722 LR1.236,cancela,θ̂+0.0924 LR343.540,genuina,coinciden,0,,1,0,0,2,2,2
AR(1) 0.9,2,10,1,1,SF,raíz,—,∇^2 θ̂-0.0943 LR261.807,genuina,θ̂-0.6960 LR1480.561,genuina,—,1,"ruido blanco (Q): p mínimo = 0.0000; normalidad (JB): 8.277,",0,0,1,1,1,2
AR(1) 0.9,2,10,2,1,SF,estac.,—,∇^3 θ̂+1.0000 LR0.000,cancela,θ̂-0.0943 LR261.807,genuina,coinciden,0,,1,0,1,1,1,2
AR(1) 0.9,2,13,1,1,SF,raíz,—,∇^2 θ̂-0.0388 LR361.782,genuina,θ̂-0.7491 LR1487.995,genuina,—,1,ruido blanco (Q): p mínimo = 0.0000; media residual distinta,0,0,1,2,2,2
AR(1) 0.9,2,13,2,1,SF,estac.,—,∇^3 θ̂+1.0000 LR-0.000,cancela,θ̂-0.0388 LR361.782,genuina,coinciden,0,,1,0,1,2,2,2
AR(1) 0.9,2,12,1,1,SF,raíz,—,∇^2 θ̂-0.0001 LR321.792,genuina,θ̂-0.7091 LR1747.055,genuina,—,1,"ruido blanco (Q): p mínimo = 0.0000; normalidad (JB): 6.807,",0,0,1,2,2,2
AR(1) 0.9,2,12,2,1,SF,estac.,—,∇^3 θ̂+0.9736 LR1.282,cancela,θ̂+0.0258 LR321.913,genuina,coinciden,0,,1,0,0,2,2,2
AR(1) 0.9,2,11,1,1,SF,raíz,—,∇^2 θ̂+0.1243 LR331.284,genuina,θ̂-0.7242 LR1882.368,genuina,coinciden,1,ruido blanco (Q): p mínimo = 0.0000; media residual distinta,0,0,1,2,2,2
AR(1) 0.9,2,11,2,1,SF,estac.,—,∇^3 θ̂+0.9085 LR3.731,genuina,θ̂+0.1243 LR331.284,genuina,discrepan,0,,0,0,0,2,2,2
AR(1) 0.9,2,14,1,1,SF,raíz,—,∇^2 θ̂+0.0329 LR234.574,genuina,θ̂-0.6387 LR1206.662,genuina,coinciden,1,ruido blanco (Q): p mínimo = 0.0000; media residual distinta,0,0,1,2,2,2
AR(1) 0.9,2,14,2,1,SF,estac.,—,∇^3 θ̂+0.9848 LR0.303,cancela,θ̂+0.0329 LR234.574,genuina,coinciden,0,,1,0,0,2,2,2
AR(1) 0.9,2,17,1,1,SF,raíz,—,∇^2 θ̂-0.0001 LR334.160,genuina,θ̂-0.7549 LR1606.182,genuina,—,1,"ruido blanco (Q): p mínimo = 0.0000; normalidad (JB): 6.573,",0,0,1,2,2,0
AR(1) 0.9,2,17,2,1,SF,estac.,—,∇^3 θ̂+0.9959 LR0.003,cancela,θ̂+0.0437 LR334.445,genuina,coinciden,0,,1,0,0,2,2,0
AR(1) 0.9,2,15,1,1,SF,raíz,—,∇^2 θ̂-0.0001 LR368.078,genuina,θ̂-0.7528 LR1862.972,genuina,—,1,"ruido blanco (Q): p mínimo = 0.0000; normalidad (JB): 6.320,",0,0,1,2,2,2
AR(1) 0.9,2,15,2,1,SF,estac.,—,∇^3 θ̂+1.0000 LR0.000,cancela,θ̂+0.1460 LR372.017,genuina,coinciden,0,,1,0,0,2,2,2
AR(1) 0.9,2,16,1,1,SF,raíz,—,∇^2 θ̂-0.0001 LR429.141,genuina,θ̂-0.8088 LR1828.730,genuina,—,1,ruido blanco (Q): p mínimo = 0.0000; media residual distinta,0,0,1,2,2,2
AR(1) 0.9,2,16,2,1,SF,raíz,—,∇^3 θ̂+1.0000 LR-0.000,cancela,θ̂+0.0439 LR429.466,genuina,discrepan,0,,0,0,0,2,2,2
AR(1) 0.9,2,18,1,1,SF,raíz,—,∇^2 θ̂-0.1802 LR269.228,genuina,θ̂-0.8330 LR1608.544,genuina,—,1,ruido blanco (Q): p mínimo = 0.0000; media residual distinta,0,0,1,2,2,2
AR(1) 0.9,2,18,2,1,SF,estac.,—,∇^3 θ̂+1.0000 LR-0.000,cancela,θ̂-0.1802 LR269.228,genuina,coinciden,0,,1,0,1,2,2,2
AR(1) 0.9,2,19,1,1,SF,raíz,—,∇^2 θ̂-0.1203 LR360.224,genuina,θ̂-0.7962 LR1567.397,genuina,—,1,ruido blanco (Q): p mínimo = 0.0000; media residual distinta,0,0,1,2,2,2
AR(1) 0.9,2,19,2,1,SF,estac.,—,∇^3 θ̂+1.0000 LR-0.000,cancela,θ̂-0.1203 LR360.224,genuina,coinciden,0,,1,0,1,2,2,2
AR(1) 0.9,2,20,1,1,SF,raíz,—,∇^2 θ̂-0.0001 LR340.003,genuina,θ̂-0.7404 LR1323.805,genuina,—,1,ruido blanco (Q): p mínimo = 0.0000,0,0,1,2,2,2
AR(1) 0.9,2,20,2,1,SF,estac.,—,∇^3 θ̂+0.6964 LR-2.466,cancela,θ̂+0.0819 LR341.017,genuina,coinciden,0,,1,1,0,2,2,2
AR(1) 0.9,2,21,1,1,SF,raíz,—,∇^2 θ̂+0.2527 LR239.574,genuina,θ̂-0.6095 LR1284.311,genuina,coinciden,1,ruido blanco (Q): p mínimo = 0.0000; normalidad (JB): 14.915,0,0,1,2,2,2
AR(1) 0.9,2,21,2,1,SF,estac.,—,∇^3 θ̂+0.2740 LR4.323,genuina,θ̂+0.2527 LR239.574,genuina,discrepan,0,,0,0,0,2,2,2
AR(1) 0.9,2,22,1,1,SF,raíz,—,∇^2 θ̂+0.0347 LR349.901,genuina,θ̂-0.7266 LR1423.076,genuina,coinciden,1,ruido blanco (Q): p mínimo = 0.0000,0,0,1,2,2,2
AR(1) 0.9,2,22,2,1,SF,estac.,—,∇^3 θ̂+1.0000 LR0.000,cancela,θ̂+0.0347 LR349.901,genuina,coinciden,0,,1,0,0,2,2,2
AR(1) 0.9,2,24,1,1,SF,raíz,—,∇^2 θ̂-0.0001 LR322.703,genuina,θ̂-0.7741 LR1494.013,genuina,—,1,ruido blanco (Q): p mínimo = 0.0000; media residual distinta,0,0,1,1,2,2
AR(1) 0.9,2,24,2,1,SF,estac.,—,∇^3 θ̂+1.0000 LR0.000,cancela,θ̂+0.0100 LR322.720,genuina,coinciden,0,,1,0,0,1,2,2
AR(1) 0.9,2,23,1,1,SF,raíz,—,∇^2 θ̂-0.0496 LR310.498,genuina,θ̂-0.7911 LR1331.138,genuina,—,1,ruido blanco (Q): p mínimo = 0.0000; media residual distinta,0,0,1,2,2,2
AR(1) 0.9,2,23,2,1,SF,estac.,—,∇^3 θ̂+1.0000 LR-0.000,cancela,θ̂-0.0496 LR310.498,genuina,coinciden,0,,1,0,1,2,2,2
AR(1) 0.9,2,25,1,1,SF,raíz,—,∇^2 θ̂+0.0664 LR315.299,genuina,θ̂-0.7203 LR1116.598,genuina,coinciden,1,ruido blanco (Q): p mínimo = 0.0000,0,0,1,0,2,2
AR(1) 0.9,2,25,2,1,SF,estac.,—,∇^3 θ̂+1.0000 LR0.000,cancela,θ̂+0.0664 LR315.299,genuina,coinciden,0,,1,0,0,0,2,2
AR(1) 0.9,2,26,1,1,SF,raíz,—,∇^2 θ̂-0.1416 LR387.440,genuina,θ̂-0.7810 LR1780.424,genuina,—,1,ruido blanco (Q): p mínimo = 0.0000; media residual distinta,0,0,1,2,2,2
AR(1) 0.9,2,26,2,1,SF,estac.,—,∇^3 θ̂+1.0000 LR-0.000,cancela,θ̂-0.1416 LR387.440,genuina,coinciden,1,ruido blanco (Q): p mínimo = 0.0132,0,0,1,2,2,2
AR(1) 0.9,2,27,1,1,SF,raíz,—,∇^2 θ̂-0.0001 LR239.220,genuina,θ̂-0.6213 LR1061.268,genuina,—,1,ruido blanco (Q): p mínimo = 0.0000; media residual distinta,0,0,1,1,2,2
AR(1) 0.9,2,27,2,1,SF,estac.,—,∇^3 θ̂+1.0000 LR-0.000,cancela,θ̂+0.1180 LR241.796,genuina,coinciden,0,,1,0,0,1,2,2
AR(1) 0.9,2,28,1,1,SF,raíz,—,∇^2 θ̂-0.0001 LR371.596,genuina,θ̂-0.7608 LR1421.861,genuina,—,1,ruido blanco (Q): p mínimo = 0.0000; media residual distinta,0,0,1,1,2,2
AR(1) 0.9,2,28,2,1,SF,estac.,—,∇^3 θ̂+0.9277 LR-0.310,cancela,θ̂+0.0132 LR371.624,genuina,coinciden,0,,1,1,0,1,2,2
AR(1) 0.9,2,30,1,1,SF,raíz,—,∇^2 θ̂-0.1032 LR295.779,genuina,θ̂-0.7111 LR1581.816,genuina,—,1,ruido blanco (Q): p mínimo = 0.0000; media residual distinta,0,0,1,2,2,2
AR(1) 0.9,2,30,2,1,SF,estac.,—,∇^3 θ̂+1.0000 LR0.000,cancela,θ̂-0.1032 LR295.779,genuina,coinciden,0,,1,0,1,2,2,2
AR(1) 0.9,2,29,1,1,SF,raíz,—,∇^2 θ̂-0.0302 LR258.309,genuina,θ̂-0.6773 LR1511.563,genuina,—,1,ruido blanco (Q): p mínimo = 0.0000; media residual distinta,0,0,1,2,2,2
AR(1) 0.9,2,29,2,1,SF,estac.,—,∇^3 θ̂+1.0000 LR0.000,cancela,θ̂-0.0302 LR258.309,genuina,coinciden,1,estacionalidad en los residuos (p = 0.0323),0,0,1,2,2,2
AR(1) 0.9,2,31,1,1,SF,raíz,—,∇^2 θ̂-0.0716 LR281.295,genuina,θ̂-0.7328 LR1492.300,genuina,—,1,ruido blanco (Q): p mínimo = 0.0000; media residual distinta,0,0,1,2,2,2
AR(1) 0.9,2,31,2,1,SF,estac.,—,∇^3 θ̂+1.0000 LR0.000,cancela,θ̂-0.0716 LR281.295,genuina,coinciden,0,,1,0,1,2,2,2
AR(1) 0.9,2,32,1,1,SF,raíz,—,∇^2 θ̂-0.0161 LR353.242,genuina,θ̂-0.7550 LR1459.710,genuina,—,1,ruido blanco (Q): p mínimo = 0.0000,0,0,1,2,2,2
AR(1) 0.9,2,32,2,1,SF,estac.,—,∇^3 θ̂+1.0000 LR-0.000,cancela,θ̂-0.0161 LR353.242,genuina,coinciden,0,,1,0,1,2,2,2
AR(1) 0.9,2,33,1,1,SF,raíz,—,∇^2 θ̂-0.0511 LR348.063,genuina,θ̂-0.7970 LR1730.657,genuina,—,1,ruido blanco (Q): p mínimo = 0.0000; media residual distinta,0,0,1,2,2,2
AR(1) 0.9,2,33,2,1,SF,estac.,—,∇^3 θ̂+0.9965 LR0.002,cancela,θ̂-0.0512 LR348.063,genuina,coinciden,1,ruido blanco (Q): p mínimo = 0.0332,0,0,1,2,2,2
AR(1) 0.9,2,34,1,1,SF,raíz,—,∇^2 θ̂-0.0857 LR303.190,genuina,θ̂-0.7843 LR1502.816,genuina,—,1,ruido blanco (Q): p mínimo = 0.0000; media residual distinta,0,0,1,2,2,2
AR(1) 0.9,2,34,2,1,SF,estac.,—,∇^3 θ̂+0.9718 LR0.206,cancela,θ̂-0.0857 LR303.190,genuina,coinciden,0,,1,0,1,2,2,2
AR(1) 0.9,2,36,1,1,SF,raíz,—,∇^2 θ̂-0.0001 LR360.626,genuina,θ̂-0.6976 LR1314.064,genuina,—,1,ruido blanco (Q): p mínimo = 0.0000; media residual distinta,0,0,1,1,2,0
AR(1) 0.9,2,36,2,1,SF,estac.,—,∇^3 θ̂+1.0000 LR0.000,cancela,θ̂+0.0380 LR360.954,genuina,coinciden,0,,1,0,0,1,2,0
AR(1) 0.9,2,35,1,1,SF,raíz,—,∇^2 θ̂-0.0001 LR274.160,genuina,θ̂-0.7450 LR1782.059,genuina,—,1,"ruido blanco (Q): p mínimo = 0.0000; normalidad (JB): 8.454,",0,0,1,2,2,2
AR(1) 0.9,2,35,2,1,SF,estac.,—,∇^3 θ̂+1.0000 LR-0.000,cancela,θ̂+0.0977 LR275.119,genuina,coinciden,0,,1,0,0,2,2,2
AR(1) 0.9,2,37,1,1,SF,raíz,—,∇^2 θ̂-0.0536 LR393.250,genuina,θ̂-0.7620 LR1768.240,genuina,—,1,"ruido blanco (Q): p mínimo = 0.0000; normalidad (JB): 7.693,",0,0,1,2,2,2
AR(1) 0.9,2,37,2,1,SF,estac.,—,∇^3 θ̂+0.9839 LR0.360,cancela,θ̂-0.0536 LR393.250,genuina,coinciden,0,,1,0,1,2,2,2
AR(1) 0.9,2,38,1,1,SF,raíz,—,∇^2 θ̂-0.0669 LR288.905,genuina,θ̂-0.7325 LR1719.409,genuina,—,1,ruido blanco (Q): p mínimo = 0.0000; normalidad (JB): 11.414,0,0,1,2,2,2
AR(1) 0.9,2,38,2,1,SF,estac.,—,∇^3 θ̂+0.9527 LR1.237,cancela,θ̂-0.0669 LR288.905,genuina,coinciden,0,,1,0,1,2,2,2
AR(1) 0.9,2,40,1,1,SF,raíz,—,∇^2 θ̂-0.0001 LR259.004,genuina,θ̂-0.6858 LR1598.272,genuina,—,1,ruido blanco (Q): p mínimo = 0.0000; media residual distinta,0,0,1,2,2,2
AR(1) 0.9,2,40,2,1,SF,estac.,—,∇^3 θ̂+0.9928 LR0.014,cancela,θ̂+0.0719 LR259.697,genuina,coinciden,0,,1,0,0,2,2,2
AR(1) 0.9,2,39,1,1,SF,raíz,—,∇^2 θ̂+0.0556 LR353.768,genuina,θ̂-0.7901 LR1375.866,genuina,coinciden,1,ruido blanco (Q): p mínimo = 0.0000; normalidad (JB): 25.828,0,0,1,2,2,2
AR(1) 0.9,2,39,2,1,SF,estac.,—,∇^3 θ̂+0.9813 LR0.311,cancela,θ̂+0.0556 LR353.768,genuina,coinciden,1,"normalidad (JB): 44.398, p = 0.0000",0,0,0,2,2,2
AR(1) 0.9,2,41,1,1,SF,raíz,—,∇^2 θ̂-0.0938 LR304.174,genuina,θ̂-0.7397 LR1777.049,genuina,—,1,ruido blanco (Q): p mínimo = 0.0000; media residual distinta,0,0,1,2,2,2
AR(1) 0.9,2,41,2,1,SF,estac.,—,∇^3 θ̂+1.0000 LR0.000,cancela,θ̂-0.0938 LR304.174,genuina,coinciden,1,"normalidad (JB): 9.182, p = 0.0101",0,0,1,2,2,2
AR(1) 0.9,2,43,1,1,SF,raíz,—,∇^2 θ̂-0.0562 LR349.318,genuina,θ̂-0.8040 LR1487.288,genuina,—,1,ruido blanco (Q): p mínimo = 0.0000; media residual distinta,0,0,1,2,2,2
AR(1) 0.9,2,43,2,1,SF,estac.,—,∇^3 θ̂+1.0000 LR-0.000,cancela,θ̂-0.0562 LR349.318,genuina,coinciden,0,,1,0,1,2,2,2
AR(1) 0.9,2,42,1,1,SF,raíz,—,∇^2 θ̂-0.0001 LR318.943,genuina,θ̂-0.7496 LR1629.205,genuina,—,1,ruido blanco (Q): p mínimo = 0.0000; normalidad (JB): 58.054,0,0,1,2,2,2
AR(1) 0.9,2,42,2,1,SF,estac.,—,∇^3 θ̂+0.9616 LR1.231,cancela,θ̂+0.0029 LR318.944,genuina,coinciden,0,,1,0,0,2,2,2
AR(1) 0.9,2,44,1,1,SF,raíz,—,∇^2 θ̂-0.0001 LR296.409,genuina,θ̂-0.7243 LR1447.974,genuina,—,1,"ruido blanco (Q): p mínimo = 0.0000; normalidad (JB): 6.151,",0,0,1,2,2,2
AR(1) 0.9,2,44,2,1,SF,estac.,—,∇^3 θ̂+0.9816 LR0.637,cancela,θ̂+0.0005 LR296.409,genuina,coinciden,0,,1,0,0,2,2,2
AR(1) 0.9,2,46,1,1,SF,raíz,—,∇^2 θ̂-0.0001 LR339.764,genuina,θ̂-0.7125 LR1779.709,genuina,—,1,"ruido blanco (Q): p mínimo = 0.0000; normalidad (JB): 7.820,",0,0,1,2,2,2
AR(1) 0.9,2,46,2,1,SF,estac.,—,∇^3 θ̂+1.0000 LR0.000,cancela,θ̂+0.0222 LR339.830,genuina,coinciden,0,,1,0,0,2,2,2
AR(1) 0.9,2,45,1,1,SF,raíz,—,∇^2 θ̂+0.1302 LR350.123,genuina,θ̂-0.7341 LR1158.169,genuina,coinciden,1,ruido blanco (Q): p mínimo = 0.0000; normalidad (JB): 41.310,0,0,1,2,2,1
AR(1) 0.9,2,45,2,1,SF,estac.,—,∇^3 θ̂+1.0000 LR-0.000,cancela,θ̂+0.1302 LR350.123,genuina,coinciden,1,ruido blanco (Q): p mínimo = 0.0079,0,0,0,2,2,1
AR(1) 0.9,2,47,1,1,SF,raíz,—,∇^2 θ̂-0.0006 LR295.707,genuina,θ̂-0.6572 LR1544.027,genuina,—,1,ruido blanco (Q): p mínimo = 0.0000; media residual distinta,0,0,1,2,2,2
AR(1) 0.9,2,47,2,1,SF,estac.,—,∇^3 θ̂+1.0000 LR-0.000,cancela,θ̂-0.0006 LR295.707,genuina,coinciden,0,,1,0,1,2,2,2
AR(1) 0.9,2,48,1,1,SF,raíz,—,∇^2 θ̂-0.0001 LR292.911,genuina,θ̂-0.7390 LR1844.900,genuina,—,1,ruido blanco (Q): p mínimo = 0.0000; media residual distinta,0,0,1,2,2,2
AR(1) 0.9,2,48,2,1,SF,estac.,—,∇^3 θ̂+1.0000 LR0.000,cancela,θ̂+0.0481 LR293.193,genuina,coinciden,1,media residual distinta de cero: t = +2.41,0,0,0,2,2,2
AR(1) 0.9,2,49,1,1,SF,raíz,—,∇^2 θ̂+0.0041 LR267.695,genuina,θ̂-0.6883 LR1669.442,genuina,coinciden,1,ruido blanco (Q): p mínimo = 0.0000; media residual distinta,0,0,1,2,2,2
AR(1) 0.9,2,49,2,1,SF,estac.,—,∇^3 θ̂+1.0000 LR-0.000,cancela,θ̂+0.0041 LR267.695,genuina,coinciden,1,ruido blanco (Q): p mínimo = 0.0162,0,0,0,2,2,2
AR(1) 0.95,2,0,1,1,SF,raíz,—,∇^2 θ̂-0.0001 LR517.214,genuina,θ̂-0.8079 LR1858.079,genuina,—,1,ruido blanco (Q): p mínimo = 0.0000; normalidad (JB): 11.557,0,0,1,2,2,0
AR(1) 0.95,2,0,2,1,SF,raíz,—,∇^3 θ̂+0.8726 LR-0.635,cancela,θ̂+0.0818 LR518.476,genuina,discrepan,1,"normalidad (JB): 7.271, p = 0.0264",0,1,0,2,2,0
AR(1) 0.95,2,1,1,1,SF,raíz,—,∇^2 θ̂+0.0150 LR582.331,genuina,θ̂-0.8236 LR1612.123,genuina,coinciden,1,ruido blanco (Q): p mínimo = 0.0000; media residual distinta,0,0,1,2,2,2
AR(1) 0.95,2,1,2,1,SF,raíz,—,∇^3 θ̂+1.0000 LR-0.000,cancela,θ̂+0.0150 LR582.331,genuina,discrepan,1,estacionalidad en los residuos (p = 0.0221),0,0,0,2,2,2
AR(1) 0.95,2,2,1,1,SF,raíz,—,∇^2 θ̂-0.0001 LR317.239,genuina,θ̂-0.7268 LR1614.018,genuina,—,1,ruido blanco (Q): p mínimo = 0.0000; media residual distinta,0,0,1,2,2,2
AR(1) 0.95,2,2,2,1,SF,estac.,—,∇^3 θ̂+1.0000 LR-0.000,cancela,θ̂+0.0770 LR317.990,genuina,coinciden,0,,1,0,0,2,2,2
AR(1) 0.95,2,3,1,1,SF,raíz,—,∇^2 θ̂+0.0592 LR542.423,genuina,θ̂-0.8341 LR1385.447,genuina,coinciden,1,ruido blanco (Q): p mínimo = 0.0000; normalidad (JB): 13.965,0,0,1,1,2,2
AR(1) 0.95,2,3,2,1,SF,raíz,—,∇^3 θ̂+0.5154 LR0.947,cancela,θ̂+0.0592 LR542.423,genuina,discrepan,0,,0,0,0,1,2,2
AR(1) 0.95,2,4,1,1,SF,raíz,—,∇^2 θ̂-0.0181 LR541.605,genuina,θ̂-0.8082 LR1781.454,genuina,—,1,ruido blanco (Q): p mínimo = 0.0000; normalidad (JB): 13.618,0,0,1,2,2,0
AR(1) 0.95,2,4,2,1,SF,raíz,—,∇^3 θ̂+1.0000 LR0.000,cancela,θ̂-0.0181 LR541.605,genuina,discrepan,0,,0,0,1,2,2,0
AR(1) 0.95,2,5,1,1,SF,raíz,—,∇^2 θ̂-0.0327 LR510.927,genuina,θ̂-0.8393 LR1907.151,genuina,—,1,"ruido blanco (Q): p mínimo = 0.0000; normalidad (JB): 9.627,",0,0,1,2,2,2
AR(1) 0.95,2,5,2,1,SF,raíz,—,∇^3 θ̂+0.9214 LR2.140,genuina,θ̂-0.0327 LR510.927,genuina,coinciden,0,,0,0,1,2,2,2
AR(1) 0.95,2,7,1,1,SF,raíz,—,∇^2 θ̂+0.1595 LR504.099,genuina,θ̂-0.8076 LR1495.968,genuina,coinciden,1,ruido blanco (Q): p mínimo = 0.0000; normalidad (JB): 11.865,0,0,1,1,2,2
AR(1) 0.95,2,7,2,1,SF,raíz,—,∇^3 θ̂-0.0032 LR4.796,genuina,θ̂+0.1595 LR504.099,genuina,—,1,ruido blanco (Q): p mínimo = 0.0064,0,0,1,1,2,2
AR(1) 0.95,2,6,1,1,SF,raíz,—,∇^2 θ̂-0.0221 LR434.887,genuina,θ̂-0.8353 LR1884.178,genuina,—,1,ruido blanco (Q): p mínimo = 0.0000; media residual distinta,0,0,1,2,2,2
AR(1) 0.95,2,6,2,1,SF,raíz,—,∇^3 θ̂+1.0000 LR0.000,cancela,θ̂-0.0221 LR434.887,genuina,discrepan,0,,0,0,1,2,2,2
AR(1) 0.95,2,8,1,1,SF,raíz,—,∇^2 θ̂-0.0866 LR471.491,genuina,θ̂-0.8245 LR1661.892,genuina,—,1,"ruido blanco (Q): p mínimo = 0.0000; normalidad (JB): 8.140,",0,0,1,2,2,2
AR(1) 0.95,2,8,2,1,SF,raíz,—,∇^3 θ̂+0.5956 LR-2.099,cancela,θ̂-0.0866 LR471.491,genuina,discrepan,1,ruido blanco (Q): p mínimo = 0.0046,0,1,1,2,2,2
AR(1) 0.95,2,9,1,1,—,,—,—,,—,,—,0,,0,0,0,2,2,2
AR(1) 0.95,2,9,2,1,SF,raíz,—,∇^3 θ̂+1.0000 LR0.000,cancela,θ̂+0.0611 LR553.041,genuina,discrepan,0,,0,0,0,2,2,2
AR(1) 0.95,2,10,1,1,SF,raíz,—,∇^2 θ̂-0.1623 LR389.405,genuina,θ̂-0.7945 LR1439.160,genuina,—,1,"ruido blanco (Q): p mínimo = 0.0000; normalidad (JB): 6.090,",0,0,1,2,2,2
AR(1) 0.95,2,10,2,1,SF,estac.,—,∇^3 θ̂+1.0000 LR0.000,cancela,θ̂-0.1623 LR389.405,genuina,coinciden,0,,1,0,1,2,2,2
AR(1) 0.95,2,11,1,1,SF,raíz,—,∇^2 θ̂-0.0215 LR605.112,genuina,θ̂-0.8670 LR1628.295,genuina,—,1,"ruido blanco (Q): p mínimo = 0.0000; normalidad (JB): 6.779,",0,0,1,2,2,2
AR(1) 0.95,2,11,2,1,SF,raíz,—,∇^3 θ̂+1.0000 LR-0.000,cancela,θ̂-0.0215 LR605.112,genuina,discrepan,0,,0,0,1,2,2,2
AR(1) 0.95,2,13,1,1,SF,raíz,—,∇^2 θ̂-0.0333 LR359.002,genuina,θ̂-0.7579 LR1904.428,genuina,—,1,ruido blanco (Q): p mínimo = 0.0000; normalidad (JB): 10.416,0,0,1,2,2,2
AR(1) 0.95,2,13,2,1,SF,estac.,—,∇^3 θ̂+0.9780 LR0.943,cancela,θ̂-0.0333 LR359.002,genuina,coinciden,0,,1,0,1,2,2,2
AR(1) 0.95,2,14,1,1,SF,raíz,—,∇^2 θ̂-0.1039 LR420.727,genuina,θ̂-0.7739 LR1446.848,genuina,—,1,ruido blanco (Q): p mínimo = 0.0000,0,0,1,2,2,2
AR(1) 0.95,2,14,2,1,SF,raíz,—,∇^3 θ̂+1.0000 LR0.000,cancela,θ̂-0.1039 LR420.727,genuina,discrepan,0,,0,0,1,2,2,2
AR(1) 0.95,2,15,1,1,—,,—,—,,—,,—,0,,0,0,0,1,2,0
AR(1) 0.95,2,15,2,1,SF,raíz,—,∇^3 θ̂+0.9605 LR0.900,cancela,θ̂-0.1661 LR531.699,genuina,discrepan,0,,0,0,1,1,2,0
AR(1) 0.95,2,12,1,1,SF,raíz,—,∇^2 θ̂-0.0001 LR306.963,genuina,θ̂-0.7268 LR1567.011,genuina,—,1,ruido blanco (Q): p mínimo = 0.0000,0,0,1,2,2,2
AR(1) 0.95,2,12,2,1,SF,estac.,—,∇^3 θ̂+0.9726 LR2.223,genuina,θ̂+0.0263 LR307.083,genuina,discrepan,0,,0,0,0,2,2,2
AR(1) 0.95,2,16,1,1,SF,raíz,—,∇^2 θ̂-0.0001 LR377.574,genuina,θ̂-0.7346 LR1646.072,genuina,—,1,ruido blanco (Q): p mínimo = 0.0000; normalidad (JB): 11.230,0,0,1,2,2,2
AR(1) 0.95,2,16,2,1,SF,estac.,—,∇^3 θ̂+1.0000 LR-0.000,cancela,θ̂+0.0264 LR377.708,genuina,coinciden,0,,1,0,0,2,2,2
AR(1) 0.95,2,19,1,1,SF,raíz,—,∇^2 θ̂-0.0001 LR463.214,genuina,θ̂-0.7773 LR1643.857,genuina,—,1,ruido blanco (Q): p mínimo = 0.0000; media residual distinta,0,0,1,2,2,0
AR(1) 0.95,2,19,2,1,SF,raíz,—,∇^3 θ̂+0.9279 LR0.266,cancela,θ̂+0.0451 LR463.601,genuina,discrepan,0,,0,0,0,2,2,0
AR(1) 0.95,2,17,1,1,SF,raíz,—,∇^2 θ̂-0.0538 LR400.951,genuina,θ̂-0.7622 LR1796.091,genuina,—,1,ruido blanco (Q): p mínimo = 0.0000; media residual distinta,0,0,1,2,2,2
AR(1) 0.95,2,17,2,1,SF,estac.,—,∇^3 θ̂+1.0000 LR-0.000,cancela,θ̂-0.0538 LR400.951,genuina,coinciden,1,estacionalidad en los residuos (p = 0.0072),0,0,1,2,2,2
AR(1) 0.95,2,18,1,1,SF,raíz,—,∇^2 θ̂-0.0257 LR308.282,genuina,θ̂-0.7891 LR1353.476,genuina,—,1,ruido blanco (Q): p mínimo = 0.0000; media residual distinta,0,0,1,2,2,2
AR(1) 0.95,2,18,2,1,SF,estac.,—,∇^3 θ̂+0.9861 LR0.290,cancela,θ̂-0.0257 LR308.282,genuina,coinciden,0,,1,0,1,2,2,2
AR(1) 0.95,2,20,1,1,SF,raíz,—,∇^2 θ̂-0.0152 LR533.663,genuina,θ̂-0.8646 LR1656.767,genuina,—,1,ruido blanco (Q): p mínimo = 0.0000,0,0,1,2,2,2
AR(1) 0.95,2,20,2,1,SF,raíz,—,∇^3 θ̂+1.0000 LR0.000,cancela,θ̂-0.0152 LR533.663,genuina,discrepan,0,,0,0,1,2,2,2
AR(1) 0.95,2,22,1,1,SF,raíz,—,∇^2 θ̂-0.0001 LR376.529,genuina,θ̂-0.7533 LR1585.682,genuina,—,1,"ruido blanco (Q): p mínimo = 0.0000; normalidad (JB): 8.277,",0,0,1,1,1,2
AR(1) 0.95,2,22,2,1,SF,estac.,—,∇^3 θ̂+0.9139 LR2.380,genuina,θ̂+0.0496 LR376.990,genuina,discrepan,0,,0,0,0,1,1,2
AR(1) 0.95,2,23,1,1,SF,raíz,—,∇^2 θ̂-0.1782 LR430.260,genuina,θ̂-0.8699 LR1134.605,genuina,—,1,"ruido blanco (Q): p mínimo = 0.0000; normalidad (JB): 6.673,",0,0,1,1,2,1
AR(1) 0.95,2,23,2,1,SF,estac.,—,∇^3 θ̂+0.1202 LR1.055,cancela,θ̂-0.1782 LR430.260,genuina,coinciden,1,ruido blanco (Q): p mínimo = 0.0047,0,0,1,1,2,1
AR(1) 0.95,2,21,1,1,SF,raíz,—,∇^2 θ̂-0.0001 LR434.331,genuina,θ̂-0.7936 LR1945.699,genuina,—,1,ruido blanco (Q): p mínimo = 0.0000; normalidad (JB): 18.407,0,0,1,2,2,2
AR(1) 0.95,2,21,2,1,SF,raíz,—,∇^3 θ̂+0.9646 LR1.752,cancela,θ̂+0.0148 LR434.371,genuina,discrepan,0,,0,0,0,2,2,2
AR(1) 0.95,2,24,1,1,SF,raíz,—,∇^2 θ̂-0.0001 LR398.891,genuina,θ̂-0.7573 LR1505.782,genuina,—,1,"ruido blanco (Q): p mínimo = 0.0000; normalidad (JB): 7.437,",0,0,1,2,2,2
AR(1) 0.95,2,24,2,1,SF,estac.,—,∇^3 θ̂+0.8155 LR-1.747,cancela,θ̂+0.0119 LR398.914,genuina,coinciden,1,"normalidad (JB): 6.998, p = 0.0302",0,1,0,2,2,2
AR(1) 0.95,2,25,1,1,SF,raíz,—,∇^2 θ̂-0.0001 LR382.178,genuina,θ̂-0.7478 LR1594.843,genuina,—,1,"ruido blanco (Q): p mínimo = 0.0000; normalidad (JB): 7.104,",0,0,1,2,2,2
AR(1) 0.95,2,25,2,1,SF,estac.,—,∇^3 θ̂+1.0000 LR0.000,cancela,θ̂+0.0532 LR382.718,genuina,coinciden,0,,1,0,0,2,2,2
AR(1) 0.95,2,27,1,1,SF,raíz,—,∇^2 θ̂-0.0453 LR452.637,genuina,θ̂-0.8141 LR1832.526,genuina,—,1,ruido blanco (Q): p mínimo = 0.0000; media residual distinta,0,0,1,2,2,2
AR(1) 0.95,2,27,2,1,SF,raíz,—,∇^3 θ̂+1.0000 LR0.000,cancela,θ̂-0.0453 LR452.637,genuina,discrepan,1,ruido blanco (Q): p mínimo = 0.0065,0,0,1,2,2,2
AR(1) 0.95,2,26,1,1,SF,raíz,—,∇^2 θ̂-0.1009 LR371.094,genuina,θ̂-0.7464 LR1797.251,genuina,—,1,ruido blanco (Q): p mínimo = 0.0000; media residual distinta,0,0,1,2,2,2
AR(1) 0.95,2,26,2,1,SF,estac.,—,∇^3 θ̂+1.0000 LR0.000,cancela,θ̂-0.1009 LR371.095,genuina,coinciden,0,,1,0,1,2,2,2
AR(1) 0.95,2,28,1,1,SF,raíz,—,∇^2 θ̂-0.0001 LR504.983,genuina,θ̂-0.8081 LR1919.267,genuina,—,1,ruido blanco (Q): p mínimo = 0.0000; media residual distinta,0,0,1,2,2,1
AR(1) 0.95,2,28,2,1,SF,raíz,—,∇^3 θ̂+0.2249 LR2.746,genuina,θ̂+0.1750 LR510.512,genuina,coinciden,0,,0,0,0,2,2,1
AR(1) 0.95,2,29,1,1,SF,raíz,—,∇^2 θ̂-0.0001 LR495.539,genuina,θ̂-0.8381 LR1943.163,genuina,—,1,ruido blanco (Q): p mínimo = 0.0000; media residual distinta,0,0,1,2,2,2
AR(1) 0.95,2,29,2,1,SF,raíz,—,∇^3 θ̂+0.9936 LR0.014,cancela,θ̂+0.0017 LR495.539,genuina,discrepan,0,,0,0,0,2,2,2
AR(1) 0.95,2,31,1,1,SF,raíz,—,∇^2 θ̂+0.2213 LR359.900,genuina,θ̂-0.7830 LR1671.020,genuina,coinciden,1,ruido blanco (Q): p mínimo = 0.0000; media residual distinta,0,0,1,2,2,2
AR(1) 0.95,2,31,2,1,SF,estac.,—,∇^3 θ̂+0.7953 LR7.024,genuina,θ̂+0.2213 LR359.900,genuina,discrepan,0,,0,0,0,2,2,2
AR(1) 0.95,2,30,1,1,SF,raíz,—,∇^2 θ̂-0.1103 LR444.959,genuina,θ̂-0.8580 LR1934.130,genuina,—,1,ruido blanco (Q): p mínimo = 0.0000; media residual distinta,0,0,1,2,2,2
AR(1) 0.95,2,30,2,1,SF,raíz,—,∇^3 θ̂+1.0000 LR-0.000,cancela,θ̂-0.1103 LR444.959,genuina,discrepan,0,,0,0,1,2,2,2
AR(1) 0.95,2,32,1,1,SF,raíz,—,∇^2 θ̂-0.0001 LR540.542,genuina,θ̂-0.8368 LR1822.397,genuina,—,1,ruido blanco (Q): p mínimo = 0.0000; normalidad (JB): 19.090,0,0,1,2,2,0
AR(1) 0.95,2,32,2,1,SF,raíz,—,∇^3 θ̂+0.8711 LR1.567,cancela,θ̂+0.0877 LR542.091,genuina,discrepan,0,,0,0,0,2,2,0
AR(1) 0.95,2,34,1,1,SF,raíz,—,∇^2 θ̂-0.0001 LR398.872,genuina,θ̂-0.7719 LR1544.206,genuina,—,1,ruido blanco (Q): p mínimo = 0.0000; media residual distinta,0,0,1,1,2,2
AR(1) 0.95,2,34,2,1,SF,estac.,—,∇^3 θ̂+0.7359 LR-0.604,cancela,θ̂+0.0647 LR399.499,genuina,coinciden,0,,1,1,0,1,2,2
AR(1) 0.95,2,35,1,1,SF,raíz,—,∇^2 θ̂-0.0001 LR489.937,genuina,θ̂-0.8184 LR1900.265,genuina,—,1,"ruido blanco (Q): p mínimo = 0.0000; normalidad (JB): 8.124,",0,0,1,2,2,2
AR(1) 0.95,2,35,2,1,SF,raíz,—,∇^3 θ̂+1.0000 LR-0.000,cancela,θ̂+0.0931 LR491.378,genuina,discrepan,0,,0,0,0,2,2,2
AR(1) 0.95,2,33,1,1,SF,raíz,—,∇^2 θ̂-0.0377 LR354.014,genuina,θ̂-0.7401 LR1729.516,genuina,—,1,ruido blanco (Q): p mínimo = 0.0000; media residual distinta,0,0,1,2,2,2
AR(1) 0.95,2,33,2,1,SF,estac.,—,∇^3 θ̂+1.0000 LR0.000,cancela,θ̂-0.0377 LR354.014,genuina,coinciden,0,,1,0,1,2,2,2
AR(1) 0.95,2,36,1,1,SF,raíz,—,∇^2 θ̂-0.1234 LR461.851,genuina,θ̂-0.8443 LR1459.836,genuina,—,1,ruido blanco (Q): p mínimo = 0.0000,0,0,1,2,2,2
AR(1) 0.95,2,36,2,1,SF,raíz,—,∇^3 θ̂+1.0000 LR-0.000,cancela,θ̂-0.1234 LR461.851,genuina,discrepan,0,,0,0,1,2,2,2
AR(1) 0.95,2,39,1,1,SF,raíz,—,∇^2 θ̂-0.0678 LR428.029,genuina,θ̂-0.8280 LR1832.386,genuina,—,1,ruido blanco (Q): p mínimo = 0.0000; media residual distinta,0,0,1,2,2,2
AR(1) 0.95,2,39,2,1,SF,raíz,—,∇^3 θ̂+0.9678 LR1.443,cancela,θ̂-0.0678 LR428.029,genuina,discrepan,1,ruido blanco (Q): p mínimo = 0.0065,0,0,1,2,2,2
AR(1) 0.95,2,37,1,1,SF,raíz,—,∇^2 θ̂-0.1354 LR367.226,genuina,θ̂-0.7969 LR1890.417,genuina,—,1,ruido blanco (Q): p mínimo = 0.0000; normalidad (JB): 11.005,0,0,1,2,2,0
AR(1) 0.95,2,37,2,1,SF,raíz,—,∇^3 θ̂+0.9752 LR1.247,cancela,θ̂-0.1354 LR367.227,genuina,discrepan,0,,0,0,1,2,2,0
AR(1) 0.95,2,38,1,1,SF,raíz,—,∇^2 θ̂-0.0410 LR452.483,genuina,θ̂-0.8059 LR1890.373,genuina,—,1,ruido blanco (Q): p mínimo = 0.0000; normalidad (JB): 11.331,0,0,1,2,2,2
AR(1) 0.95,2,38,2,1,SF,raíz,—,∇^3 θ̂+1.0000 LR-0.000,cancela,θ̂-0.0411 LR452.483,genuina,discrepan,1,estacionalidad en los residuos (p = 0.0063),0,0,1,2,2,2
AR(1) 0.95,2,40,1,1,SF,raíz,—,∇^2 θ̂-0.0001 LR386.110,genuina,θ̂-0.7311 LR1684.700,genuina,—,1,ruido blanco (Q): p mínimo = 0.0000; media residual distinta,0,0,1,2,2,2
AR(1) 0.95,2,40,2,1,SF,raíz,—,∇^3 θ̂+0.9826 LR0.563,cancela,θ̂+0.0692 LR387.023,genuina,discrepan,0,,0,0,0,2,2,2
AR(1) 0.95,2,41,1,1,—,,—,—,,—,,—,0,,0,0,0,2,2,2
AR(1) 0.95,2,41,2,1,SF,raíz,—,∇^3 θ̂+0.9690 LR2.165,genuina,θ̂+0.1333 LR557.040,genuina,coinciden,0,,0,0,0,2,2,2
AR(1) 0.95,2,42,1,1,SF,raíz,—,∇^2 θ̂-0.1043 LR488.109,genuina,θ̂-0.8513 LR1953.067,genuina,—,1,"ruido blanco (Q): p mínimo = 0.0000; normalidad (JB): 6.293,",0,0,1,2,2,0
AR(1) 0.95,2,42,2,1,SF,raíz,—,∇^3 θ̂+0.9889 LR0.122,cancela,θ̂-0.1043 LR488.109,genuina,discrepan,0,,0,0,1,2,2,0
AR(1) 0.95,2,43,1,1,SF,raíz,—,∇^2 θ̂-0.0001 LR448.198,genuina,θ̂-0.7714 LR1793.570,genuina,—,1,ruido blanco (Q): p mínimo = 0.0000; normalidad (JB): 22.345,0,0,1,2,2,2
AR(1) 0.95,2,43,2,1,SF,raíz,—,∇^3 θ̂+0.7900 LR0.966,cancela,θ̂+0.0342 LR448.400,genuina,discrepan,0,,0,0,0,2,2,2
AR(1) 0.95,2,44,1,1,SF,raíz,—,∇^2 θ̂-0.1513 LR412.972,genuina,θ̂-0.7868 LR1400.861,genuina,—,1,ruido blanco (Q): p mínimo = 0.0000,0,0,1,2,2,2
AR(1) 0.95,2,44,2,1,SF,estac.,—,∇^3 θ̂+1.0000 LR-0.000,cancela,θ̂-0.1513 LR412.972,genuina,coinciden,0,,1,0,1,2,2,2
AR(1) 0.95,2,46,1,1,SF,raíz,—,∇^2 θ̂-0.0001 LR512.268,genuina,θ̂-0.8156 LR2014.358,genuina,—,1,"ruido blanco (Q): p mínimo = 0.0000; normalidad (JB): 8.842,",0,0,1,2,2,0
AR(1) 0.95,2,46,2,1,SF,raíz,—,∇^3 θ̂+1.0000 LR-0.000,cancela,θ̂+0.0083 LR512.284,genuina,discrepan,0,,0,0,0,2,2,0
AR(1) 0.95,2,45,1,1,SF,raíz,—,∇^2 θ̂-0.0001 LR351.122,genuina,θ̂-0.7119 LR1527.320,genuina,—,1,ruido blanco (Q): p mínimo = 0.0000; media residual distinta,0,0,1,2,2,2
AR(1) 0.95,2,45,2,1,SF,estac.,—,∇^3 θ̂+0.9571 LR3.099,genuina,θ̂+0.0139 LR351.151,genuina,discrepan,0,,0,0,0,2,2,2
AR(1) 0.95,2,47,1,1,SF,raíz,—,∇^2 θ̂-0.0102 LR451.584,genuina,θ̂-0.8127 LR1574.455,genuina,—,1,ruido blanco (Q): p mínimo = 0.0000,0,0,1,2,2,2
AR(1) 0.95,2,47,2,1,SF,raíz,—,∇^3 θ̂+1.0000 LR0.000,cancela,θ̂-0.0102 LR451.584,genuina,discrepan,0,,0,0,1,2,2,2
AR(1) 0.95,2,48,1,1,SF,raíz,—,∇^2 θ̂-0.0001 LR379.869,genuina,θ̂-0.7828 LR1468.398,genuina,—,1,ruido blanco (Q): p mínimo = 0.0000; media residual distinta,0,0,1,2,2,2
AR(1) 0.95,2,48,2,1,SF,estac.,—,∇^3 θ̂+0.9803 LR0.395,cancela,θ̂+0.0447 LR380.233,genuina,coinciden,1,estacionalidad en los residuos (p = 0.0433),0,0,0,2,2,2
AR(1) 0.95,2,49,1,1,SF,raíz,—,∇^2 θ̂-0.0411 LR392.914,genuina,θ̂-0.7861 LR1856.453,genuina,—,1,ruido blanco (Q): p mínimo = 0.0000; media residual distinta,0,0,1,2,2,1
AR(1) 0.95,2,49,2,1,SF,estac.,—,∇^3 θ̂+0.9932 LR0.021,cancela,θ̂-0.0411 LR392.914,genuina,coinciden,0,,1,0,1,2,2,1
AR(1) 0.98,2,0,1,1,SF,raíz,—,∇^2 θ̂-0.0377 LR462.524,genuina,θ̂-0.8309 LR1693.286,genuina,—,1,ruido blanco (Q): p mínimo = 0.0000; normalidad (JB): 10.279,0,0,1,2,2,2
AR(1) 0.98,2,0,2,1,SF,raíz,—,∇^3 θ̂+0.8215 LR-0.902,cancela,θ̂-0.0377 LR462.524,genuina,discrepan,0,,0,1,1,2,2,2
AR(1) 0.98,2,1,1,1,SF,raíz,—,∇^2 θ̂-0.0201 LR743.139,genuina,θ̂-0.8796 LR2057.647,genuina,—,1,ruido blanco (Q): p mínimo = 0.0000; normalidad (JB): 14.067,0,0,1,2,2,0
AR(1) 0.98,2,1,2,1,SF,raíz,—,∇^3 θ̂+1.0000 LR-0.000,cancela,θ̂-0.0201 LR743.139,genuina,discrepan,0,,0,0,1,2,2,0
AR(1) 0.98,2,2,1,1,—,,—,—,,—,,—,0,,0,0,0,2,2,2
AR(1) 0.98,2,2,2,1,SF,raíz,—,∇^3 θ̂+0.8978 LR-0.096,cancela,θ̂-0.0610 LR907.970,genuina,discrepan,0,,0,1,1,2,2,2
AR(1) 0.98,2,4,1,1,SF,raíz,—,∇^2 θ̂-0.0487 LR542.522,genuina,θ̂-0.8075 LR1381.964,genuina,—,1,ruido blanco (Q): p mínimo = 0.0000; normalidad (JB): 18.489,0,0,1,0,2,2
AR(1) 0.98,2,4,2,1,SF,raíz,—,∇^3 θ̂+0.6552 LR0.946,cancela,θ̂-0.0487 LR542.522,genuina,discrepan,0,,0,0,1,0,2,2
AR(1) 0.98,2,3,1,1,—,,—,—,,—,,—,0,,0,0,0,2,2,2
AR(1) 0.98,2,3,2,1,SF,raíz,—,∇^3 θ̂+1.0000 LR0.000,cancela,θ̂-0.0730 LR694.085,genuina,discrepan,0,,0,0,1,2,2,2
AR(1) 0.98,2,5,1,1,SF,raíz,—,∇^2 θ̂-0.0908 LR568.978,genuina,θ̂-0.8840 LR1702.910,genuina,—,1,ruido blanco (Q): p mínimo = 0.0000; media residual distinta,0,0,1,2,2,2
AR(1) 0.98,2,5,2,1,SF,raíz,—,∇^3 θ̂+0.9910 LR0.067,cancela,θ̂-0.0908 LR568.978,genuina,discrepan,0,,0,0,1,2,2,2
AR(1) 0.98,2,6,1,1,SF,raíz,—,∇^2 θ̂-0.0001 LR486.747,genuina,θ̂-0.8012 LR1749.374,genuina,—,1,"ruido blanco (Q): p mínimo = 0.0000; normalidad (JB): 6.527,",0,0,1,2,2,2
AR(1) 0.98,2,6,2,1,SF,raíz,—,∇^3 θ̂+0.9794 LR0.513,cancela,θ̂+0.0596 LR487.408,genuina,discrepan,0,,0,0,0,2,2,2
AR(1) 0.98,2,9,1,1,SF,raíz,—,∇^2 θ̂-0.0001 LR723.955,genuina,θ̂-0.9178 LR2057.498,genuina,—,1,ruido blanco (Q): p mínimo = 0.0000; normalidad (JB): 17.707,0,0,1,1,2,0
AR(1) 0.98,2,9,2,1,SF,raíz,—,∇^3 θ̂+0.8989 LR1.392,cancela,θ̂+0.0143 LR723.997,genuina,discrepan,1,ruido blanco (Q): p mínimo = 0.0009,0,0,0,1,2,0
AR(1) 0.98,2,7,1,1,SF,raíz,—,∇^2 θ̂-0.0001 LR506.592,genuina,θ̂-0.7732 LR1436.370,genuina,—,1,ruido blanco (Q): p mínimo = 0.0000; media residual distinta,0,0,1,2,2,2
AR(1) 0.98,2,7,2,1,SF,raíz,—,∇^3 θ̂+1.0000 LR0.000,cancela,θ̂+0.0974 LR508.888,genuina,discrepan,0,,0,0,0,2,2,2
AR(1) 0.98,2,8,1,1,SF,raíz,—,∇^2 θ̂-0.0068 LR442.070,genuina,θ̂-0.8445 LR1548.261,genuina,—,1,ruido blanco (Q): p mínimo = 0.0000; normalidad (JB): 32.134,0,0,1,2,2,2
AR(1) 0.98,2,8,2,1,SF,raíz,—,∇^3 θ̂+0.9614 LR-0.109,cancela,θ̂-0.0068 LR442.070,genuina,discrepan,0,,0,1,1,2,2,2
AR(1) 0.98,2,10,1,1,SF,raíz,—,∇^2 θ̂-0.0001 LR568.020,genuina,θ̂-0.8369 LR1984.734,genuina,—,1,ruido blanco (Q): p mínimo = 0.0000; media residual distinta,0,0,1,2,2,2
AR(1) 0.98,2,10,2,1,SF,raíz,—,∇^3 θ̂+1.0000 LR0.000,cancela,θ̂+0.1262 LR571.656,genuina,discrepan,0,,0,0,0,2,2,2
AR(1) 0.98,2,11,1,1,—,,—,—,,—,,—,0,,0,0,0,2,2,2
AR(1) 0.98,2,11,2,1,SF,raíz,—,∇^3 θ̂+1.0000 LR0.000,cancela,θ̂+0.0328 LR562.660,genuina,discrepan,0,,0,0,0,2,2,2
AR(1) 0.98,2,13,1,1,SF,raíz,—,∇^2 θ̂-0.0086 LR577.532,genuina,θ̂-0.9929 LR1599.204,genuina,—,1,ruido blanco (Q): p mínimo = 0.0000; media residual distinta,0,0,1,2,2,2
AR(1) 0.98,2,13,2,1,SF,raíz,—,∇^3 θ̂+0.9671 LR1.111,cancela,θ̂-0.0086 LR577.532,genuina,discrepan,0,,0,0,1,2,2,2
AR(1) 0.98,2,12,1,1,SF,raíz,—,∇^2 θ̂-0.0001 LR424.572,genuina,θ̂-0.7693 LR1843.537,genuina,—,1,ruido blanco (Q): p mínimo = 0.0000; normalidad (JB): 20.389,0,0,1,2,2,2
AR(1) 0.98,2,12,2,1,SF,raíz,—,∇^3 θ̂+0.7719 LR-2.139,cancela,θ̂+0.0520 LR425.017,genuina,discrepan,0,,0,1,0,2,2,2
AR(1) 0.98,2,14,1,1,SF,raíz,—,∇^2 θ̂-0.0001 LR656.809,genuina,θ̂-0.8900 LR1978.498,genuina,—,1,ruido blanco (Q): p mínimo = 0.0000; normalidad (JB): 15.735,0,0,1,2,2,2
AR(1) 0.98,2,14,2,1,SF,raíz,—,∇^3 θ̂+0.7977 LR-0.914,cancela,θ̂+0.0207 LR656.904,genuina,discrepan,0,,0,1,0,2,2,2
AR(1) 0.98,2,16,1,1,SF,raíz,—,∇^2 θ̂-0.0658 LR684.265,genuina,θ̂-0.9208 LR1908.311,genuina,—,1,ruido blanco (Q): p mínimo = 0.0000; normalidad (JB): 12.800,0,0,1,2,2,2
AR(1) 0.98,2,16,2,1,SF,raíz,—,∇^3 θ̂+1.0000 LR-0.000,cancela,θ̂-0.0658 LR684.265,genuina,discrepan,0,,0,0,1,2,2,2
AR(1) 0.98,2,15,1,1,SF,raíz,—,∇^2 θ̂-0.0656 LR613.916,genuina,θ̂-0.8505 LR2046.310,genuina,—,1,ruido blanco (Q): p mínimo = 0.0000; normalidad (JB): 20.383,0,0,1,1,2,0
AR(1) 0.98,2,15,2,1,SF,raíz,—,∇^3 θ̂+1.0000 LR-0.000,cancela,θ̂-0.0656 LR613.916,genuina,discrepan,0,,0,0,1,1,2,0
AR(1) 0.98,2,17,1,1,SF,raíz,—,∇^2 θ̂-0.0017 LR588.081,genuina,θ̂-0.8712 LR1679.063,genuina,—,1,ruido blanco (Q): p mínimo = 0.0000; normalidad (JB): 193.95,0,0,1,2,2,0
AR(1) 0.98,2,17,2,1,SF,raíz,—,∇^3 θ̂+0.9748 LR0.644,cancela,θ̂-0.0017 LR588.081,genuina,discrepan,0,,0,0,1,2,2,0
AR(1) 0.98,2,18,1,1,SF,raíz,—,∇^2 θ̂-0.0038 LR727.345,genuina,θ̂-0.9223 LR1844.174,genuina,—,1,ruido blanco (Q): p mínimo = 0.0000; media residual distinta,0,0,1,2,2,0
AR(1) 0.98,2,18,2,1,SF,raíz,—,∇^3 θ̂+0.7381 LR0.157,cancela,θ̂-0.0038 LR727.345,genuina,discrepan,0,,0,0,1,2,2,0
AR(1) 0.98,2,19,1,1,SF,raíz,—,∇^2 θ̂-0.0232 LR746.108,genuina,θ̂-0.8757 LR2030.971,genuina,—,1,ruido blanco (Q): p mínimo = 0.0000; normalidad (JB): 16.269,0,0,1,2,2,0
AR(1) 0.98,2,19,2,1,SF,raíz,—,∇^3 θ̂+0.9520 LR-0.123,cancela,θ̂-0.0232 LR746.108,genuina,discrepan,0,,0,1,1,2,2,0
AR(1) 0.98,2,21,1,1,SF,raíz,—,∇^2 θ̂-0.0907 LR687.320,genuina,θ̂-0.9642 LR1641.810,genuina,—,1,ruido blanco (Q): p mínimo = 0.0000; normalidad (JB): 10.122,0,0,1,2,2,2
AR(1) 0.98,2,21,2,1,SF,raíz,—,∇^3 θ̂-1.0000 LR6.510,genuina,θ̂-0.0907 LR687.320,genuina,—,0,,0,0,1,2,2,2
AR(1) 0.98,2,20,1,1,—,,—,—,,—,,—,0,,0,0,0,2,2,0
AR(1) 0.98,2,20,2,1,SF,raíz,—,∇^3 θ̂+0.4587 LR2.415,genuina,θ̂+0.1039 LR671.574,genuina,coinciden,1,estacionalidad en los residuos (p = 0.0296),0,0,0,2,2,0
AR(1) 0.98,2,22,1,1,SF,raíz,—,∇^2 θ̂-0.0001 LR453.842,genuina,θ̂-0.8434 LR1458.372,genuina,—,1,"ruido blanco (Q): p mínimo = 0.0000; normalidad (JB): 7.587,",0,0,1,0,2,2
AR(1) 0.98,2,22,2,1,SF,raíz,—,∇^3 θ̂+1.0000 LR-0.000,cancela,θ̂+0.0016 LR453.842,genuina,discrepan,1,ruido blanco (Q): p mínimo = 0.0062,0,0,0,0,2,2
AR(1) 0.98,2,23,1,1,SF,raíz,—,∇^2 θ̂-0.0001 LR521.605,genuina,θ̂-0.8373 LR1825.388,genuina,—,1,"ruido blanco (Q): p mínimo = 0.0000; normalidad (JB): 7.378,",0,0,1,2,2,2
AR(1) 0.98,2,23,2,1,SF,raíz,—,∇^3 θ̂+0.9857 LR0.275,cancela,θ̂+0.0548 LR522.325,genuina,discrepan,1,estacionalidad en los residuos (p = 0.0343),0,0,0,2,2,2
AR(1) 0.98,2,24,1,1,SF,raíz,—,∇^2 θ̂-0.1054 LR640.968,genuina,θ̂-0.9062 LR1944.478,genuina,—,1,ruido blanco (Q): p mínimo = 0.0000; normalidad (JB): 18.410,0,0,1,2,2,2
AR(1) 0.98,2,24,2,1,SF,raíz,—,∇^3 θ̂+1.0000 LR0.000,cancela,θ̂-0.1054 LR640.968,genuina,discrepan,0,,0,0,1,2,2,2
AR(1) 0.98,2,25,1,1,—,,—,—,,—,,—,0,,0,0,0,1,2,2
AR(1) 0.98,2,25,2,1,SF,raíz,—,∇^3 θ̂+0.9740 LR0.375,cancela,θ̂+0.0253 LR724.164,genuina,discrepan,0,,0,0,0,1,2,2
AR(1) 0.98,2,27,1,1,SF,raíz,—,∇^2 θ̂-0.0001 LR589.074,genuina,θ̂-0.8688 LR1885.950,genuina,—,1,ruido blanco (Q): p mínimo = 0.0000; normalidad (JB): 11.733,0,0,1,2,2,2
AR(1) 0.98,2,27,2,1,SF,raíz,—,∇^3 θ̂+1.0000 LR-0.000,cancela,θ̂+0.0273 LR589.216,genuina,discrepan,0,,0,0,0,2,2,2
AR(1) 0.98,2,26,1,1,SF,raíz,—,∇^2 θ̂-0.0169 LR489.090,genuina,θ̂-0.8462 LR1620.667,genuina,—,1,ruido blanco (Q): p mínimo = 0.0000; normalidad (JB): 35.686,0,0,1,2,2,1
AR(1) 0.98,2,26,2,1,SF,raíz,—,∇^3 θ̂+0.9234 LR0.853,cancela,θ̂-0.0169 LR489.090,genuina,discrepan,0,,0,0,1,2,2,1
AR(1) 0.98,2,28,1,1,—,,—,—,,—,,—,0,,0,0,0,2,2,2
AR(1) 0.98,2,28,2,1,SF,raíz,—,∇^3 θ̂+0.8048 LR1.767,cancela,θ̂+0.1391 LR527.882,genuina,discrepan,1,"normalidad (JB): 10.002, p = 0.0067",0,0,0,2,2,2
AR(1) 0.98,2,29,1,1,SF,raíz,—,∇^2 θ̂-0.0941 LR690.582,genuina,θ̂-0.8613 LR2048.764,genuina,—,1,ruido blanco (Q): p mínimo = 0.0000; media residual distinta,0,0,1,2,2,2
AR(1) 0.98,2,29,2,1,SF,raíz,—,∇^3 θ̂+0.9972 LR0.001,cancela,θ̂-0.0941 LR690.582,genuina,discrepan,1,estacionalidad en los residuos (p = 0.0372),0,0,1,2,2,2
AR(1) 0.98,2,30,1,1,SF,raíz,—,∇^2 θ̂-0.0551 LR603.532,genuina,θ̂-0.8808 LR1876.178,genuina,—,1,"ruido blanco (Q): p mínimo = 0.0000; normalidad (JB): 8.004,",0,0,1,2,2,2
AR(1) 0.98,2,30,2,1,SF,raíz,—,∇^3 θ̂+1.0000 LR-0.000,cancela,θ̂-0.0551 LR603.532,genuina,discrepan,0,,0,0,1,2,2,2
AR(1) 0.98,2,31,1,1,SF,raíz,—,∇^2 θ̂-0.0001 LR464.740,genuina,θ̂-0.8635 LR1900.438,genuina,—,1,ruido blanco (Q): p mínimo = 0.0000; normalidad (JB): 37.268,0,0,1,2,2,2
AR(1) 0.98,2,31,2,1,SF,raíz,—,∇^3 θ̂+0.5363 LR1.638,cancela,θ̂+0.0996 LR466.480,genuina,discrepan,1,ruido blanco (Q): p mínimo = 0.0061,0,0,0,2,2,2
AR(1) 0.98,2,32,1,1,SF,raíz,—,∇^2 θ̂-0.0001 LR350.440,genuina,θ̂-0.7269 LR1785.216,genuina,—,1,"ruido blanco (Q): p mínimo = 0.0000; normalidad (JB): 6.456,",0,0,1,2,2,2
AR(1) 0.98,2,32,2,1,SF,estac.,—,∇^3 θ̂+0.9714 LR2.301,genuina,θ̂+0.0409 LR350.770,genuina,discrepan,0,,0,0,0,2,2,2
AR(1) 0.98,2,33,1,1,SF,raíz,—,∇^2 θ̂-0.1708 LR619.589,genuina,θ̂-0.8822 LR2007.061,genuina,—,1,ruido blanco (Q): p mínimo = 0.0000; normalidad (JB): 22.803,0,0,1,2,2,2
AR(1) 0.98,2,33,2,1,SF,raíz,—,∇^3 θ̂-0.3058 LR3.359,genuina,θ̂-0.1708 LR619.589,genuina,—,0,,0,0,1,2,2,2
AR(1) 0.98,2,34,1,1,SF,raíz,—,∇^2 θ̂-0.0001 LR646.186,genuina,θ̂-0.8896 LR1748.973,genuina,—,1,ruido blanco (Q): p mínimo = 0.0000; media residual distinta,0,0,1,2,2,2
AR(1) 0.98,2,34,2,1,SF,raíz,—,∇^3 θ̂+1.0000 LR0.000,cancela,θ̂+0.0511 LR646.694,genuina,discrepan,0,,0,0,0,2,2,2
AR(1) 0.98,2,35,1,1,—,,—,—,,—,,—,0,,0,0,0,2,2,2
AR(1) 0.98,2,35,2,1,SF,raíz,—,∇^3 θ̂+0.5996 LR0.440,cancela,θ̂-0.0879 LR712.037,genuina,discrepan,0,,0,0,1,2,2,2
AR(1) 0.98,2,36,1,1,SF,raíz,—,∇^2 θ̂-0.0001 LR542.303,genuina,θ̂-0.8510 LR1829.526,genuina,—,1,ruido blanco (Q): p mínimo = 0.0000; media residual distinta,0,0,1,2,2,0
AR(1) 0.98,2,36,2,1,SF,raíz,—,∇^3 θ̂+0.8461 LR1.078,cancela,θ̂+0.0732 LR543.364,genuina,discrepan,0,,0,0,0,2,2,0
AR(1) 0.98,2,37,1,1,SF,raíz,—,∇^2 θ̂-0.0001 LR659.683,genuina,θ̂-0.8617 LR1531.211,genuina,—,1,"ruido blanco (Q): p mínimo = 0.0000; normalidad (JB): 7.397,",0,0,1,2,2,2
AR(1) 0.98,2,37,2,1,SF,raíz,—,∇^3 θ̂+0.5457 LR4.863,genuina,θ̂+0.1389 LR662.765,genuina,coinciden,0,,0,0,0,2,2,2
AR(1) 0.98,2,38,1,1,SF,raíz,—,∇^2 θ̂-0.0001 LR309.982,genuina,θ̂-0.6904 LR1679.233,genuina,—,1,ruido blanco (Q): p mínimo = 0.0000; media residual distinta,0,0,1,2,2,2
AR(1) 0.98,2,38,2,1,SF,estac.,—,∇^3 θ̂+1.0000 LR0.000,cancela,θ̂+0.0257 LR310.078,genuina,coinciden,0,,1,0,0,2,2,2
AR(1) 0.98,2,39,1,1,SF,raíz,—,∇^2 θ̂-0.0001 LR560.222,genuina,θ̂-0.8733 LR2028.608,genuina,—,1,ruido blanco (Q): p mínimo = 0.0000; normalidad (JB): 15.077,0,0,1,1,2,0
AR(1) 0.98,2,39,2,1,SF,raíz,—,∇^3 θ̂+0.9408 LR2.393,genuina,θ̂+0.0008 LR560.222,genuina,coinciden,0,,0,0,0,1,2,0
AR(1) 0.98,2,40,1,1,SF,raíz,—,∇^2 θ̂-0.0132 LR538.550,genuina,θ̂-0.8733 LR1881.635,genuina,—,1,"ruido blanco (Q): p mínimo = 0.0000; normalidad (JB): 7.207,",0,0,1,2,2,2
AR(1) 0.98,2,40,2,1,SF,raíz,—,∇^3 θ̂+1.0000 LR0.000,cancela,θ̂-0.0132 LR538.550,genuina,discrepan,0,,0,0,1,2,2,2
AR(1) 0.98,2,41,1,1,—,,—,—,,—,,—,0,,0,0,0,2,2,2
AR(1) 0.98,2,41,2,1,SF,raíz,—,∇^3 θ̂+0.8492 LR0.875,cancela,θ̂+0.0028 LR845.727,genuina,discrepan,1,"normalidad (JB): 6.852, p = 0.0325",0,0,0,2,2,2
AR(1) 0.98,2,42,1,1,SF,raíz,—,∇^2 θ̂+0.0307 LR599.545,genuina,θ̂-0.8515 LR1790.671,genuina,coinciden,1,ruido blanco (Q): p mínimo = 0.0000; normalidad (JB): 10.775,0,0,1,1,2,1
AR(1) 0.98,2,42,2,1,SF,raíz,—,∇^3 θ̂+0.9053 LR-0.162,cancela,θ̂+0.0307 LR599.545,genuina,discrepan,0,,0,1,0,1,2,1
AR(1) 0.98,2,43,1,1,SF,raíz,—,∇^2 θ̂-0.0921 LR832.769,genuina,θ̂-0.9124 LR1850.317,genuina,—,1,ruido blanco (Q): p mínimo = 0.0000; normalidad (JB): 20.166,0,0,1,2,2,2
AR(1) 0.98,2,43,2,1,SF,raíz,—,∇^3 θ̂+0.1986 LR1.542,cancela,θ̂-0.0921 LR832.769,genuina,discrepan,0,,0,0,1,2,2,2
AR(1) 0.98,2,44,1,1,—,,—,—,,—,,—,0,,0,0,0,2,2,2
AR(1) 0.98,2,44,2,1,SF,raíz,—,∇^3 θ̂+1.0000 LR-0.000,cancela,θ̂-0.0057 LR746.615,genuina,discrepan,0,,0,0,1,2,2,2
AR(1) 0.98,2,46,1,1,SF,raíz,—,∇^2 θ̂+0.0112 LR523.276,genuina,θ̂-0.8402 LR1709.773,genuina,coinciden,1,ruido blanco (Q): p mínimo = 0.0000; normalidad (JB): 12.308,0,0,1,2,2,2
AR(1) 0.98,2,46,2,1,SF,raíz,—,∇^3 θ̂+0.8239 LR-0.720,cancela,θ̂+0.0112 LR523.276,genuina,discrepan,0,,0,1,0,2,2,2
AR(1) 0.98,2,45,1,1,SF,raíz,—,∇^2 θ̂-0.0025 LR510.903,genuina,θ̂-0.8581 LR1585.693,genuina,—,1,ruido blanco (Q): p mínimo = 0.0000; normalidad (JB): 24.742,0,0,1,2,2,2
AR(1) 0.98,2,45,2,1,SF,raíz,—,∇^3 θ̂+0.9723 LR0.442,cancela,θ̂-0.0025 LR510.903,genuina,discrepan,0,,0,0,1,2,2,2
AR(1) 0.98,2,47,1,1,SF,raíz,—,∇^2 θ̂-0.0634 LR764.715,genuina,θ̂-0.8641 LR1700.876,genuina,—,1,ruido blanco (Q): p mínimo = 0.0000; normalidad (JB): 10.633,0,0,1,1,2,2
AR(1) 0.98,2,47,2,1,SF,raíz,—,∇^3 θ̂+0.7719 LR2.648,genuina,θ̂-0.0634 LR764.715,genuina,coinciden,0,,0,0,1,1,2,2
AR(1) 0.98,2,48,1,1,SF,raíz,—,∇^2 θ̂-0.0001 LR355.334,genuina,θ̂-0.6877 LR1373.982,genuina,—,1,ruido blanco (Q): p mínimo = 0.0000; media residual distinta,0,0,1,2,2,2
AR(1) 0.98,2,48,2,1,SF,estac.,—,∇^3 θ̂+0.9417 LR0.149,cancela,θ̂+0.0854 LR356.733,genuina,coinciden,1,estacionalidad en los residuos (p = 0.0190),0,0,0,2,2,2
"ARMA(1,1) señal+ruido .95/.7",2,1,1,1,SF,raíz,sí,∇^2 θ̂+0.7873 LR114.426,genuina,θ̂-0.3000 LR1658.406,genuina,coinciden,1,ruido blanco (Q): p mínimo = 0.0000; media residual distinta,0,0,1,2,2,0
"ARMA(1,1) señal+ruido .95/.7",2,1,2,1,SF,raíz,sí,∇^3 θ̂+0.7604 LR51.252,genuina,θ̂+0.7873 LR114.426,genuina,coinciden,0,,0,0,0,2,2,0
AR(1) 0.98,2,49,1,1,SF,raíz,—,∇^2 θ̂-0.0684 LR770.014,genuina,θ̂-0.9147 LR2018.918,genuina,—,1,ruido blanco (Q): p mínimo = 0.0000; normalidad (JB): 90.620,0,0,1,1,2,1
AR(1) 0.98,2,49,2,1,SF,raíz,—,∇^3 θ̂+0.7476 LR2.048,genuina,θ̂-0.0684 LR770.014,genuina,coinciden,0,,0,0,1,1,2,1
"ARMA(1,1) señal+ruido .95/.7",2,0,1,1,SF,raíz,sí,∇^2 θ̂+0.5446 LR138.462,genuina,θ̂-0.4479 LR1703.503,genuina,coinciden,1,ruido blanco (Q): p mínimo = 0.0000; media residual distinta,0,0,1,2,2,2
"ARMA(1,1) señal+ruido .95/.7",2,0,2,1,SF,estac.,sí,∇^3 θ̂+0.7012 LR20.292,genuina,θ̂+0.5446 LR138.462,genuina,discrepan,1,ruido blanco (Q): p mínimo = 0.0231,0,0,0,2,2,2
"ARMA(1,1) señal+ruido .95/.7",2,2,1,1,SF,raíz,sí,∇^2 θ̂+0.7075 LR41.173,genuina,θ̂-0.2822 LR1247.566,genuina,coinciden,1,ruido blanco (Q): p mínimo = 0.0000; media residual distinta,0,0,1,2,2,2
"ARMA(1,1) señal+ruido .95/.7",2,2,2,1,SF,estac.,sí,∇^3 θ̂+0.8072 LR10.295,genuina,θ̂+0.7075 LR41.173,genuina,discrepan,0,,0,0,0,2,2,2
"ARMA(1,1) señal+ruido .95/.7",2,3,1,1,SF,raíz,sí,∇^2 θ̂+0.7441 LR24.952,genuina,θ̂-0.1660 LR1067.368,genuina,coinciden,1,ruido blanco (Q): p mínimo = 0.0000,0,0,1,2,2,2
"ARMA(1,1) señal+ruido .95/.7",2,3,2,1,SF,estac.,sí,∇^3 θ̂+0.8042 LR12.395,genuina,θ̂+0.7441 LR24.952,genuina,discrepan,0,,0,0,0,2,2,2
"ARMA(1,1) señal+ruido .95/.7",2,4,1,1,SF,raíz,sí,∇^2 θ̂+0.7149 LR52.625,genuina,θ̂-0.2730 LR1029.187,genuina,coinciden,1,ruido blanco (Q): p mínimo = 0.0000,0,0,1,1,2,0
"ARMA(1,1) señal+ruido .95/.7",2,4,2,1,SF,raíz,sí,∇^3 θ̂+0.7974 LR20.039,genuina,θ̂+0.7149 LR52.625,genuina,coinciden,1,estacionalidad en los residuos (p = 0.0226),0,0,0,1,2,0
"ARMA(1,1) señal+ruido .95/.7",2,5,1,1,SF,raíz,sí,∇^2 θ̂+0.5266 LR99.508,genuina,θ̂-0.3756 LR1098.089,genuina,coinciden,1,ruido blanco (Q): p mínimo = 0.0000; media residual distinta,0,0,1,2,2,2
"ARMA(1,1) señal+ruido .95/.7",2,5,2,1,SF,estac.,sí,∇^3 θ̂+0.6894 LR16.312,genuina,θ̂+0.5266 LR99.508,genuina,discrepan,0,,0,0,0,2,2,2
"ARMA(1,1) señal+ruido .95/.7",2,6,1,1,SF,raíz,sí,∇^2 θ̂+0.8200 LR84.105,genuina,θ̂-0.2237 LR1673.305,genuina,coinciden,1,ruido blanco (Q): p mínimo = 0.0000; media residual distinta,0,0,1,2,2,2
"ARMA(1,1) señal+ruido .95/.7",2,6,2,1,SF,raíz,sí,∇^3 θ̂+0.8225 LR20.221,genuina,θ̂+0.8200 LR84.105,genuina,coinciden,1,estacionalidad en los residuos (p = 0.0173),0,0,0,2,2,2
"ARMA(1,1) señal+ruido .95/.7",2,7,1,1,SF,raíz,sí,∇^2 θ̂+0.7680 LR34.192,genuina,θ̂-0.2310 LR902.475,genuina,coinciden,1,ruido blanco (Q): p mínimo = 0.0000,0,0,1,1,2,2
"ARMA(1,1) señal+ruido .95/.7",2,7,2,1,SF,raíz,sí,∇^3 θ̂+0.8093 LR19.676,genuina,θ̂+0.7680 LR34.192,genuina,coinciden,1,ruido blanco (Q): p mínimo = 0.0028,0,0,0,1,2,2
"ARMA(1,1) señal+ruido .95/.7",2,9,1,1,SF,raíz,sí,∇^2 θ̂+0.6716 LR79.948,genuina,θ̂-0.4612 LR1524.647,genuina,coinciden,1,ruido blanco (Q): p mínimo = 0.0000; media residual distinta,0,0,1,2,2,2
"ARMA(1,1) señal+ruido .95/.7",2,9,2,1,SF,raíz,sí,∇^3 θ̂+0.8387 LR13.367,genuina,θ̂+0.6716 LR79.948,genuina,coinciden,0,,0,0,0,2,2,2
"ARMA(1,1) señal+ruido .95/.7",2,8,1,1,SF,raíz,sí,∇^2 θ̂+0.6939 LR131.285,genuina,θ̂-0.3364 LR1604.494,genuina,coinciden,1,ruido blanco (Q): p mínimo = 0.0000; media residual distinta,0,0,1,2,2,2
"ARMA(1,1) señal+ruido .95/.7",2,8,2,1,SF,raíz,sí,∇^3 θ̂+0.6017 LR59.150,genuina,θ̂+0.6939 LR131.285,genuina,coinciden,0,,0,0,0,2,2,2
"ARMA(1,1) señal+ruido .95/.7",2,11,1,1,SF,raíz,sí,∇^2 θ̂+0.6522 LR135.462,genuina,θ̂-0.4392 LR1265.456,genuina,coinciden,1,ruido blanco (Q): p mínimo = 0.0000,0,0,1,2,2,2
"ARMA(1,1) señal+ruido .95/.7",2,11,2,1,SF,raíz,sí,∇^3 θ̂+0.7111 LR35.656,genuina,θ̂+0.6522 LR135.462,genuina,coinciden,0,,0,0,0,2,2,2
"ARMA(1,1) señal+ruido .95/.7",2,10,1,1,SF,raíz,sí,∇^2 θ̂+0.6608 LR74.954,genuina,θ̂-0.3776 LR1460.653,genuina,coinciden,1,ruido blanco (Q): p mínimo = 0.0000; media residual distinta,0,0,1,2,2,2
"ARMA(1,1) señal+ruido .95/.7",2,10,2,1,SF,raíz,sí,∇^3 θ̂+0.7761 LR12.096,genuina,θ̂+0.6608 LR74.954,genuina,coinciden,0,,0,0,0,2,2,2
"ARMA(1,1) señal+ruido .95/.7",2,12,1,1,SF,raíz,sí,∇^2 θ̂+0.5763 LR130.643,genuina,θ̂-0.4066 LR1482.167,genuina,coinciden,1,ruido blanco (Q): p mínimo = 0.0000; media residual distinta,0,0,1,2,2,2
"ARMA(1,1) señal+ruido .95/.7",2,12,2,1,SF,raíz,sí,∇^3 θ̂+0.6698 LR23.398,genuina,θ̂+0.5763 LR130.643,genuina,coinciden,0,,0,0,0,2,2,2
"ARMA(1,1) señal+ruido .95/.7",2,13,1,1,SF,raíz,sí,∇^2 θ̂+0.7546 LR177.199,genuina,θ̂-0.5115 LR1498.680,genuina,coinciden,1,ruido blanco (Q): p mínimo = 0.0000; media residual distinta,0,0,1,0,2,0
"ARMA(1,1) señal+ruido .95/.7",2,13,2,1,SF,raíz,sí,∇^3 θ̂+0.8289 LR42.643,genuina,θ̂+0.7546 LR177.199,genuina,coinciden,1,ruido blanco (Q): p mínimo = 0.0194,0,0,0,0,2,0
"ARMA(1,1) señal+ruido .95/.7",2,14,1,1,SF,raíz,sí,∇^2 θ̂+0.6201 LR76.780,genuina,θ̂-0.3350 LR1227.113,genuina,coinciden,1,ruido blanco (Q): p mínimo = 0.0000,0,0,1,2,2,2
"ARMA(1,1) señal+ruido .95/.7",2,14,2,1,SF,estac.,sí,∇^3 θ̂+0.7770 LR17.430,genuina,θ̂+0.6201 LR76.780,genuina,discrepan,0,,0,0,0,2,2,2
"ARMA(1,1) señal+ruido .95/.7",2,15,1,1,SF,raíz,sí,∇^2 θ̂+0.6376 LR96.808,genuina,θ̂-0.3419 LR1530.059,genuina,coinciden,1,ruido blanco (Q): p mínimo = 0.0000; media residual distinta,0,0,1,1,2,0
"ARMA(1,1) señal+ruido .95/.7",2,15,2,1,SF,estac.,sí,∇^3 θ̂+0.6361 LR28.151,genuina,θ̂+0.6376 LR96.808,genuina,discrepan,0,,0,0,0,1,2,0
"ARMA(1,1) señal+ruido .95/.7",2,16,1,1,SF,raíz,sí,∇^2 θ̂+0.7535 LR124.529,genuina,θ̂-0.4435 LR1613.520,genuina,coinciden,1,ruido blanco (Q): p mínimo = 0.0000; media residual distinta,0,0,1,1,2,0
"ARMA(1,1) señal+ruido .95/.7",2,16,2,1,SF,raíz,sí,∇^3 θ̂+0.8083 LR33.738,genuina,θ̂+0.7535 LR124.529,genuina,coinciden,0,,0,0,0,1,2,0
"ARMA(1,1) señal+ruido .95/.7",2,17,1,1,SF,raíz,sí,∇^2 θ̂+0.7921 LR157.030,genuina,θ̂-0.4391 LR1664.289,genuina,coinciden,1,ruido blanco (Q): p mínimo = 0.0000; media residual distinta,0,0,1,2,2,1
"ARMA(1,1) señal+ruido .95/.7",2,17,2,1,SF,raíz,sí,∇^3 θ̂+0.8327 LR31.710,genuina,θ̂+0.7921 LR157.031,genuina,coinciden,0,,0,0,0,2,2,1
"ARMA(1,1) señal+ruido .95/.7",2,18,1,1,SF,raíz,sí,∇^2 θ̂+0.6933 LR118.908,genuina,θ̂-0.4018 LR1338.846,genuina,coinciden,1,ruido blanco (Q): p mínimo = 0.0000,0,0,1,2,2,2
"ARMA(1,1) señal+ruido .95/.7",2,18,2,1,SF,raíz,sí,∇^3 θ̂+0.7336 LR39.252,genuina,θ̂+0.6933 LR118.908,genuina,coinciden,0,,0,0,0,2,2,2
"ARMA(1,1) señal+ruido .95/.7",2,19,1,1,SF,raíz,sí,∇^2 θ̂+0.7676 LR148.857,genuina,θ̂-0.4422 LR1785.864,genuina,coinciden,1,ruido blanco (Q): p mínimo = 0.0001; media residual distinta,0,0,1,2,2,2
"ARMA(1,1) señal+ruido .95/.7",2,19,2,1,SF,raíz,sí,∇^3 θ̂+0.8697 LR7.627,genuina,θ̂+0.7676 LR148.857,genuina,coinciden,0,,0,0,0,2,2,2
"ARMA(1,1) señal+ruido .95/.7",2,20,1,1,SF,raíz,sí,∇^2 θ̂+0.6163 LR177.706,genuina,θ̂-0.5210 LR1372.235,genuina,coinciden,1,ruido blanco (Q): p mínimo = 0.0000; media residual distinta,0,0,1,2,2,0
"ARMA(1,1) señal+ruido .95/.7",2,20,2,1,SF,raíz,sí,∇^3 θ̂+0.6752 LR39.479,genuina,θ̂+0.6163 LR177.706,genuina,coinciden,0,,0,0,0,2,2,0
"ARMA(1,1) señal+ruido .95/.7",2,21,1,1,SF,raíz,sí,∇^2 θ̂+0.6775 LR52.595,genuina,θ̂-0.2432 LR980.549,genuina,coinciden,1,ruido blanco (Q): p mínimo = 0.0000,0,0,1,1,2,2
"ARMA(1,1) señal+ruido .95/.7",2,21,2,1,SF,estac.,sí,∇^3 θ̂+0.7449 LR19.907,genuina,θ̂+0.6775 LR52.595,genuina,discrepan,0,,0,0,0,1,2,2
"ARMA(1,1) señal+ruido .95/.7",2,22,1,1,SF,raíz,sí,∇^2 θ̂+0.8018 LR17.806,genuina,θ̂-0.1929 LR1112.388,genuina,coinciden,1,ruido blanco (Q): p mínimo = 0.0001; estacionalidad en los r,0,0,1,2,2,0
"ARMA(1,1) señal+ruido .95/.7",2,22,2,1,SF,raíz,sí,∇^3 θ̂+0.8808 LR6.744,genuina,θ̂+0.8018 LR17.806,genuina,coinciden,1,estacionalidad en los residuos (p = 0.0261),0,0,0,2,2,0
"ARMA(1,1) señal+ruido .95/.7",2,23,1,1,SF,raíz,sí,∇^2 θ̂+0.7125 LR93.401,genuina,θ̂-0.3271 LR1364.642,genuina,coinciden,1,ruido blanco (Q): p mínimo = 0.0000; media residual distinta,0,0,1,0,2,2
"ARMA(1,1) señal+ruido .95/.7",2,23,2,1,SF,raíz,sí,∇^3 θ̂+0.7144 LR35.491,genuina,θ̂+0.7125 LR93.401,genuina,coinciden,0,,0,0,0,0,2,2
"ARMA(1,1) señal+ruido .95/.7",2,24,1,1,SF,raíz,sí,∇^2 θ̂+0.7132 LR42.397,genuina,θ̂-0.3021 LR1236.859,genuina,coinciden,1,ruido blanco (Q): p mínimo = 0.0000,0,0,1,2,2,2
"ARMA(1,1) señal+ruido .95/.7",2,24,2,1,SF,raíz,sí,∇^3 θ̂+0.8688 LR12.711,genuina,θ̂+0.7132 LR42.397,genuina,coinciden,1,ruido blanco (Q): p mínimo = 0.0333,0,0,0,2,2,2
"ARMA(1,1) señal+ruido .95/.7",2,25,1,1,SF,raíz,sí,∇^2 θ̂+0.7545 LR81.386,genuina,θ̂-0.3152 LR1674.485,genuina,coinciden,1,ruido blanco (Q): p mínimo = 0.0000; media residual distinta,0,0,1,2,2,2
"ARMA(1,1) señal+ruido .95/.7",2,25,2,1,SF,raíz,sí,∇^3 θ̂+0.8496 LR23.438,genuina,θ̂+0.7545 LR81.386,genuina,coinciden,0,,0,0,0,2,2,2
"ARMA(1,1) señal+ruido .95/.7",2,26,1,1,SF,raíz,sí,∇^2 θ̂+0.6016 LR60.826,genuina,θ̂-0.3593 LR1290.761,genuina,coinciden,1,ruido blanco (Q): p mínimo = 0.0000; media residual distinta,0,0,1,2,2,2
"ARMA(1,1) señal+ruido .95/.7",2,26,2,1,SF,estac.,sí,∇^3 θ̂+0.8631 LR10.992,genuina,θ̂+0.6016 LR60.826,genuina,discrepan,0,,0,0,0,2,2,2
"ARMA(1,1) señal+ruido .95/.7",2,27,1,1,SF,raíz,sí,∇^2 θ̂+0.7700 LR202.222,genuina,θ̂-0.4333 LR1824.956,genuina,coinciden,1,ruido blanco (Q): p mínimo = 0.0000; media residual distinta,0,0,1,2,2,2
"ARMA(1,1) señal+ruido .95/.7",2,27,2,1,SF,raíz,sí,∇^3 θ̂+0.6905 LR82.465,genuina,θ̂+0.7700 LR202.222,genuina,coinciden,0,,0,0,0,2,2,2
"ARMA(1,1) señal+ruido .95/.7",2,28,1,1,SF,raíz,sí,∇^2 θ̂+0.5890 LR99.684,genuina,θ̂-0.3299 LR1592.734,genuina,coinciden,1,"ruido blanco (Q): p mínimo = 0.0000; normalidad (JB): 6.255,",0,0,1,2,2,2
"ARMA(1,1) señal+ruido .95/.7",2,28,2,1,SF,raíz,sí,∇^3 θ̂+0.6219 LR20.390,genuina,θ̂+0.5890 LR99.684,genuina,coinciden,1,ruido blanco (Q): p mínimo = 0.0127; estacionalidad en los r,0,0,0,2,2,2
"ARMA(1,1) señal+ruido .95/.7",2,29,1,1,SF,raíz,sí,∇^2 θ̂+0.7021 LR89.401,genuina,θ̂-0.3509 LR1165.108,genuina,coinciden,1,ruido blanco (Q): p mínimo = 0.0000; media residual distinta,0,0,1,2,2,2
"ARMA(1,1) señal+ruido .95/.7",2,29,2,1,SF,raíz,sí,∇^3 θ̂+0.7002 LR35.831,genuina,θ̂+0.7021 LR89.401,genuina,coinciden,0,,0,0,0,2,2,2
"ARMA(1,1) señal+ruido .95/.7",2,30,1,1,SF,raíz,sí,∇^2 θ̂+0.6444 LR90.620,genuina,θ̂-0.3149 LR1189.574,genuina,coinciden,1,"ruido blanco (Q): p mínimo = 0.0000; normalidad (JB): 6.388,",0,0,1,2,2,2
"ARMA(1,1) señal+ruido .95/.7",2,30,2,1,SF,raíz,sí,∇^3 θ̂+0.7137 LR30.027,genuina,θ̂+0.6444 LR90.620,genuina,coinciden,0,,0,0,0,2,2,2
"ARMA(1,1) señal+ruido .95/.7",2,31,1,1,SF,raíz,sí,∇^2 θ̂+0.6238 LR117.936,genuina,θ̂-0.4535 LR1287.866,genuina,coinciden,1,ruido blanco (Q): p mínimo = 0.0000,0,0,1,2,2,2
"ARMA(1,1) señal+ruido .95/.7",2,31,2,1,SF,raíz,sí,∇^3 θ̂+0.7708 LR23.305,genuina,θ̂+0.6238 LR117.936,genuina,coinciden,1,ruido blanco (Q): p mínimo = 0.0110,0,0,0,2,2,2
"ARMA(1,1) señal+ruido .95/.7",2,32,1,1,SF,raíz,sí,∇^2 θ̂+0.6984 LR71.804,genuina,θ̂-0.3746 LR1616.843,genuina,coinciden,1,ruido blanco (Q): p mínimo = 0.0000; media residual distinta,0,0,1,2,2,2
"ARMA(1,1) señal+ruido .95/.7",2,32,2,1,SF,raíz,sí,∇^3 θ̂+0.8341 LR12.111,genuina,θ̂+0.6984 LR71.804,genuina,coinciden,0,,0,0,0,2,2,2
"ARMA(1,1) señal+ruido .95/.7",2,33,1,1,SF,raíz,sí,∇^2 θ̂+0.7428 LR114.548,genuina,θ̂-0.4237 LR1196.848,genuina,coinciden,1,ruido blanco (Q): p mínimo = 0.0000; media residual distinta,0,0,1,1,2,0
"ARMA(1,1) señal+ruido .95/.7",2,33,2,1,SF,raíz,sí,∇^3 θ̂+0.8552 LR30.149,genuina,θ̂+0.7428 LR114.548,genuina,coinciden,0,,0,0,0,1,2,0
"ARMA(1,1) señal+ruido .95/.7",2,34,1,1,SF,raíz,sí,∇^2 θ̂+0.6980 LR113.998,genuina,θ̂-0.4094 LR1498.299,genuina,coinciden,1,ruido blanco (Q): p mínimo = 0.0000; media residual distinta,0,0,1,2,2,2
"ARMA(1,1) señal+ruido .95/.7",2,34,2,1,SF,raíz,sí,∇^3 θ̂+0.7747 LR24.845,genuina,θ̂+0.6980 LR113.998,genuina,coinciden,0,,0,0,0,2,2,2
"ARMA(1,1) señal+ruido .95/.7",2,35,1,1,SF,raíz,sí,∇^2 θ̂+0.7049 LR49.495,genuina,θ̂-0.2751 LR1457.583,genuina,coinciden,1,ruido blanco (Q): p mínimo = 0.0000; media residual distinta,0,0,1,2,2,2
"ARMA(1,1) señal+ruido .95/.7",2,35,2,1,SF,raíz,sí,∇^3 θ̂+0.8692 LR11.526,genuina,θ̂+0.7049 LR49.495,genuina,coinciden,1,estacionalidad en los residuos (p = 0.0017),0,0,0,2,2,2
"ARMA(1,1) señal+ruido .95/.7",2,36,1,1,SF,raíz,sí,∇^2 θ̂+0.7184 LR157.283,genuina,θ̂-0.3811 LR1602.749,genuina,coinciden,1,ruido blanco (Q): p mínimo = 0.0000; media residual distinta,0,0,1,2,2,2
"ARMA(1,1) señal+ruido .95/.7",2,36,2,1,SF,raíz,sí,∇^3 θ̂+0.7333 LR37.700,genuina,θ̂+0.7184 LR157.283,genuina,coinciden,0,,0,0,0,2,2,2
"ARMA(1,1) señal+ruido .95/.7",2,37,1,1,SF,raíz,sí,∇^2 θ̂+0.6686 LR45.313,genuina,θ̂-0.2391 LR1419.405,genuina,coinciden,1,ruido blanco (Q): p mínimo = 0.0000; media residual distinta,0,0,1,1,2,2
"ARMA(1,1) señal+ruido .95/.7",2,37,2,1,SF,estac.,sí,∇^3 θ̂+0.7546 LR16.113,genuina,θ̂+0.6686 LR45.313,genuina,discrepan,0,,0,0,0,1,2,2
"ARMA(1,1) señal+ruido .95/.7",2,38,1,1,SF,raíz,sí,∇^2 θ̂+0.6690 LR119.124,genuina,θ̂-0.4058 LR1478.117,genuina,coinciden,1,ruido blanco (Q): p mínimo = 0.0000,0,0,1,2,2,2
"ARMA(1,1) señal+ruido .95/.7",2,38,2,1,SF,raíz,sí,∇^3 θ̂+0.7078 LR36.659,genuina,θ̂+0.6690 LR119.124,genuina,coinciden,0,,0,0,0,2,2,2
"ARMA(1,1) señal+ruido .95/.7",2,39,1,1,SF,raíz,sí,∇^2 θ̂+0.9159 LR77.453,genuina,θ̂-0.3054 LR1666.291,genuina,coinciden,1,ruido blanco (Q): p mínimo = 0.0120; media residual distinta,0,0,1,2,2,2
"ARMA(1,1) señal+ruido .95/.7",2,39,2,1,SF,raíz,sí,∇^3 θ̂+0.9346 LR4.982,genuina,θ̂+0.9159 LR77.453,genuina,coinciden,0,,0,0,0,2,2,2
"ARMA(1,1) señal+ruido .95/.7",2,40,1,1,SF,raíz,sí,∇^2 θ̂+0.7755 LR61.014,genuina,θ̂-0.2766 LR1396.744,genuina,coinciden,1,ruido blanco (Q): p mínimo = 0.0000,0,0,1,2,2,2
"ARMA(1,1) señal+ruido .95/.7",2,40,2,1,SF,raíz,sí,∇^3 θ̂+0.8764 LR27.422,genuina,θ̂+0.7755 LR61.014,genuina,coinciden,0,,0,0,0,2,2,2
"ARMA(1,1) señal+ruido .95/.7",2,41,1,1,SF,raíz,sí,∇^2 θ̂+0.7282 LR86.217,genuina,θ̂-0.3962 LR1156.824,genuina,coinciden,1,ruido blanco (Q): p mínimo = 0.0000,0,0,1,2,2,2
"ARMA(1,1) señal+ruido .95/.7",2,41,2,1,SF,raíz,sí,∇^3 θ̂+0.8069 LR29.502,genuina,θ̂+0.7282 LR86.217,genuina,coinciden,0,,0,0,0,2,2,2
"ARMA(1,1) señal+ruido .95/.7",2,42,1,1,SF,raíz,sí,∇^2 θ̂+0.5984 LR105.188,genuina,θ̂-0.4998 LR1631.833,genuina,coinciden,1,ruido blanco (Q): p mínimo = 0.0000; media residual distinta,0,0,1,2,2,0
"ARMA(1,1) señal+ruido .95/.7",2,42,2,1,SF,estac.,sí,∇^3 θ̂+0.8095 LR18.639,genuina,θ̂+0.5984 LR105.188,genuina,discrepan,1,estacionalidad en los residuos (p = 0.0347),0,0,0,2,2,0
"ARMA(1,1) señal+ruido .95/.7",2,45,1,1,SF,raíz,sí,∇^2 θ̂+0.7125 LR79.766,genuina,θ̂-0.2750 LR1200.531,genuina,coinciden,1,ruido blanco (Q): p mínimo = 0.0000,0,0,1,2,2,2
"ARMA(1,1) señal+ruido .95/.7",2,45,2,1,SF,raíz,sí,∇^3 θ̂+0.6822 LR40.415,genuina,θ̂+0.7125 LR79.766,genuina,coinciden,0,,0,0,0,2,2,2
"ARMA(1,1) señal+ruido .95/.7",2,43,1,1,SF,raíz,sí,∇^2 θ̂+0.7319 LR152.245,genuina,θ̂-0.4368 LR1474.952,genuina,coinciden,1,ruido blanco (Q): p mínimo = 0.0000,0,0,1,2,2,0
"ARMA(1,1) señal+ruido .95/.7",2,43,2,1,SF,raíz,sí,∇^3 θ̂+0.7918 LR47.104,genuina,θ̂+0.7319 LR152.245,genuina,coinciden,0,,0,0,0,2,2,0
"ARMA(1,1) señal+ruido .95/.7",2,44,1,1,SF,raíz,sí,∇^2 θ̂+0.7382 LR137.444,genuina,θ̂-0.3411 LR1728.369,genuina,coinciden,1,ruido blanco (Q): p mínimo = 0.0000; media residual distinta,0,0,1,2,2,2
"ARMA(1,1) señal+ruido .95/.7",2,44,2,1,SF,raíz,sí,∇^3 θ̂+0.7366 LR11.055,genuina,θ̂+0.7382 LR137.444,genuina,coinciden,0,,0,0,0,2,2,2
"ARMA(1,1) señal+ruido .95/.7",2,47,1,1,SF,raíz,sí,∇^2 θ̂+0.6271 LR203.243,genuina,θ̂-0.4520 LR1569.033,genuina,coinciden,1,ruido blanco (Q): p mínimo = 0.0000,0,0,1,1,2,2
"ARMA(1,1) señal+ruido .95/.7",2,47,2,1,SF,raíz,sí,∇^3 θ̂+0.5568 LR56.916,genuina,θ̂+0.6271 LR203.243,genuina,coinciden,0,,0,0,0,1,2,2
"ARMA(1,1) señal+ruido .95/.7",2,48,1,1,SF,raíz,sí,∇^2 θ̂+0.6141 LR65.043,genuina,θ̂-0.3155 LR1344.584,genuina,coinciden,1,ruido blanco (Q): p mínimo = 0.0000; media residual distinta,0,0,1,2,2,2
"ARMA(1,1) señal+ruido .95/.7",2,48,2,1,SF,estac.,sí,∇^3 θ̂+0.7100 LR10.857,genuina,θ̂+0.6141 LR65.043,genuina,discrepan,1,ruido blanco (Q): p mínimo = 0.0439; estacionalidad en los r,0,0,0,2,2,2
"ARMA(1,1) señal+ruido .95/.7",2,46,1,1,SF,raíz,sí,∇^2 θ̂+0.7858 LR65.602,genuina,θ̂-0.2449 LR1455.026,genuina,coinciden,1,ruido blanco (Q): p mínimo = 0.0000; media residual distinta,0,0,1,2,2,0
"ARMA(1,1) señal+ruido .95/.7",2,46,2,1,SF,raíz,sí,∇^3 θ̂+0.7957 LR31.053,genuina,θ̂+0.7858 LR65.602,genuina,coinciden,0,,0,0,0,2,2,0
"ARMA(1,1) señal+ruido .95/.7",2,49,1,1,SF,raíz,sí,∇^2 θ̂+0.6272 LR128.080,genuina,θ̂-0.3791 LR1605.702,genuina,coinciden,1,ruido blanco (Q): p mínimo = 0.0000; media residual distinta,0,0,1,2,2,2
"ARMA(1,1) señal+ruido .95/.7",2,49,2,1,SF,raíz,sí,∇^3 θ̂+0.6543 LR20.575,genuina,θ̂+0.6272 LR128.080,genuina,coinciden,0,,0,0,0,2,2,2
MA(1) .9,2,1,1,1,—,,sí,∇^2 θ̂+0.8676 LR42.213,,θ̂-0.7149 LR1736.263,genuina,sin par,1,ruido blanco (Q): p mínimo = 0.0000; media residual distinta,0,0,1,2,2,1
MA(1) .9,2,1,2,1,—,,sí,∇^3 θ̂+1.0000 LR0.000,cancela,θ̂+0.8676 LR42.213,genuina,sin par,1,ruido blanco (Q): p mínimo = 0.0000,0,0,0,2,2,1
MA(1) .9,2,2,1,1,—,,sí,∇^2 θ̂+0.9270 LR23.059,,θ̂-0.3348 LR1549.466,genuina,sin par,1,ruido blanco (Q): p mínimo = 0.0000; media residual distinta,0,0,1,1,2,1
MA(1) .9,2,2,2,1,—,,sí,∇^3 θ̂+1.0000 LR-0.000,cancela,θ̂+0.9270 LR23.059,genuina,sin par,0,,1,0,0,1,2,1
MA(1) .9,2,0,1,1,—,,sí,∇^2 θ̂+0.8912 LR92.257,,θ̂-0.6767 LR1710.526,genuina,sin par,1,ruido blanco (Q): p mínimo = 0.0000; media residual distinta,0,0,1,2,2,1
MA(1) .9,2,0,2,1,—,,sí,∇^3 θ̂+1.0000 LR0.000,cancela,θ̂+0.8912 LR92.257,genuina,sin par,1,ruido blanco (Q): p mínimo = 0.0057,0,0,0,2,2,1
MA(1) .9,2,3,1,1,—,,sí,∇^2 θ̂+0.8915 LR33.463,,θ̂-0.5129 LR1678.891,genuina,sin par,1,ruido blanco (Q): p mínimo = 0.0000; media residual distinta,0,0,1,1,2,1
MA(1) .9,2,3,2,1,—,,sí,∇^3 θ̂+1.0000 LR0.000,cancela,θ̂+0.8915 LR33.463,genuina,sin par,0,,1,0,0,1,2,1
MA(1) .9,2,6,1,1,—,,sí,∇^2 θ̂+0.8840 LR72.995,,θ̂-0.5572 LR1687.612,genuina,sin par,1,ruido blanco (Q): p mínimo = 0.0000; media residual distinta,0,0,1,2,2,1
MA(1) .9,2,6,2,1,—,,sí,∇^3 θ̂+1.0000 LR0.000,cancela,θ̂+0.8840 LR72.995,genuina,sin par,0,,1,0,0,2,2,1
MA(1) .9,2,4,1,1,—,,sí,∇^2 θ̂+0.9039 LR19.863,,θ̂-0.5024 LR1650.257,genuina,sin par,1,ruido blanco (Q): p mínimo = 0.0000; media residual distinta,0,0,1,1,2,1
MA(1) .9,2,4,2,1,—,,sí,∇^3 θ̂+1.0000 LR0.000,cancela,θ̂+0.9039 LR19.863,genuina,sin par,0,,1,0,0,1,2,1
MA(1) .9,2,5,1,1,—,,sí,∇^2 θ̂+0.9385 LR3.404,,θ̂-0.4473 LR1578.098,genuina,sin par,1,ruido blanco (Q): p mínimo = 0.0000; media residual distinta,0,0,1,1,1,1
MA(1) .9,2,5,2,1,—,,sí,∇^3 θ̂+1.0000 LR0.000,cancela,θ̂+0.9385 LR3.404,genuina,sin par,1,"normalidad (JB): 7.477, p = 0.0238",0,0,0,1,1,1
MA(1) .9,2,7,1,1,—,,sí,∇^2 θ̂+0.8682 LR67.596,,θ̂-0.4162 LR1475.568,genuina,sin par,1,ruido blanco (Q): p mínimo = 0.0000; media residual distinta,0,0,1,2,2,2
MA(1) .9,2,7,2,1,—,,sí,∇^3 θ̂+1.0000 LR0.000,cancela,θ̂+0.8682 LR67.596,genuina,sin par,0,,1,0,0,2,2,2
MA(1) .9,2,8,1,1,—,,sí,∇^2 θ̂+0.8810 LR26.535,,θ̂-0.2856 LR1410.265,genuina,sin par,1,media residual distinta de cero: t = +5.52,0,0,1,1,1,2
MA(1) .9,2,8,2,1,—,,sí,∇^3 θ̂+1.0000 LR0.000,cancela,θ̂+0.8810 LR26.535,genuina,sin par,0,,1,0,0,1,1,2
MA(1) .9,2,9,1,1,—,,sí,∇^2 θ̂+0.8746 LR103.847,,θ̂-0.5192 LR1618.705,genuina,sin par,1,ruido blanco (Q): p mínimo = 0.0000; media residual distinta,0,0,1,2,2,1
MA(1) .9,2,9,2,1,—,,sí,∇^3 θ̂+1.0000 LR0.000,cancela,θ̂+0.8746 LR103.847,genuina,sin par,1,ruido blanco (Q): p mínimo = 0.0035; estacionalidad en los r,0,0,0,2,2,1
MA(1) .9,2,10,1,1,—,,sí,∇^2 θ̂+0.9062 LR33.148,,θ̂-0.4906 LR1592.575,genuina,sin par,1,"ruido blanco (Q): p mínimo = 0.0000; normalidad (JB): 6.006,",0,0,1,1,2,1
MA(1) .9,2,10,2,1,—,,sí,∇^3 θ̂+1.0000 LR0.000,cancela,θ̂+0.9062 LR33.148,genuina,sin par,1,"normalidad (JB): 10.837, p = 0.0044",0,0,0,1,2,1
MA(1) .9,2,11,1,1,—,,sí,∇^2 θ̂+0.8820 LR53.122,,θ̂-0.6284 LR1743.804,genuina,sin par,1,ruido blanco (Q): p mínimo = 0.0000; media residual distinta,0,0,1,2,2,2
MA(1) .9,2,11,2,1,—,,sí,∇^3 θ̂+1.0000 LR-0.000,cancela,θ̂+0.8820 LR53.122,genuina,sin par,0,,1,0,0,2,2,2
MA(1) .9,2,13,1,1,—,,sí,∇^2 θ̂+0.8769 LR53.572,,θ̂-0.4544 LR1667.860,genuina,sin par,1,ruido blanco (Q): p mínimo = 0.0000; media residual distinta,0,0,1,1,2,2
MA(1) .9,2,13,2,1,—,,sí,∇^3 θ̂+1.0000 LR-0.000,cancela,θ̂+0.8769 LR53.572,genuina,sin par,0,,1,0,0,1,2,2
MA(1) .9,2,12,1,1,—,,sí,∇^2 θ̂+0.9193 LR14.213,,θ̂-0.5569 LR1668.442,genuina,sin par,1,ruido blanco (Q): p mínimo = 0.0000; media residual distinta,0,0,1,1,2,1
MA(1) .9,2,12,2,1,—,,sí,∇^3 θ̂+1.0000 LR-0.000,cancela,θ̂+0.9193 LR14.213,genuina,sin par,0,,1,0,0,1,2,1
MA(1) .9,2,14,1,1,—,,sí,∇^2 θ̂+0.9513 LR4.072,,θ̂-0.4007 LR1592.091,genuina,sin par,1,ruido blanco (Q): p mínimo = 0.0000; media residual distinta,0,0,1,1,2,1
MA(1) .9,2,14,2,1,—,,sí,∇^3 θ̂+1.0000 LR0.000,cancela,θ̂+0.9513 LR4.072,genuina,sin par,0,,1,0,0,1,2,1
MA(1) .9,2,15,1,1,—,,sí,∇^2 θ̂+0.8629 LR100.923,,θ̂-0.3210 LR1415.498,genuina,sin par,1,ruido blanco (Q): p mínimo = 0.0000; media residual distinta,0,0,1,2,2,2
MA(1) .9,2,15,2,1,—,,sí,∇^3 θ̂+1.0000 LR0.000,cancela,θ̂+0.8629 LR100.923,genuina,sin par,0,,1,0,0,2,2,2
MA(1) .9,2,16,1,1,—,,sí,∇^2 θ̂+0.9132 LR31.704,,θ̂-0.3943 LR1576.498,genuina,sin par,1,ruido blanco (Q): p mínimo = 0.0000; media residual distinta,0,0,1,1,2,1
MA(1) .9,2,16,2,1,—,,sí,∇^3 θ̂+1.0000 LR0.000,cancela,θ̂+0.9132 LR31.704,genuina,sin par,0,,1,0,0,1,2,1
MA(1) .9,2,17,1,1,—,,sí,∇^2 θ̂+0.9147 LR35.610,,θ̂-0.3621 LR1597.813,genuina,sin par,1,ruido blanco (Q): p mínimo = 0.0000; media residual distinta,0,0,1,2,2,2
MA(1) .9,2,17,2,1,—,,sí,∇^3 θ̂+1.0000 LR0.000,cancela,θ̂+0.9147 LR35.610,genuina,sin par,0,,1,0,0,2,2,2
MA(1) .9,2,18,1,1,—,,sí,∇^2 θ̂+0.9752 LR1.001,cancela,θ̂-0.5796 LR1704.726,genuina,sin par,1,"ruido blanco (Q): p mínimo = 0.0000; normalidad (JB): 8.845,",0,0,1,1,1,1
MA(1) .9,2,18,2,1,—,,sí,∇^3 θ̂+1.0000 LR0.000,cancela,θ̂+0.9752 LR1.001,cancelada,sin par,1,ruido blanco (Q): p mínimo = 0.0108,0,0,0,1,1,1
MA(1) .9,2,19,1,1,—,,sí,∇^2 θ̂+0.9604 LR1.467,cancela,θ̂-0.1157 LR1184.561,genuina,sin par,1,media residual distinta de cero: t = +5.52,0,0,1,1,1,1
MA(1) .9,2,19,2,1,—,,sí,∇^3 θ̂+1.0000 LR-0.000,cancela,θ̂+0.9604 LR1.467,cancelada,sin par,0,,0,0,0,1,1,1
MA(1) .9,2,20,1,1,—,,sí,∇^2 θ̂+0.9233 LR40.502,,θ̂-0.2292 LR1315.709,genuina,sin par,1,ruido blanco (Q): p mínimo = 0.0000; normalidad (JB): 20.570,0,0,1,1,2,1
MA(1) .9,2,20,2,1,—,,sí,∇^3 θ̂+1.0000 LR-0.000,cancela,θ̂+0.9233 LR40.502,genuina,sin par,1,"normalidad (JB): 7.150, p = 0.0280",0,0,0,1,2,1
MA(1) .9,2,21,1,1,—,,sí,∇^2 θ̂+0.8876 LR36.991,,θ̂-0.3048 LR1417.254,genuina,sin par,1,ruido blanco (Q): p mínimo = 0.0000; media residual distinta,0,0,1,2,2,1
MA(1) .9,2,21,2,1,—,,sí,∇^3 θ̂+1.0000 LR0.000,cancela,θ̂+0.8876 LR36.991,genuina,sin par,0,,1,0,0,2,2,1
MA(1) .9,2,22,1,1,—,,sí,∇^2 θ̂+0.8270 LR64.465,,θ̂-0.3973 LR1421.423,genuina,sin par,1,ruido blanco (Q): p mínimo = 0.0000; media residual distinta,0,0,1,2,2,1
MA(1) .9,2,22,2,1,—,,sí,∇^3 θ̂+1.0000 LR0.000,cancela,θ̂+0.8270 LR64.465,genuina,sin par,0,,1,0,0,2,2,1
MA(1) .9,2,23,1,1,—,,sí,∇^2 θ̂+0.9199 LR20.745,,θ̂-0.5797 LR1713.043,genuina,sin par,1,ruido blanco (Q): p mínimo = 0.0000; media residual distinta,0,0,1,1,2,1
MA(1) .9,2,23,2,1,—,,sí,∇^3 θ̂+1.0000 LR0.000,cancela,θ̂+0.9199 LR20.745,genuina,sin par,0,,1,0,0,1,2,1
MA(1) .9,2,24,1,1,—,,sí,∇^2 θ̂+1.0000 LR0.000,cancela,θ̂-0.3503 LR1521.497,genuina,sin par,1,ruido blanco (Q): p mínimo = 0.0016; media residual distinta,0,0,1,1,1,1
MA(1) .9,2,24,2,1,—,,sí,∇^3 θ̂+1.0000 LR-0.000,cancela,θ̂+0.9122 LR0.176,cancelada,sin par,0,,0,0,0,1,1,1
MA(1) .9,2,25,1,1,—,,sí,∇^2 θ̂+0.8995 LR17.841,,θ̂-0.3086 LR1559.501,genuina,sin par,1,ruido blanco (Q): p mínimo = 0.0000; media residual distinta,0,0,1,1,1,2
MA(1) .9,2,25,2,1,—,,sí,∇^3 θ̂+1.0000 LR0.000,cancela,θ̂+0.8995 LR17.841,genuina,sin par,0,,1,0,0,1,1,2
MA(1) .9,2,27,1,1,—,,sí,∇^2 θ̂+0.9006 LR77.865,,θ̂-0.6904 LR1764.534,genuina,sin par,1,ruido blanco (Q): p mínimo = 0.0000; media residual distinta,0,0,1,2,2,1
MA(1) .9,2,27,2,1,—,,sí,∇^3 θ̂+1.0000 LR-0.000,cancela,θ̂+0.9006 LR77.865,genuina,sin par,0,,1,0,0,2,2,1
MA(1) .9,2,26,1,1,—,,sí,∇^2 θ̂+0.9334 LR20.291,,θ̂-0.4976 LR1689.689,genuina,sin par,1,ruido blanco (Q): p mínimo = 0.0000; media residual distinta,0,0,1,1,2,0
MA(1) .9,2,26,2,1,—,,sí,∇^3 θ̂+1.0000 LR0.000,cancela,θ̂+0.9334 LR20.291,genuina,sin par,1,ruido blanco (Q): p mínimo = 0.0158,0,0,0,1,2,0
MA(1) .9,2,28,1,1,—,,sí,∇^2 θ̂+0.8946 LR26.726,,θ̂-0.4208 LR1620.745,genuina,sin par,1,ruido blanco (Q): p mínimo = 0.0000; media residual distinta,0,0,1,2,2,0
MA(1) .9,2,28,2,1,—,,sí,∇^3 θ̂+1.0000 LR-0.000,cancela,θ̂+0.8946 LR26.726,genuina,sin par,1,"normalidad (JB): 6.807, p = 0.0332",0,0,0,2,2,0
MA(1) .9,2,29,1,1,—,,sí,∇^2 θ̂+1.0000 LR0.000,cancela,θ̂-0.3483 LR1561.928,genuina,sin par,1,ruido blanco (Q): p mínimo = 0.0000; media residual distinta,0,0,1,1,1,1
MA(1) .9,2,29,2,1,—,,sí,∇^3 θ̂+1.0000 LR0.000,cancela,θ̂+1.0000 LR0.000,cancelada,sin par,0,,0,0,0,1,1,1
MA(1) .9,2,31,1,1,—,,sí,∇^2 θ̂+0.9351 LR22.960,,θ̂-0.6437 LR1721.055,genuina,sin par,1,ruido blanco (Q): p mínimo = 0.0000; media residual distinta,0,0,1,2,2,1
MA(1) .9,2,31,2,1,—,,sí,∇^3 θ̂+1.0000 LR-0.000,cancela,θ̂+0.9351 LR22.960,genuina,sin par,0,,1,0,0,2,2,1
MA(1) .9,2,30,1,1,—,,sí,∇^2 θ̂+0.8306 LR22.975,,θ̂-0.4822 LR1598.145,genuina,sin par,1,ruido blanco (Q): p mínimo = 0.0000; media residual distinta,0,0,1,1,2,1
MA(1) .9,2,30,2,1,—,,sí,∇^3 θ̂+1.0000 LR0.000,cancela,θ̂+0.8306 LR22.975,genuina,sin par,0,,1,0,0,1,2,1
MA(1) .9,2,32,1,1,—,,sí,∇^2 θ̂+0.9440 LR9.146,,θ̂-0.3193 LR1492.099,genuina,sin par,1,ruido blanco (Q): p mínimo = 0.0000; media residual distinta,0,0,1,2,2,1
MA(1) .9,2,32,2,1,—,,sí,∇^3 θ̂+1.0000 LR-0.000,cancela,θ̂+0.9440 LR9.146,genuina,sin par,1,ruido blanco (Q): p mínimo = 0.0106,0,0,0,2,2,1
MA(1) .9,2,33,1,1,—,,sí,∇^2 θ̂+0.8833 LR44.343,,θ̂-0.6609 LR1757.965,genuina,sin par,1,ruido blanco (Q): p mínimo = 0.0000; media residual distinta,0,0,1,2,2,1
MA(1) .9,2,33,2,1,—,,sí,∇^3 θ̂+1.0000 LR-0.000,cancela,θ̂+0.8833 LR44.343,genuina,sin par,0,,1,0,0,2,2,1
MA(1) .9,2,34,1,1,—,,sí,∇^2 θ̂+0.8932 LR12.667,,θ̂-0.6495 LR1739.589,genuina,sin par,1,ruido blanco (Q): p mínimo = 0.0000; media residual distinta,0,0,1,1,1,0
MA(1) .9,2,34,2,1,—,,sí,∇^3 θ̂+1.0000 LR0.000,cancela,θ̂+0.8932 LR12.667,genuina,sin par,0,,1,0,0,1,1,0
MA(1) .9,2,35,1,1,—,,sí,∇^2 θ̂+0.9657 LR3.053,,θ̂-0.0668 LR1138.561,genuina,sin par,1,media residual distinta de cero: t = -3.20,0,0,1,1,2,1
MA(1) .9,2,35,2,1,—,,sí,∇^3 θ̂+1.0000 LR-0.000,cancela,θ̂+0.9657 LR3.053,genuina,sin par,0,,1,0,0,1,2,1
MA(1) .9,2,36,1,1,—,,sí,∇^2 θ̂+0.8923 LR23.513,,θ̂-0.1963 LR1201.129,genuina,sin par,1,ruido blanco (Q): p mínimo = 0.0000; media residual distinta,0,0,1,2,2,1
MA(1) .9,2,36,2,1,—,,sí,∇^3 θ̂+1.0000 LR0.000,cancela,θ̂+0.8923 LR23.513,genuina,sin par,1,ruido blanco (Q): p mínimo = 0.0003,0,0,0,2,2,1
MA(1) .9,2,37,1,1,—,,sí,∇^2 θ̂+0.8996 LR70.660,,θ̂-0.3259 LR1257.722,genuina,sin par,1,ruido blanco (Q): p mínimo = 0.0000; media residual distinta,0,0,1,2,2,1
MA(1) .9,2,37,2,1,—,,sí,∇^3 θ̂+1.0000 LR-0.000,cancela,θ̂+0.8996 LR70.660,genuina,sin par,0,,1,0,0,2,2,1
MA(1) .9,2,38,1,1,—,,sí,∇^2 θ̂+0.8637 LR89.924,,θ̂-0.5525 LR1671.744,genuina,sin par,1,ruido blanco (Q): p mínimo = 0.0000; media residual distinta,0,0,1,2,2,1
MA(1) .9,2,38,2,1,—,,sí,∇^3 θ̂+1.0000 LR0.000,cancela,θ̂+0.8637 LR89.924,genuina,sin par,0,,1,0,0,2,2,1
MA(1) .9,2,39,1,1,—,,sí,∇^2 θ̂+0.9311 LR33.862,,θ̂-0.4226 LR1477.681,genuina,sin par,1,ruido blanco (Q): p mínimo = 0.0004; media residual distinta,0,0,1,2,2,1
MA(1) .9,2,39,2,1,—,,sí,∇^3 θ̂+1.0000 LR0.000,cancela,θ̂+0.9311 LR33.862,genuina,sin par,0,,1,0,0,2,2,1
MA(1) .9,2,40,1,1,—,,sí,∇^2 θ̂+0.8872 LR12.561,,θ̂-0.1981 LR1211.885,genuina,sin par,1,ruido blanco (Q): p mínimo = 0.0044; media residual distinta,0,0,1,1,1,1
MA(1) .9,2,40,2,1,—,,sí,∇^3 θ̂+1.0000 LR-0.000,cancela,θ̂+0.8872 LR12.561,genuina,sin par,0,,1,0,0,1,1,1
MA(1) .9,2,41,1,1,—,,sí,∇^2 θ̂+0.9280 LR28.237,,θ̂-0.5306 LR1670.709,genuina,sin par,1,ruido blanco (Q): p mínimo = 0.0000; media residual distinta,0,0,1,1,2,1
MA(1) .9,2,41,2,1,—,,sí,∇^3 θ̂+1.0000 LR0.000,cancela,θ̂+0.9280 LR28.237,genuina,sin par,0,,1,0,0,1,2,1
MA(1) .9,2,42,1,1,—,,sí,∇^2 θ̂+0.8927 LR17.302,,θ̂-0.3374 LR1468.278,genuina,sin par,1,ruido blanco (Q): p mínimo = 0.0001; media residual distinta,0,0,1,1,1,1
MA(1) .9,2,42,2,1,—,,sí,∇^3 θ̂+1.0000 LR0.000,cancela,θ̂+0.8927 LR17.302,genuina,sin par,0,,1,0,0,1,1,1
MA(1) .9,2,45,1,1,—,,sí,∇^2 θ̂+0.9291 LR21.868,,θ̂-0.3896 LR1445.744,genuina,sin par,1,ruido blanco (Q): p mínimo = 0.0000; media residual distinta,0,0,1,2,2,1
MA(1) .9,2,45,2,1,—,,sí,∇^3 θ̂+1.0000 LR0.000,cancela,θ̂+0.9291 LR21.868,genuina,sin par,1,ruido blanco (Q): p mínimo = 0.0000,0,0,0,2,2,1
MA(1) .9,2,43,1,1,—,,sí,∇^2 θ̂+0.9326 LR1.835,cancela,θ̂-0.5837 LR1693.936,genuina,sin par,1,"ruido blanco (Q): p mínimo = 0.0000; normalidad (JB): 6.363,",0,0,1,1,1,1
MA(1) .9,2,43,2,1,—,,sí,∇^3 θ̂+1.0000 LR-0.000,cancela,θ̂+0.9326 LR1.835,cancelada,sin par,0,,0,0,0,1,1,1
MA(1) .9,2,44,1,1,—,,sí,∇^2 θ̂+0.9229 LR26.561,,θ̂-0.3135 LR1534.174,genuina,sin par,1,ruido blanco (Q): p mínimo = 0.0000; media residual distinta,0,0,1,2,2,1
MA(1) .9,2,44,2,1,—,,sí,∇^3 θ̂+1.0000 LR0.000,cancela,θ̂+0.9229 LR26.561,genuina,sin par,1,estacionalidad en los residuos (p = 0.0235),0,0,0,2,2,1
MA(1) .9,2,46,1,1,—,,sí,∇^2 θ̂+0.9482 LR1.477,cancela,θ̂-0.1918 LR1386.899,genuina,sin par,1,media residual distinta de cero: t = +7.25,0,0,1,1,1,1
MA(1) .9,2,46,2,1,—,,sí,∇^3 θ̂+1.0000 LR0.000,cancela,θ̂+0.9482 LR1.477,cancelada,sin par,0,,0,0,0,1,1,1
MA(1) .9,2,47,1,1,—,,sí,∇^2 θ̂+0.9344 LR39.511,,θ̂-0.4852 LR1613.745,genuina,sin par,1,ruido blanco (Q): p mínimo = 0.0000; media residual distinta,0,0,1,1,2,1
MA(1) .9,2,47,2,1,—,,sí,∇^3 θ̂+1.0000 LR0.000,cancela,θ̂+0.9344 LR39.511,genuina,sin par,0,,1,0,0,1,2,1
MA(1) .9,2,48,1,1,—,,sí,∇^2 θ̂+0.9049 LR21.880,,θ̂-0.2639 LR1387.221,genuina,sin par,1,ruido blanco (Q): p mínimo = 0.0031; media residual distinta,0,0,1,1,2,1
MA(1) .9,2,48,2,1,—,,sí,∇^3 θ̂+1.0000 LR0.000,cancela,θ̂+0.9049 LR21.880,genuina,sin par,0,,1,0,0,1,2,1
MA(1) .9,2,49,1,1,—,,sí,∇^2 θ̂+0.9172 LR2.880,,θ̂-0.5657 LR1702.982,genuina,sin par,1,ruido blanco (Q): p mínimo = 0.0000; media residual distinta,0,0,1,1,1,1
MA(1) .9,2,49,2,1,—,,sí,∇^3 θ̂+1.0000 LR0.000,cancela,θ̂+0.9172 LR2.880,genuina,sin par,0,,1,0,0,1,1,1
MA(1) .95,2,0,1,1,—,,sí,∇^2 θ̂+0.9693 LR0.841,cancela,θ̂-0.1547 LR1240.964,genuina,sin par,1,media residual distinta de cero: t = -4.45,0,0,1,1,1,1
MA(1) .95,2,0,2,1,—,,sí,∇^3 θ̂+1.0000 LR0.000,cancela,θ̂+0.9693 LR0.841,cancelada,sin par,1,"normalidad (JB): 12.589, p = 0.0018",0,0,0,1,1,1
MA(1) .95,2,1,1,1,—,,sí,∇^2 θ̂+0.9493 LR18.230,,θ̂-0.5259 LR1675.042,genuina,sin par,1,ruido blanco (Q): p mínimo = 0.0000; media residual distinta,0,0,1,1,2,1
MA(1) .95,2,1,2,1,—,,sí,∇^3 θ̂+1.0000 LR-0.000,cancela,θ̂+0.9493 LR18.230,genuina,sin par,0,,1,0,0,1,2,1
MA(1) .95,2,3,1,1,—,,sí,∇^2 θ̂+0.9557 LR4.187,,θ̂-0.3500 LR1492.021,genuina,sin par,1,media residual distinta de cero: t = -8.16,0,0,1,1,2,1
MA(1) .95,2,3,2,1,—,,sí,∇^3 θ̂+1.0000 LR0.000,cancela,θ̂+0.9557 LR4.187,genuina,sin par,0,,1,0,0,1,2,1
MA(1) .95,2,2,1,1,—,,sí,∇^2 θ̂+0.9625 LR3.443,,θ̂-0.0784 LR1073.892,genuina,sin par,1,media residual distinta de cero: t = +4.01,0,0,1,1,2,1
MA(1) .95,2,2,2,1,—,,sí,∇^3 θ̂+1.0000 LR0.000,cancela,θ̂+0.9625 LR3.443,genuina,sin par,0,,1,0,0,1,2,1
MA(1) .95,2,4,1,1,—,,sí,∇^2 θ̂+0.9671 LR6.472,,θ̂-0.5702 LR1699.992,genuina,sin par,1,ruido blanco (Q): p mínimo = 0.0000; media residual distinta,0,0,1,1,2,1
MA(1) .95,2,4,2,1,—,,sí,∇^3 θ̂+1.0000 LR0.000,cancela,θ̂+0.9671 LR6.472,genuina,sin par,0,,1,0,0,1,2,1
MA(1) .95,2,5,1,1,—,,sí,∇^2 θ̂+1.0000 LR-0.000,cancela,θ̂-0.2721 LR1495.359,genuina,sin par,1,ruido blanco (Q): p mínimo = 0.0016; media residual distinta,0,0,1,1,1,1
MA(1) .95,2,5,2,1,—,,sí,∇^3 θ̂+1.0000 LR-0.000,cancela,θ̂+1.0000 LR0.000,cancelada,sin par,0,,0,0,0,1,1,1
MA(1) .95,2,6,1,1,—,,sí,∇^2 θ̂+1.0000 LR-0.000,cancela,θ̂-0.2196 LR1350.038,genuina,sin par,1,ruido blanco (Q): p mínimo = 0.0236; media residual distinta,0,0,1,1,1,1
MA(1) .95,2,6,2,1,—,,sí,∇^3 θ̂+1.0000 LR0.000,cancela,θ̂+1.0000 LR0.000,cancelada,sin par,1,ruido blanco (Q): p mínimo = 0.0126,0,0,0,1,1,1
MA(1) .95,2,7,1,1,—,,sí,∇^2 θ̂+0.9552 LR4.224,,θ̂-0.5612 LR1676.758,genuina,sin par,1,ruido blanco (Q): p mínimo = 0.0000; media residual distinta,0,0,1,1,2,1
MA(1) .95,2,7,2,1,—,,sí,∇^3 θ̂+1.0000 LR0.000,cancela,θ̂+0.9552 LR4.224,genuina,sin par,0,,1,0,0,1,2,1
MA(1) .95,2,8,1,1,—,,sí,∇^2 θ̂+0.9249 LR14.348,,θ̂-0.2871 LR1499.040,genuina,sin par,1,ruido blanco (Q): p mínimo = 0.0001; media residual distinta,0,0,1,1,1,1
MA(1) .95,2,8,2,1,—,,sí,∇^3 θ̂+1.0000 LR0.000,cancela,θ̂+0.9249 LR14.348,genuina,sin par,0,,1,0,0,1,1,1
MA(1) .95,2,9,1,1,—,,sí,∇^2 θ̂+0.9506 LR2.024,,θ̂-0.6594 LR1735.945,genuina,sin par,1,ruido blanco (Q): p mínimo = 0.0000; media residual distinta,0,0,1,1,1,1
MA(1) .95,2,9,2,1,—,,sí,∇^3 θ̂+1.0000 LR-0.000,cancela,θ̂+0.9506 LR2.024,genuina,sin par,0,,1,0,0,1,1,1
MA(1) .95,2,10,1,1,—,,sí,∇^2 θ̂+0.9222 LR8.068,,θ̂-0.5255 LR1682.750,genuina,sin par,1,ruido blanco (Q): p mínimo = 0.0000; media residual distinta,0,0,1,1,1,1
MA(1) .95,2,10,2,1,—,,sí,∇^3 θ̂+1.0000 LR0.000,cancela,θ̂+0.9222 LR8.068,genuina,sin par,0,,1,0,0,1,1,1
MA(1) .95,2,11,1,1,—,,sí,∇^2 θ̂+1.0000 LR-0.000,cancela,θ̂-0.4321 LR1594.987,genuina,sin par,1,ruido blanco (Q): p mínimo = 0.0000; media residual distinta,0,0,1,1,1,1
MA(1) .95,2,11,2,1,—,,sí,∇^3 θ̂+1.0000 LR0.000,cancela,θ̂+1.0000 LR0.000,cancelada,sin par,0,,0,0,0,1,1,1
MA(1) .95,2,12,1,1,—,,sí,∇^2 θ̂+0.9378 LR2.843,,θ̂-0.3731 LR1457.345,genuina,sin par,1,ruido blanco (Q): p mínimo = 0.0000; media residual distinta,0,0,1,1,1,1
MA(1) .95,2,12,2,1,—,,sí,∇^3 θ̂+1.0000 LR-0.000,cancela,θ̂+0.9378 LR2.843,genuina,sin par,0,,1,0,0,1,1,1
MA(1) .95,2,13,1,1,—,,sí,∇^2 θ̂+0.9585 LR7.329,,θ̂-0.2103 LR1333.454,genuina,sin par,1,"normalidad (JB): 12.413, p = 0.0020; media residual distinta",0,0,1,1,2,1
MA(1) .95,2,13,2,1,—,,sí,∇^3 θ̂+1.0000 LR0.000,cancela,θ̂+0.9585 LR7.329,genuina,sin par,1,"normalidad (JB): 6.378, p = 0.0412",0,0,0,1,2,1
MA(1) .95,2,14,1,1,—,,sí,∇^2 θ̂+0.9389 LR32.395,,θ̂-0.2407 LR1274.722,genuina,sin par,1,ruido blanco (Q): p mínimo = 0.0000; media residual distinta,0,0,1,2,2,1
MA(1) .95,2,14,2,1,—,,sí,∇^3 θ̂+1.0000 LR0.000,cancela,θ̂+0.9389 LR32.395,genuina,sin par,0,,1,0,0,2,2,1
MA(1) .95,2,15,1,1,—,,sí,∇^2 θ̂+1.0000 LR-0.000,cancela,θ̂-0.4416 LR1538.465,genuina,sin par,1,media residual distinta de cero: t = +9.44,0,0,1,1,1,1
MA(1) .95,2,15,2,1,—,,sí,∇^3 θ̂+1.0000 LR-0.000,cancela,θ̂+1.0000 LR-0.000,cancelada,sin par,0,,0,0,0,1,1,1
MA(1) .95,2,16,1,1,—,,sí,∇^2 θ̂+0.9910 LR0.039,cancela,θ̂-0.3892 LR1578.085,genuina,sin par,1,ruido blanco (Q): p mínimo = 0.0000; media residual distinta,0,0,1,1,1,1
MA(1) .95,2,16,2,1,—,,sí,∇^3 θ̂+1.0000 LR0.000,cancela,θ̂+0.9910 LR0.039,cancelada,sin par,0,,0,0,0,1,1,1
MA(1) .95,2,18,1,1,—,,sí,∇^2 θ̂+0.9310 LR33.258,,θ̂-0.3513 LR1589.580,genuina,sin par,1,ruido blanco (Q): p mínimo = 0.0000; media residual distinta,0,0,1,1,2,0
MA(1) .95,2,18,2,1,—,,sí,∇^3 θ̂+1.0000 LR0.000,cancela,θ̂+0.9310 LR33.258,genuina,sin par,0,,1,0,0,1,2,0
MA(1) .95,2,17,1,1,—,,sí,∇^2 θ̂+0.9360 LR28.877,,θ̂-0.1636 LR1154.226,genuina,sin par,1,ruido blanco (Q): p mínimo = 0.0000; media residual distinta,0,0,1,1,2,1
MA(1) .95,2,17,2,1,—,,sí,∇^3 θ̂+1.0000 LR0.000,cancela,θ̂+0.9360 LR28.877,genuina,sin par,0,,1,0,0,1,2,1
MA(1) .95,2,19,1,1,—,,sí,∇^2 θ̂+0.9492 LR5.913,,θ̂-0.3610 LR1505.610,genuina,sin par,1,ruido blanco (Q): p mínimo = 0.0000; media residual distinta,0,0,1,1,1,1
MA(1) .95,2,19,2,1,—,,sí,∇^3 θ̂+1.0000 LR0.000,cancela,θ̂+0.9492 LR5.913,genuina,sin par,1,ruido blanco (Q): p mínimo = 0.0438,0,0,0,1,1,1
MA(1) .95,2,20,1,1,—,,sí,∇^2 θ̂+0.9028 LR22.452,,θ̂-0.4587 LR1516.001,genuina,sin par,1,ruido blanco (Q): p mínimo = 0.0009; media residual distinta,0,0,1,1,2,1
MA(1) .95,2,20,2,1,—,,sí,∇^3 θ̂+1.0000 LR-0.000,cancela,θ̂+0.9028 LR22.452,genuina,sin par,1,ruido blanco (Q): p mínimo = 0.0025,0,0,0,1,2,1
MA(1) .95,2,22,1,1,—,,sí,∇^2 θ̂+0.9398 LR20.328,,θ̂-0.1639 LR1072.682,genuina,sin par,1,ruido blanco (Q): p mínimo = 0.0004; media residual distinta,0,0,1,1,2,1
MA(1) .95,2,22,2,1,—,,sí,∇^3 θ̂+1.0000 LR0.000,cancela,θ̂+0.9398 LR20.328,genuina,sin par,0,,1,0,0,1,2,1
MA(1) .95,2,21,1,1,—,,sí,∇^2 θ̂+0.9421 LR7.839,,θ̂-0.2874 LR1398.546,genuina,sin par,1,"normalidad (JB): 27.287, p = 0.0000; media residual distinta",0,0,1,1,2,1
MA(1) .95,2,21,2,1,—,,sí,∇^3 θ̂+1.0000 LR0.000,cancela,θ̂+0.9421 LR7.839,genuina,sin par,1,"normalidad (JB): 7.091, p = 0.0289",0,0,0,1,2,1
MA(1) .95,2,23,1,1,—,,sí,∇^2 θ̂+0.9559 LR4.184,,θ̂-0.0714 LR1063.864,genuina,sin par,1,media residual distinta de cero: t = +2.40,0,0,1,1,2,1
MA(1) .95,2,23,2,1,—,,sí,∇^3 θ̂+1.0000 LR0.000,cancela,θ̂+0.9559 LR4.184,genuina,sin par,0,,1,0,0,1,2,1
MA(1) .95,2,24,1,1,—,,sí,∇^2 θ̂+0.9592 LR8.763,,θ̂-0.4449 LR1575.445,genuina,sin par,1,ruido blanco (Q): p mínimo = 0.0002; media residual distinta,0,0,1,1,2,1
MA(1) .95,2,24,2,1,—,,sí,∇^3 θ̂+1.0000 LR-0.000,cancela,θ̂+0.9592 LR8.763,genuina,sin par,0,,1,0,0,1,2,1
MA(1) .95,2,25,1,1,—,,sí,∇^2 θ̂+1.0000 LR0.000,cancela,θ̂-0.0044 LR955.991,genuina,sin par,1,media residual distinta de cero: t = -2.12,0,0,1,1,1,1
MA(1) .95,2,25,2,1,—,,sí,∇^3 θ̂+1.0000 LR0.000,cancela,θ̂+1.0000 LR0.000,cancelada,sin par,0,,0,0,0,1,1,1
MA(1) .95,2,26,1,1,—,,sí,∇^2 θ̂+0.9489 LR8.881,,θ̂-0.4822 LR1620.268,genuina,sin par,1,ruido blanco (Q): p mínimo = 0.0000; media residual distinta,0,0,1,1,2,1
MA(1) .95,2,26,2,1,—,,sí,∇^3 θ̂+1.0000 LR0.000,cancela,θ̂+0.9489 LR8.881,genuina,sin par,1,ruido blanco (Q): p mínimo = 0.0156,0,0,0,1,2,1
MA(1) .95,2,27,1,1,—,,sí,∇^2 θ̂+1.0000 LR0.000,cancela,θ̂-0.1785 LR1159.572,genuina,sin par,1,"normalidad (JB): 11.569, p = 0.0031; media residual distinta",0,0,1,1,1,1
MA(1) .95,2,27,2,1,—,,sí,∇^3 θ̂+1.0000 LR-0.000,cancela,θ̂+1.0000 LR0.000,cancelada,sin par,1,"normalidad (JB): 11.750, p = 0.0028",0,0,0,1,1,1
MA(1) .95,2,28,1,1,—,,sí,∇^2 θ̂+1.0000 LR0.000,cancela,θ̂-0.1302 LR1344.021,genuina,sin par,1,media residual distinta de cero: t = -7.18,0,0,1,1,1,1
MA(1) .95,2,28,2,1,—,,sí,∇^3 θ̂+1.0000 LR0.000,cancela,θ̂+1.0000 LR0.000,cancelada,sin par,0,,0,0,0,1,1,1
MA(1) .95,2,29,1,1,—,,sí,∇^2 θ̂+0.9172 LR48.941,,θ̂-0.2331 LR1289.154,genuina,sin par,1,ruido blanco (Q): p mínimo = 0.0000; media residual distinta,0,0,1,1,2,1
MA(1) .95,2,29,2,1,—,,sí,∇^3 θ̂+1.0000 LR0.000,cancela,θ̂+0.9172 LR48.941,genuina,sin par,0,,1,0,0,1,2,1
MA(1) .95,2,30,1,1,—,,sí,∇^2 θ̂+0.9392 LR42.895,,θ̂-0.2368 LR1346.097,genuina,sin par,1,ruido blanco (Q): p mínimo = 0.0000; media residual distinta,0,0,1,2,2,1
MA(1) .95,2,30,2,1,—,,sí,∇^3 θ̂+1.0000 LR0.000,cancela,θ̂+0.9392 LR42.895,genuina,sin par,0,,1,0,0,2,2,1
MA(1) .95,2,31,1,1,—,,sí,∇^2 θ̂+0.9080 LR22.703,,θ̂-0.0661 LR1139.707,genuina,sin par,1,ruido blanco (Q): p mínimo = 0.0000; media residual distinta,0,0,1,2,2,1
MA(1) .95,2,31,2,1,—,,sí,∇^3 θ̂+1.0000 LR0.000,cancela,θ̂+0.9080 LR22.703,genuina,sin par,0,,1,0,0,2,2,1
MA(1) .95,2,32,1,1,—,,sí,∇^2 θ̂+0.9643 LR9.011,,θ̂-0.4095 LR1575.594,genuina,sin par,1,ruido blanco (Q): p mínimo = 0.0000; media residual distinta,0,0,1,1,2,1
MA(1) .95,2,32,2,1,—,,sí,∇^3 θ̂+1.0000 LR0.000,cancela,θ̂+0.9643 LR9.011,genuina,sin par,0,,1,0,0,1,2,1
MA(1) .95,2,35,1,1,—,,sí,∇^2 θ̂+0.9682 LR4.610,,θ̂-0.3764 LR1552.992,genuina,sin par,1,ruido blanco (Q): p mínimo = 0.0003; media residual distinta,0,0,1,1,2,1
MA(1) .95,2,35,2,1,—,,sí,∇^3 θ̂+1.0000 LR0.000,cancela,θ̂+0.9682 LR4.610,genuina,sin par,0,,1,0,0,1,2,1
MA(1) .95,2,33,1,1,—,,sí,∇^2 θ̂+0.9578 LR1.450,cancela,θ̂-0.2466 LR1394.990,genuina,sin par,1,media residual distinta de cero: t = +7.24,0,0,1,1,1,1
MA(1) .95,2,33,2,1,—,,sí,∇^3 θ̂+1.0000 LR0.000,cancela,θ̂+0.9578 LR1.450,cancelada,sin par,0,,0,0,0,1,1,1
MA(1) .95,2,34,1,1,—,,sí,∇^2 θ̂+0.9551 LR8.432,,θ̂-0.1430 LR1276.809,genuina,sin par,1,media residual distinta de cero: t = +5.97,0,0,1,1,2,1
MA(1) .95,2,34,2,1,—,,sí,∇^3 θ̂+1.0000 LR-0.000,cancela,θ̂+0.9551 LR8.432,genuina,sin par,0,,1,0,0,1,2,1
MA(1) .95,2,36,1,1,—,,sí,∇^2 θ̂+0.9472 LR3.719,,θ̂-0.2341 LR1375.696,genuina,sin par,1,media residual distinta de cero: t = -5.75,0,0,1,1,1,1
MA(1) .95,2,36,2,1,—,,sí,∇^3 θ̂+1.0000 LR0.000,cancela,θ̂+0.9472 LR3.719,genuina,sin par,0,,1,0,0,1,1,1
MA(1) .95,2,37,1,1,—,,sí,∇^2 θ̂+0.9408 LR1.962,,θ̂-0.1743 LR1211.941,genuina,sin par,1,media residual distinta de cero: t = +5.14,0,0,1,1,1,1
MA(1) .95,2,37,2,1,—,,sí,∇^3 θ̂+1.0000 LR-0.000,cancela,θ̂+0.9408 LR1.962,genuina,sin par,0,,1,0,0,1,1,1
MA(1) .95,2,39,1,1,—,,sí,∇^2 θ̂+0.9480 LR19.445,,θ̂-0.3523 LR1463.860,genuina,sin par,1,ruido blanco (Q): p mínimo = 0.0003; media residual distinta,0,0,1,1,2,1
MA(1) .95,2,39,2,1,—,,sí,∇^3 θ̂+1.0000 LR0.000,cancela,θ̂+0.9480 LR19.445,genuina,sin par,0,,1,0,0,1,2,1
MA(1) .95,2,38,1,1,—,,sí,∇^2 θ̂+0.9256 LR32.378,,θ̂-0.3842 LR1516.477,genuina,sin par,1,ruido blanco (Q): p mínimo = 0.0002; media residual distinta,0,0,1,1,2,1
MA(1) .95,2,38,2,1,—,,sí,∇^3 θ̂+1.0000 LR0.000,cancela,θ̂+0.9256 LR32.378,genuina,sin par,0,,1,0,0,1,2,1
MA(1) .95,2,40,1,1,—,,sí,∇^2 θ̂+0.9451 LR8.950,,θ̂-0.0464 LR805.464,genuina,sin par,0,,0,0,1,1,2,1
MA(1) .95,2,40,2,1,—,,sí,∇^3 θ̂+1.0000 LR0.000,cancela,θ̂+0.9451 LR8.950,genuina,sin par,0,,1,0,0,1,2,1
MA(1) .95,2,41,1,1,—,,sí,∇^2 θ̂+0.9155 LR24.528,,θ̂-0.3127 LR1495.615,genuina,sin par,1,ruido blanco (Q): p mínimo = 0.0000; media residual distinta,0,0,1,1,2,1
MA(1) .95,2,41,2,1,—,,sí,∇^3 θ̂+1.0000 LR-0.000,cancela,θ̂+0.9155 LR24.528,genuina,sin par,0,,1,0,0,1,2,1
MA(1) .95,2,43,1,1,—,,sí,∇^2 θ̂+0.9313 LR44.987,,θ̂-0.5027 LR1575.577,genuina,sin par,1,ruido blanco (Q): p mínimo = 0.0000; media residual distinta,0,0,1,2,2,1
MA(1) .95,2,43,2,1,—,,sí,∇^3 θ̂+1.0000 LR0.000,cancela,θ̂+0.9313 LR44.987,genuina,sin par,0,,1,0,0,2,2,1
MA(1) .95,2,42,1,1,—,,sí,∇^2 θ̂+0.9533 LR7.254,,θ̂-0.1096 LR1259.109,genuina,sin par,1,media residual distinta de cero: t = +5.46,0,0,1,1,2,1
MA(1) .95,2,42,2,1,—,,sí,∇^3 θ̂+1.0000 LR0.000,cancela,θ̂+0.9533 LR7.254,genuina,sin par,0,,1,0,0,1,2,1
MA(1) .95,2,44,1,1,—,,sí,∇^2 θ̂+0.9683 LR5.614,,θ̂-0.3615 LR1559.049,genuina,sin par,1,ruido blanco (Q): p mínimo = 0.0000; media residual distinta,0,0,1,1,2,1
MA(1) .95,2,44,2,1,—,,sí,∇^3 θ̂+1.0000 LR0.000,cancela,θ̂+0.9683 LR5.614,genuina,sin par,0,,1,0,0,1,2,1
MA(1) .95,2,45,1,1,—,,sí,∇^2 θ̂+1.0000 LR0.000,cancela,θ̂-0.0742 LR1213.107,genuina,sin par,1,media residual distinta de cero: t = +4.86; estacionalidad e,0,0,1,1,1,1
MA(1) .95,2,45,2,1,—,,sí,∇^3 θ̂+1.0000 LR0.000,cancela,θ̂+1.0000 LR0.000,cancelada,sin par,1,estacionalidad en los residuos (p = 0.0182),0,0,0,1,1,1
MA(1) .95,2,46,1,1,—,,sí,∇^2 θ̂+0.9107 LR16.563,,θ̂-0.5715 LR1659.696,genuina,sin par,1,ruido blanco (Q): p mínimo = 0.0000; media residual distinta,0,0,1,1,1,1
MA(1) .95,2,46,2,1,—,,sí,∇^3 θ̂+1.0000 LR0.000,cancela,θ̂+0.9107 LR16.563,genuina,sin par,0,,1,0,0,1,1,1
MA(1) .95,2,47,1,1,—,,sí,∇^2 θ̂+0.9555 LR15.688,,θ̂-0.2338 LR1366.371,genuina,sin par,1,ruido blanco (Q): p mínimo = 0.0068; media residual distinta,0,0,1,1,2,1
MA(1) .95,2,47,2,1,—,,sí,∇^3 θ̂+1.0000 LR-0.000,cancela,θ̂+0.9555 LR15.688,genuina,sin par,0,,1,0,0,1,2,1
MA(1) .95,2,48,1,1,—,,sí,∇^2 θ̂+1.0000 LR0.000,cancela,θ̂-0.1310 LR1142.516,genuina,sin par,1,media residual distinta de cero: t = +4.01,0,0,1,1,1,1
MA(1) .95,2,48,2,1,—,,sí,∇^3 θ̂+1.0000 LR0.000,cancela,θ̂+1.0000 LR0.000,cancelada,sin par,0,,0,0,0,1,1,1
MA(1) .95,2,49,1,1,—,,sí,∇^2 θ̂+0.9638 LR2.813,,θ̂-0.1436 LR957.460,genuina,sin par,1,media residual distinta de cero: t = -3.08,0,0,1,1,1,1
MA(1) .95,2,49,2,1,—,,sí,∇^3 θ̂+1.0000 LR0.000,cancela,θ̂+0.9638 LR2.813,genuina,sin par,0,,1,0,0,1,1,1
I(0) + tendencia,0,1,0,1,SF,estac.,—,∇^1 θ̂+0.8448 LR45.822,genuina,—,,discrepan,1,ruido blanco (Q): p mínimo = 0.0000,0,0,0,1,1,0
I(0) + tendencia,0,1,1,1,—,,—,∇^2 θ̂+1.0000 LR0.000,cancela,θ̂+0.8448 LR45.822,genuina,sin par,1,ruido blanco (Q): p mínimo = 0.0001,0,0,0,1,1,0
I(0) + tendencia,0,0,0,1,SF,raíz,—,∇^1 θ̂+0.8557 LR33.053,genuina,—,,coinciden,0,,0,0,0,1,1,0
I(0) + tendencia,0,0,1,1,—,,—,∇^2 θ̂+1.0000 LR-0.000,cancela,θ̂+0.8557 LR33.053,genuina,sin par,0,,1,0,0,1,1,0
I(0) + tendencia,0,2,0,1,SF,raíz,—,∇^1 θ̂+0.8782 LR30.324,genuina,—,,coinciden,1,ruido blanco (Q): p mínimo = 0.0115,0,0,0,1,1,0
I(0) + tendencia,0,2,1,1,—,,—,∇^2 θ̂+1.0000 LR-0.000,cancela,θ̂+0.8782 LR30.324,genuina,sin par,1,ruido blanco (Q): p mínimo = 0.0028,0,0,0,1,1,0
I(0) + tendencia,0,3,0,1,SF,raíz,—,∇^1 θ̂+0.8674 LR27.238,genuina,—,,coinciden,0,,0,0,0,1,1,0
I(0) + tendencia,0,3,1,1,—,,—,∇^2 θ̂+1.0000 LR0.000,cancela,θ̂+0.8674 LR27.238,genuina,sin par,0,,1,0,0,1,1,0
I(0) + tendencia,0,4,0,1,SF,raíz,—,∇^1 θ̂+0.7952 LR42.848,genuina,—,,coinciden,1,ruido blanco (Q): p mínimo = 0.0000,0,0,0,1,1,0
I(0) + tendencia,0,4,1,1,—,,—,∇^2 θ̂+1.0000 LR0.000,cancela,θ̂+0.7952 LR42.848,genuina,sin par,1,ruido blanco (Q): p mínimo = 0.0000,0,0,0,1,1,0
I(0) + tendencia,0,5,0,1,SF,raíz,—,∇^1 θ̂+0.8660 LR25.088,genuina,—,,coinciden,0,,0,0,0,1,1,0
I(0) + tendencia,0,5,1,1,—,,—,∇^2 θ̂+1.0000 LR0.000,cancela,θ̂+0.8660 LR25.088,genuina,sin par,0,,1,0,0,1,1,0
I(0) + tendencia,0,6,0,1,SF,raíz,—,∇^1 θ̂+0.8465 LR28.921,genuina,—,,coinciden,1,ruido blanco (Q): p mínimo = 0.0017,0,0,0,1,1,0
I(0) + tendencia,0,6,1,1,—,,—,∇^2 θ̂+1.0000 LR0.000,cancela,θ̂+0.8465 LR28.921,genuina,sin par,1,ruido blanco (Q): p mínimo = 0.0002,0,0,0,1,1,0
I(0) + tendencia,0,7,0,1,SF,raíz,—,∇^1 θ̂+0.8444 LR41.259,genuina,—,,coinciden,0,,0,0,0,1,1,0
I(0) + tendencia,0,7,1,1,—,,—,∇^2 θ̂+1.0000 LR0.000,cancela,θ̂+0.8444 LR41.259,genuina,sin par,1,ruido blanco (Q): p mínimo = 0.0000,0,0,0,1,1,0
I(0) + tendencia,0,8,0,1,SF,raíz,—,∇^1 θ̂+0.8502 LR41.389,genuina,—,,coinciden,1,ruido blanco (Q): p mínimo = 0.0011,0,0,0,1,1,0
I(0) + tendencia,0,8,1,1,—,,—,∇^2 θ̂+1.0000 LR0.000,cancela,θ̂+0.8502 LR41.389,genuina,sin par,1,ruido blanco (Q): p mínimo = 0.0001,0,0,0,1,1,0
I(0) + tendencia,0,9,0,1,SF,raíz,—,∇^1 θ̂+0.8797 LR30.671,genuina,—,,coinciden,0,,0,0,0,1,1,0
I(0) + tendencia,0,9,1,1,—,,—,∇^2 θ̂+1.0000 LR0.000,cancela,θ̂+0.8797 LR30.671,genuina,sin par,0,,1,0,0,1,1,0
I(0) + tendencia,0,10,0,1,SF,raíz,—,∇^1 θ̂+0.8375 LR39.935,genuina,—,,coinciden,0,,0,0,0,1,1,0
I(0) + tendencia,0,10,1,1,—,,—,∇^2 θ̂+1.0000 LR0.000,cancela,θ̂+0.8375 LR39.935,genuina,sin par,0,,1,0,0,1,1,0
I(0) + tendencia,0,11,0,1,SF,estac.,—,∇^1 θ̂+0.8580 LR34.228,genuina,—,,discrepan,1,ruido blanco (Q): p mínimo = 0.0000,0,0,0,1,1,0
I(0) + tendencia,0,11,1,1,—,,—,∇^2 θ̂+1.0000 LR0.000,cancela,θ̂+0.8580 LR34.228,genuina,sin par,1,ruido blanco (Q): p mínimo = 0.0000,0,0,0,1,1,0
I(0) + tendencia,0,12,0,1,SF,estac.,—,∇^1 θ̂+0.8405 LR42.095,genuina,—,,discrepan,0,,0,0,0,1,1,0
I(0) + tendencia,0,12,1,1,—,,—,∇^2 θ̂+1.0000 LR0.000,cancela,θ̂+0.8405 LR42.095,genuina,sin par,0,,1,0,0,1,1,0
I(0) + tendencia,0,13,0,1,SF,raíz,—,∇^1 θ̂+0.8746 LR27.497,genuina,—,,coinciden,1,ruido blanco (Q): p mínimo = 0.0000,0,0,0,1,1,0
I(0) + tendencia,0,13,1,1,—,,—,∇^2 θ̂+1.0000 LR-0.000,cancela,θ̂+0.8746 LR27.497,genuina,sin par,1,ruido blanco (Q): p mínimo = 0.0000,0,0,0,1,1,0
I(0) + tendencia,0,14,0,1,SF,raíz,—,∇^1 θ̂+0.8488 LR32.250,genuina,—,,coinciden,0,,0,0,0,1,1,0
I(0) + tendencia,0,14,1,1,—,,—,∇^2 θ̂+1.0000 LR0.000,cancela,θ̂+0.8488 LR32.250,genuina,sin par,0,,1,0,0,1,1,0
I(0) + tendencia,0,15,0,1,SF,raíz,—,∇^1 θ̂+0.8359 LR40.572,genuina,—,,coinciden,1,ruido blanco (Q): p mínimo = 0.0011,0,0,0,1,1,0
I(0) + tendencia,0,15,1,1,—,,—,∇^2 θ̂+1.0000 LR0.000,cancela,θ̂+0.8359 LR40.572,genuina,sin par,0,,1,0,0,1,1,0
I(0) + tendencia,0,16,0,1,SF,estac.,—,∇^1 θ̂+0.8166 LR44.635,genuina,—,,discrepan,1,ruido blanco (Q): p mínimo = 0.0021,0,0,0,1,1,0
I(0) + tendencia,0,16,1,1,—,,—,∇^2 θ̂+1.0000 LR-0.000,cancela,θ̂+0.8166 LR44.635,genuina,sin par,1,ruido blanco (Q): p mínimo = 0.0015,0,0,0,1,1,0
I(0) + tendencia,0,17,0,1,SF,raíz,—,∇^1 θ̂+0.8594 LR33.496,genuina,—,,coinciden,0,,0,0,0,1,1,0
I(0) + tendencia,0,17,1,1,—,,—,∇^2 θ̂+1.0000 LR-0.000,cancela,θ̂+0.8594 LR33.496,genuina,sin par,0,,1,0,0,1,1,0
I(0) + tendencia,0,18,0,1,SF,estac.,—,∇^1 θ̂+0.8744 LR40.420,genuina,—,,discrepan,0,,0,0,0,1,1,0
I(0) + tendencia,0,18,1,1,—,,—,∇^2 θ̂+1.0000 LR-0.000,cancela,θ̂+0.8744 LR40.420,genuina,sin par,1,ruido blanco (Q): p mínimo = 0.0012,0,0,0,1,1,0
I(0) + tendencia,0,19,0,1,SF,raíz,—,∇^1 θ̂+0.8518 LR30.328,genuina,—,,coinciden,0,,0,0,0,1,1,0
I(0) + tendencia,0,19,1,1,—,,—,∇^2 θ̂+1.0000 LR-0.000,cancela,θ̂+0.8518 LR30.328,genuina,sin par,0,,1,0,0,1,1,0
I(0) + tendencia,0,20,0,1,SF,raíz,—,∇^1 θ̂+0.8574 LR27.377,genuina,—,,coinciden,1,ruido blanco (Q): p mínimo = 0.0013,0,0,0,1,1,0
I(0) + tendencia,0,20,1,1,—,,—,∇^2 θ̂+1.0000 LR0.000,cancela,θ̂+0.8574 LR27.377,genuina,sin par,1,ruido blanco (Q): p mínimo = 0.0126,0,0,0,1,1,0
I(0) + tendencia,0,21,0,1,SF,raíz,—,∇^1 θ̂+0.8592 LR26.316,genuina,—,,coinciden,0,,0,0,0,1,1,0
I(0) + tendencia,0,21,1,1,—,,—,∇^2 θ̂+1.0000 LR0.000,cancela,θ̂+0.8592 LR26.316,genuina,sin par,0,,1,0,0,1,1,0
I(0) + tendencia,0,22,0,1,SF,estac.,—,∇^1 θ̂+0.8117 LR52.828,genuina,—,,discrepan,1,ruido blanco (Q): p mínimo = 0.0002,0,0,0,1,1,0
I(0) + tendencia,0,22,1,1,—,,—,∇^2 θ̂+1.0000 LR0.000,cancela,θ̂+0.8117 LR52.828,genuina,sin par,1,ruido blanco (Q): p mínimo = 0.0000,0,0,0,1,1,0
I(0) + tendencia,0,23,0,1,SF,raíz,—,∇^1 θ̂+0.8074 LR44.099,genuina,—,,coinciden,1,ruido blanco (Q): p mínimo = 0.0006,0,0,0,1,1,0
I(0) + tendencia,0,23,1,1,—,,—,∇^2 θ̂+1.0000 LR0.000,cancela,θ̂+0.8074 LR44.099,genuina,sin par,1,ruido blanco (Q): p mínimo = 0.0000,0,0,0,1,1,0
I(0) + tendencia,0,24,0,1,SF,estac.,—,∇^1 θ̂+0.8550 LR38.552,genuina,—,,discrepan,1,ruido blanco (Q): p mínimo = 0.0008,0,0,0,1,1,0
I(0) + tendencia,0,24,1,1,—,,—,∇^2 θ̂+1.0000 LR-0.000,cancela,θ̂+0.8550 LR38.552,genuina,sin par,0,,1,0,0,1,1,0
I(0) + tendencia,0,25,0,1,SF,estac.,—,∇^1 θ̂+0.8644 LR32.903,genuina,—,,discrepan,0,,0,0,0,1,1,0
I(0) + tendencia,0,25,1,1,—,,—,∇^2 θ̂+1.0000 LR-0.000,cancela,θ̂+0.8644 LR32.903,genuina,sin par,0,,1,0,0,1,1,0
I(0) + tendencia,0,26,0,1,SF,raíz,—,∇^1 θ̂+0.8313 LR23.770,genuina,—,,coinciden,0,,0,0,0,1,1,0
I(0) + tendencia,0,26,1,1,—,,—,∇^2 θ̂+1.0000 LR-0.000,cancela,θ̂+0.8313 LR23.770,genuina,sin par,0,,1,0,0,1,1,0
I(0) + tendencia,0,27,0,1,SF,raíz,—,∇^1 θ̂+0.8245 LR24.246,genuina,—,,coinciden,1,ruido blanco (Q): p mínimo = 0.0054,0,0,0,1,1,0
I(0) + tendencia,0,27,1,1,—,,—,∇^2 θ̂+1.0000 LR0.000,cancela,θ̂+0.8245 LR24.246,genuina,sin par,0,,1,0,0,1,1,0
I(0) + tendencia,0,28,0,1,SF,raíz,—,∇^1 θ̂+0.8716 LR32.327,genuina,—,,coinciden,1,ruido blanco (Q): p mínimo = 0.0002,0,0,0,1,1,0
I(0) + tendencia,0,28,1,1,—,,—,∇^2 θ̂+1.0000 LR-0.000,cancela,θ̂+0.8716 LR32.327,genuina,sin par,1,ruido blanco (Q): p mínimo = 0.0001,0,0,0,1,1,0
I(0) + tendencia,0,29,0,1,SF,raíz,—,∇^1 θ̂+0.8188 LR32.619,genuina,—,,coinciden,1,estacionalidad en los residuos (p = 0.0124),0,0,0,1,1,0
I(0) + tendencia,0,29,1,1,—,,—,∇^2 θ̂+1.0000 LR0.000,cancela,θ̂+0.8188 LR32.619,genuina,sin par,1,estacionalidad en los residuos (p = 0.0272),0,0,0,1,1,0
I(0) + tendencia,0,31,0,1,SF,raíz,—,∇^1 θ̂+0.8691 LR27.357,genuina,—,,coinciden,0,,0,0,0,1,1,0
I(0) + tendencia,0,31,1,1,—,,—,∇^2 θ̂+1.0000 LR-0.000,cancela,θ̂+0.8691 LR27.357,genuina,sin par,0,,1,0,0,1,1,0
I(0) + tendencia,0,30,0,1,SF,estac.,—,∇^1 θ̂+0.7746 LR44.461,genuina,—,,discrepan,0,,0,0,0,1,1,0
I(0) + tendencia,0,30,1,1,—,,—,∇^2 θ̂+1.0000 LR-0.000,cancela,θ̂+0.7746 LR44.461,genuina,sin par,0,,1,0,0,1,1,0
I(0) + tendencia,0,32,0,1,SF,estac.,—,∇^1 θ̂+0.8449 LR39.823,genuina,—,,discrepan,1,ruido blanco (Q): p mínimo = 0.0000,0,0,0,1,1,0
I(0) + tendencia,0,32,1,1,—,,—,∇^2 θ̂+1.0000 LR-0.000,cancela,θ̂+0.8449 LR39.823,genuina,sin par,1,ruido blanco (Q): p mínimo = 0.0001,0,0,0,1,1,0
I(0) + tendencia,0,33,0,1,SF,raíz,—,∇^1 θ̂+0.8822 LR32.333,genuina,—,,coinciden,0,,0,0,0,1,1,0
I(0) + tendencia,0,33,1,1,—,,—,∇^2 θ̂+1.0000 LR-0.000,cancela,θ̂+0.8822 LR32.333,genuina,sin par,0,,1,0,0,1,1,0
I(0) + tendencia,0,34,0,1,SF,raíz,—,∇^1 θ̂+0.8363 LR34.896,genuina,—,,coinciden,1,ruido blanco (Q): p mínimo = 0.0005,0,0,0,1,1,0
I(0) + tendencia,0,34,1,1,—,,—,∇^2 θ̂+1.0000 LR-0.000,cancela,θ̂+0.8363 LR34.896,genuina,sin par,1,ruido blanco (Q): p mínimo = 0.0010,0,0,0,1,1,0
I(0) + tendencia,0,35,0,1,SF,raíz,—,∇^1 θ̂+0.8690 LR29.904,genuina,—,,coinciden,1,ruido blanco (Q): p mínimo = 0.0000,0,0,0,1,1,0
I(0) + tendencia,0,35,1,1,—,,—,∇^2 θ̂+1.0000 LR-0.000,cancela,θ̂+0.8690 LR29.904,genuina,sin par,1,ruido blanco (Q): p mínimo = 0.0000,0,0,0,1,1,0
I(0) + tendencia,0,36,0,1,SF,estac.,—,∇^1 θ̂+0.8740 LR33.006,genuina,—,,discrepan,0,,0,0,0,1,1,0
I(0) + tendencia,0,36,1,1,—,,—,∇^2 θ̂+1.0000 LR-0.000,cancela,θ̂+0.8740 LR33.006,genuina,sin par,0,,1,0,0,1,1,0
I(0) + tendencia,0,37,0,1,SF,raíz,—,∇^1 θ̂+0.8544 LR25.725,genuina,—,,coinciden,1,ruido blanco (Q): p mínimo = 0.0221; estacionalidad en los r,0,0,0,1,1,0
I(0) + tendencia,0,37,1,1,—,,—,∇^2 θ̂+1.0000 LR-0.000,cancela,θ̂+0.8544 LR25.725,genuina,sin par,1,ruido blanco (Q): p mínimo = 0.0049; estacionalidad en los r,0,0,0,1,1,0
I(0) + tendencia,0,38,0,1,SF,estac.,—,∇^1 θ̂+0.8124 LR45.227,genuina,—,,discrepan,0,,0,0,0,1,1,0
I(0) + tendencia,0,38,1,1,—,,—,∇^2 θ̂+1.0000 LR-0.000,cancela,θ̂+0.8124 LR45.227,genuina,sin par,0,,1,0,0,1,1,0
I(0) + tendencia,0,39,0,1,SF,raíz,—,∇^1 θ̂+0.8597 LR27.132,genuina,—,,coinciden,1,ruido blanco (Q): p mínimo = 0.0041; estacionalidad en los r,0,0,0,1,1,0
I(0) + tendencia,0,39,1,1,—,,—,∇^2 θ̂+1.0000 LR0.000,cancela,θ̂+0.8597 LR27.132,genuina,sin par,1,ruido blanco (Q): p mínimo = 0.0004,0,0,0,1,1,0
I(0) + tendencia,0,40,0,1,SF,raíz,—,∇^1 θ̂+0.8538 LR33.723,genuina,—,,coinciden,1,ruido blanco (Q): p mínimo = 0.0035,0,0,0,1,1,0
I(0) + tendencia,0,40,1,1,—,,—,∇^2 θ̂+1.0000 LR0.000,cancela,θ̂+0.8538 LR33.723,genuina,sin par,1,ruido blanco (Q): p mínimo = 0.0054,0,0,0,1,1,0
I(0) + tendencia,0,41,0,1,SF,raíz,—,∇^1 θ̂+0.8315 LR51.067,genuina,—,,coinciden,1,ruido blanco (Q): p mínimo = 0.0002,0,0,0,1,1,0
I(0) + tendencia,0,41,1,1,—,,—,∇^2 θ̂+1.0000 LR-0.000,cancela,θ̂+0.8315 LR51.067,genuina,sin par,1,ruido blanco (Q): p mínimo = 0.0053,0,0,0,1,1,0
I(0) + tendencia,0,42,0,1,SF,raíz,—,∇^1 θ̂+0.8293 LR47.993,genuina,—,,coinciden,1,ruido blanco (Q): p mínimo = 0.0003,0,0,0,1,1,0
I(0) + tendencia,0,42,1,1,—,,—,∇^2 θ̂+1.0000 LR0.000,cancela,θ̂+0.8293 LR47.993,genuina,sin par,0,,1,0,0,1,1,0
I(0) + tendencia,0,43,0,1,SF,raíz,—,∇^1 θ̂+0.8719 LR32.890,genuina,—,,coinciden,1,ruido blanco (Q): p mínimo = 0.0222,0,0,0,1,1,0
I(0) + tendencia,0,43,1,1,—,,—,∇^2 θ̂+1.0000 LR0.000,cancela,θ̂+0.8719 LR32.890,genuina,sin par,1,ruido blanco (Q): p mínimo = 0.0326,0,0,0,1,1,0
I(0) + tendencia,0,44,0,1,SF,raíz,—,∇^1 θ̂+0.8609 LR29.898,genuina,—,,coinciden,1,ruido blanco (Q): p mínimo = 0.0313,0,0,0,1,1,0
I(0) + tendencia,0,44,1,1,—,,—,∇^2 θ̂+1.0000 LR-0.000,cancela,θ̂+0.8609 LR29.898,genuina,sin par,1,ruido blanco (Q): p mínimo = 0.0051,0,0,0,1,1,0
I(0) + tendencia,0,45,0,1,SF,estac.,—,∇^1 θ̂+0.8456 LR42.994,genuina,—,,discrepan,1,ruido blanco (Q): p mínimo = 0.0028,0,0,0,1,1,0
I(0) + tendencia,0,45,1,1,—,,—,∇^2 θ̂+1.0000 LR0.000,cancela,θ̂+0.8456 LR42.994,genuina,sin par,1,ruido blanco (Q): p mínimo = 0.0046,0,0,0,1,1,0
I(0) + tendencia,0,46,0,1,SF,estac.,—,∇^1 θ̂+0.8562 LR32.824,genuina,—,,discrepan,1,ruido blanco (Q): p mínimo = 0.0295,0,0,0,1,1,0
I(0) + tendencia,0,46,1,1,—,,—,∇^2 θ̂+1.0000 LR-0.000,cancela,θ̂+0.8562 LR32.824,genuina,sin par,1,ruido blanco (Q): p mínimo = 0.0228,0,0,0,1,1,0
I(0) + tendencia,0,47,0,1,SF,estac.,—,∇^1 θ̂+0.8347 LR39.972,genuina,—,,discrepan,1,ruido blanco (Q): p mínimo = 0.0061,0,0,0,1,1,0
I(0) + tendencia,0,47,1,1,—,,—,∇^2 θ̂+1.0000 LR0.000,cancela,θ̂+0.8347 LR39.972,genuina,sin par,0,,1,0,0,1,1,0
I(0) + tendencia,0,48,0,1,SF,raíz,—,∇^1 θ̂+0.8163 LR39.006,genuina,—,,coinciden,1,ruido blanco (Q): p mínimo = 0.0001,0,0,0,1,1,0
I(0) + tendencia,0,48,1,1,—,,—,∇^2 θ̂+1.0000 LR-0.000,cancela,θ̂+0.8163 LR39.006,genuina,sin par,1,ruido blanco (Q): p mínimo = 0.0002,0,0,0,1,1,0
I(0) + tendencia,0,49,0,1,SF,raíz,—,∇^1 θ̂+0.8570 LR23.681,genuina,—,,coinciden,0,,0,0,0,1,1,0
I(0) + tendencia,0,49,1,1,—,,—,∇^2 θ̂+1.0000 LR-0.000,cancela,θ̂+0.8570 LR23.681,genuina,sin par,0,,1,0,0,1,1,0
AR(1) .5 + 3 escalones,1,0,0,1,SF,raíz,—,∇^1 θ̂-0.0015 LR45.785,genuina,—,,—,1,ruido blanco (Q): p mínimo = 0.0000,0,0,1,1,1,1
AR(1) .5 + 3 escalones,1,0,1,1,SF,estac.,—,∇^2 θ̂+0.9877 LR0.217,cancela,θ̂-0.0015 LR45.785,genuina,coinciden,1,"normalidad (JB): 7.045, p = 0.0295",0,0,1,1,1,1
AR(1) .5 + 3 escalones,1,0,2,1,—,,—,∇^3 θ̂+1.0000 LR0.000,cancela,θ̂+0.9877 LR0.217,cancelada,sin par,1,ruido blanco (Q): p mínimo = 0.0001; normalidad (JB): 12.811,0,0,0,1,1,1
AR(1) .5 + 3 escalones,1,1,0,1,SF,raíz,—,∇^1 θ̂+0.0415 LR52.517,genuina,—,,coinciden,1,ruido blanco (Q): p mínimo = 0.0000; normalidad (JB): 88.701,0,0,0,1,1,1
AR(1) .5 + 3 escalones,1,1,1,1,SF,estac.,—,∇^2 θ̂+1.0000 LR0.000,cancela,θ̂+0.0415 LR52.517,genuina,coinciden,1,"normalidad (JB): 43.798, p = 0.0000",0,0,0,1,1,1
AR(1) .5 + 3 escalones,1,1,2,1,—,,—,∇^3 θ̂+1.0000 LR0.000,cancela,θ̂+1.0000 LR-0.000,cancelada,sin par,1,"normalidad (JB): 28.126, p = 0.0000",0,0,0,1,1,1
AR(1) .5 + 3 escalones,1,2,0,1,SF,raíz,—,∇^1 θ̂-0.1136 LR48.250,genuina,—,,—,1,ruido blanco (Q): p mínimo = 0.0000,0,0,1,1,1,1
AR(1) .5 + 3 escalones,1,2,1,1,SF,estac.,—,∇^2 θ̂+0.9576 LR2.006,genuina,θ̂-0.1136 LR48.250,genuina,discrepan,1,"normalidad (JB): 36.287, p = 0.0000",0,0,1,1,1,1
AR(1) .5 + 3 escalones,1,2,2,1,—,,—,∇^3 θ̂+1.0000 LR0.000,cancela,θ̂+0.9576 LR2.006,genuina,sin par,1,ruido blanco (Q): p mínimo = 0.0002; normalidad (JB): 57.233,0,0,0,1,1,1
AR(1) .5 + 3 escalones,1,3,0,1,SF,raíz,—,∇^1 θ̂+0.1519 LR45.374,genuina,—,,coinciden,1,ruido blanco (Q): p mínimo = 0.0000; normalidad (JB): 18.528,0,0,0,1,1,1
AR(1) .5 + 3 escalones,1,3,1,1,SF,estac.,—,∇^2 θ̂+1.0000 LR-0.000,cancela,θ̂+0.1519 LR45.374,genuina,coinciden,1,"normalidad (JB): 7.506, p = 0.0234",0,0,0,1,1,1
AR(1) .5 + 3 escalones,1,3,2,1,—,,—,∇^3 θ̂+1.0000 LR0.000,cancela,θ̂+1.0000 LR-0.000,cancelada,sin par,1,ruido blanco (Q): p mínimo = 0.0079,0,0,0,1,1,1
AR(1) .5 + 3 escalones,1,4,0,1,SF,raíz,—,∇^1 θ̂+0.0789 LR38.817,genuina,—,,coinciden,1,ruido blanco (Q): p mínimo = 0.0000; normalidad (JB): 126.89,0,0,0,1,1,1
AR(1) .5 + 3 escalones,1,4,1,1,SF,estac.,—,∇^2 θ̂+1.0000 LR-0.000,cancela,θ̂+0.0789 LR38.817,genuina,coinciden,1,"normalidad (JB): 278.830, p = 0.0000",0,0,0,1,1,1
AR(1) .5 + 3 escalones,1,4,2,1,—,,—,∇^3 θ̂+1.0000 LR0.000,cancela,θ̂+1.0000 LR0.000,cancelada,sin par,1,ruido blanco (Q): p mínimo = 0.0000; normalidad (JB): 116.23,0,0,0,1,1,1
AR(1) .5 + 3 escalones,1,5,0,1,SF,raíz,—,∇^1 θ̂+0.2855 LR43.200,genuina,—,,coinciden,1,ruido blanco (Q): p mínimo = 0.0000,0,0,0,1,1,1
AR(1) .5 + 3 escalones,1,5,1,1,SF,estac.,—,∇^2 θ̂+1.0000 LR-0.000,cancela,θ̂-0.0001 LR38.401,genuina,coinciden,1,"normalidad (JB): 46.833, p = 0.0000",0,0,1,1,1,1
AR(1) .5 + 3 escalones,1,5,2,1,—,,—,∇^3 θ̂+1.0000 LR0.000,cancela,θ̂+1.0000 LR-0.000,cancelada,sin par,1,"normalidad (JB): 19.066, p = 0.0001",0,0,0,1,1,1
AR(1) .5 + 3 escalones,1,6,0,1,SF,raíz,—,∇^1 θ̂+0.3215 LR41.827,genuina,—,,coinciden,1,ruido blanco (Q): p mínimo = 0.0000; normalidad (JB): 45.627,0,0,0,1,1,1
AR(1) .5 + 3 escalones,1,6,1,1,SF,estac.,—,∇^2 θ̂+0.9850 LR0.230,cancela,θ̂+0.3215 LR41.827,genuina,coinciden,1,"normalidad (JB): 229.774, p = 0.0000; media residual distint",0,0,0,1,1,1
AR(1) .5 + 3 escalones,1,6,2,1,—,,—,∇^3 θ̂+1.0000 LR0.000,cancela,θ̂+0.9850 LR0.230,cancelada,sin par,1,"normalidad (JB): 92.921, p = 0.0000",0,0,0,1,1,1
AR(1) .5 + 3 escalones,1,7,0,1,SF,raíz,—,∇^1 θ̂+0.1722 LR45.690,genuina,—,,coinciden,1,ruido blanco (Q): p mínimo = 0.0000; normalidad (JB): 16.617,0,0,0,1,1,1
AR(1) .5 + 3 escalones,1,7,1,1,SF,estac.,—,∇^2 θ̂+1.0000 LR0.000,cancela,θ̂+0.1722 LR45.690,genuina,coinciden,1,"normalidad (JB): 6.334, p = 0.0421",0,0,0,1,1,1
AR(1) .5 + 3 escalones,1,7,2,1,—,,—,∇^3 θ̂+1.0000 LR0.000,cancela,θ̂+1.0000 LR-0.000,cancelada,sin par,0,,1,0,0,1,1,1
AR(1) .5 + 3 escalones,1,8,0,1,SF,raíz,—,∇^1 θ̂+0.0019 LR79.297,genuina,—,,coinciden,1,ruido blanco (Q): p mínimo = 0.0000,0,0,0,1,1,1
AR(1) .5 + 3 escalones,1,8,1,1,SF,estac.,—,∇^2 θ̂+1.0000 LR0.000,cancela,θ̂+0.0019 LR79.297,genuina,coinciden,1,ruido blanco (Q): p mínimo = 0.0422; normalidad (JB): 12.449,0,0,0,1,1,1
AR(1) .5 + 3 escalones,1,8,2,1,—,,—,∇^3 θ̂+1.0000 LR-0.000,cancela,θ̂+1.0000 LR-0.000,cancelada,sin par,1,"ruido blanco (Q): p mínimo = 0.0001; normalidad (JB): 9.359,",0,0,0,1,1,1
AR(1) .5 + 3 escalones,1,9,0,1,SF,raíz,—,∇^1 θ̂+0.0119 LR46.962,genuina,—,,coinciden,1,ruido blanco (Q): p mínimo = 0.0000; normalidad (JB): 32.633,0,0,0,1,1,1
AR(1) .5 + 3 escalones,1,9,1,1,SF,estac.,—,∇^2 θ̂+1.0000 LR-0.000,cancela,θ̂+0.0119 LR46.962,genuina,coinciden,1,"normalidad (JB): 133.491, p = 0.0000",0,0,0,1,1,1
AR(1) .5 + 3 escalones,1,9,2,1,—,,—,∇^3 θ̂+1.0000 LR0.000,cancela,θ̂+1.0000 LR-0.000,cancelada,sin par,1,"normalidad (JB): 118.532, p = 0.0000",0,0,0,1,1,1
AR(1) .5 + 3 escalones,1,10,0,1,SF,raíz,—,∇^1 θ̂+0.0764 LR36.925,genuina,—,,coinciden,1,"ruido blanco (Q): p mínimo = 0.0000; normalidad (JB): 6.815,",0,0,0,1,1,1
AR(1) .5 + 3 escalones,1,10,1,1,SF,estac.,—,∇^2 θ̂+1.0000 LR-0.000,cancela,θ̂+0.0764 LR36.925,genuina,coinciden,1,ruido blanco (Q): p mínimo = 0.0328; estacionalidad en los r,0,0,0,1,1,1
AR(1) .5 + 3 escalones,1,10,2,1,—,,—,∇^3 θ̂+1.0000 LR0.000,cancela,θ̂+1.0000 LR-0.000,cancelada,sin par,1,ruido blanco (Q): p mínimo = 0.0016; estacionalidad en los r,0,0,0,1,1,1
AR(1) .5 + 3 escalones,1,11,0,1,SF,raíz,—,∇^1 θ̂-0.2080 LR52.884,genuina,—,,—,1,ruido blanco (Q): p mínimo = 0.0000,0,0,1,1,1,1
AR(1) .5 + 3 escalones,1,11,1,1,SF,estac.,—,∇^2 θ̂+1.0000 LR-0.000,cancela,θ̂-0.2080 LR52.884,genuina,coinciden,1,"normalidad (JB): 9.610, p = 0.0082",0,0,1,1,1,1
AR(1) .5 + 3 escalones,1,11,2,1,—,,—,∇^3 θ̂+1.0000 LR0.000,cancela,θ̂+1.0000 LR-0.000,cancelada,sin par,1,"ruido blanco (Q): p mínimo = 0.0001; normalidad (JB): 7.925,",0,0,0,1,1,1
AR(1) .5 + 3 escalones,1,12,0,1,SF,raíz,—,∇^1 θ̂+0.2926 LR64.056,genuina,—,,coinciden,1,"ruido blanco (Q): p mínimo = 0.0000; normalidad (JB): 9.587,",0,0,0,1,1,1
AR(1) .5 + 3 escalones,1,12,1,1,SF,estac.,—,∇^2 θ̂+1.0000 LR-0.000,cancela,θ̂+0.2926 LR64.056,genuina,coinciden,1,"normalidad (JB): 27.356, p = 0.0000",0,0,0,1,1,1
AR(1) .5 + 3 escalones,1,12,2,1,—,,—,∇^3 θ̂+1.0000 LR0.000,cancela,θ̂+1.0000 LR0.000,cancelada,sin par,1,ruido blanco (Q): p mínimo = 0.0008; normalidad (JB): 16.901,0,0,0,1,1,1
AR(1) .5 + 3 escalones,1,13,0,1,SF,raíz,—,∇^1 θ̂+0.0246 LR47.525,genuina,—,,coinciden,1,ruido blanco (Q): p mínimo = 0.0000; normalidad (JB): 41.031,0,0,0,1,1,1
AR(1) .5 + 3 escalones,1,13,1,1,SF,estac.,—,∇^2 θ̂+0.9965 LR0.001,cancela,θ̂+0.0246 LR47.525,genuina,coinciden,1,"normalidad (JB): 43.626, p = 0.0000",0,0,0,1,1,1
AR(1) .5 + 3 escalones,1,13,2,1,—,,—,∇^3 θ̂+1.0000 LR-0.000,cancela,θ̂+0.9965 LR0.001,cancelada,sin par,1,"normalidad (JB): 8.124, p = 0.0172",0,0,0,1,1,1
AR(1) .5 + 3 escalones,1,14,0,1,SF,raíz,—,∇^1 θ̂+0.0841 LR18.712,genuina,—,,coinciden,1,"normalidad (JB): 85.110, p = 0.0000",0,0,0,1,2,1
AR(1) .5 + 3 escalones,1,14,1,1,SF,estac.,—,∇^2 θ̂+0.9770 LR1.662,cancela,θ̂+0.0841 LR18.712,genuina,coinciden,1,"normalidad (JB): 100.265, p = 0.0000",0,0,0,1,2,1
AR(1) .5 + 3 escalones,1,14,2,1,—,,—,∇^3 θ̂+1.0000 LR-0.000,cancela,θ̂+0.9770 LR1.662,cancelada,sin par,1,"normalidad (JB): 10.716, p = 0.0047",0,0,0,1,2,1
AR(1) .5 + 3 escalones,1,15,0,1,SF,raíz,—,∇^1 θ̂-0.0791 LR40.845,genuina,—,,—,1,ruido blanco (Q): p mínimo = 0.0000; normalidad (JB): 89.489,0,0,1,1,1,1
AR(1) .5 + 3 escalones,1,15,1,1,SF,estac.,—,∇^2 θ̂+1.0000 LR0.000,cancela,θ̂-0.0791 LR40.845,genuina,coinciden,1,"normalidad (JB): 210.714, p = 0.0000",0,0,1,1,1,1
AR(1) .5 + 3 escalones,1,15,2,1,—,,—,∇^3 θ̂+1.0000 LR0.000,cancela,θ̂+1.0000 LR-0.000,cancelada,sin par,1,"normalidad (JB): 58.607, p = 0.0000",0,0,0,1,1,1
AR(1) .5 + 3 escalones,1,16,0,1,SF,raíz,—,∇^1 θ̂-0.0780 LR49.223,genuina,—,,—,1,ruido blanco (Q): p mínimo = 0.0000; normalidad (JB): 36.149,0,0,1,1,1,1
AR(1) .5 + 3 escalones,1,16,1,1,SF,estac.,—,∇^2 θ̂+0.9957 LR0.004,cancela,θ̂-0.0780 LR49.223,genuina,coinciden,1,ruido blanco (Q): p mínimo = 0.0009; normalidad (JB): 51.693,0,0,1,1,1,1
AR(1) .5 + 3 escalones,1,16,2,1,—,,—,∇^3 θ̂+1.0000 LR-0.000,cancela,θ̂+0.9957 LR0.004,cancelada,sin par,1,ruido blanco (Q): p mínimo = 0.0000; normalidad (JB): 15.042,0,0,0,1,1,1
AR(1) .5 + 3 escalones,1,17,0,1,SF,raíz,—,∇^1 θ̂-0.1191 LR34.344,genuina,—,,—,1,ruido blanco (Q): p mínimo = 0.0000; normalidad (JB): 60.792,0,0,1,0,1,1
AR(1) .5 + 3 escalones,1,17,1,1,SF,estac.,—,∇^2 θ̂+1.0000 LR-0.000,cancela,θ̂-0.1191 LR34.344,genuina,coinciden,1,"normalidad (JB): 103.280, p = 0.0000; estacionalidad en los ",0,0,1,0,1,1
AR(1) .5 + 3 escalones,1,17,2,1,—,,—,∇^3 θ̂+1.0000 LR-0.000,cancela,θ̂+1.0000 LR-0.000,cancelada,sin par,1,ruido blanco (Q): p mínimo = 0.0003; normalidad (JB): 21.113,0,0,0,0,1,1
AR(1) .5 + 3 escalones,1,18,0,1,SF,raíz,—,∇^1 θ̂+0.1008 LR22.953,genuina,—,,coinciden,1,"normalidad (JB): 13.416, p = 0.0012",0,0,0,1,1,1
AR(1) .5 + 3 escalones,1,18,1,1,SF,estac.,—,∇^2 θ̂+1.0000 LR0.000,cancela,θ̂+0.1008 LR22.953,genuina,coinciden,1,"normalidad (JB): 68.327, p = 0.0000",0,0,0,1,1,1
AR(1) .5 + 3 escalones,1,18,2,1,—,,—,∇^3 θ̂+1.0000 LR0.000,cancela,θ̂+1.0000 LR-0.000,cancelada,sin par,1,"normalidad (JB): 91.124, p = 0.0000",0,0,0,1,1,1
AR(1) .5 + 3 escalones,1,19,0,1,SF,raíz,—,∇^1 θ̂-0.0859 LR48.488,genuina,—,,—,1,ruido blanco (Q): p mínimo = 0.0000,0,0,1,1,1,1
AR(1) .5 + 3 escalones,1,19,1,1,SF,estac.,—,∇^2 θ̂+1.0000 LR-0.000,cancela,θ̂-0.0859 LR48.488,genuina,coinciden,1,"normalidad (JB): 10.007, p = 0.0067",0,0,1,1,1,1
AR(1) .5 + 3 escalones,1,19,2,1,—,,—,∇^3 θ̂+1.0000 LR-0.000,cancela,θ̂+1.0000 LR-0.000,cancelada,sin par,0,,1,0,0,1,1,1
AR(1) .5 + 3 escalones,1,20,0,1,SF,raíz,—,∇^1 θ̂+0.0209 LR36.696,genuina,—,,coinciden,1,ruido blanco (Q): p mínimo = 0.0000; normalidad (JB): 74.101,0,0,0,1,1,1
AR(1) .5 + 3 escalones,1,20,1,1,SF,estac.,—,∇^2 θ̂+1.0000 LR0.000,cancela,θ̂+0.0209 LR36.696,genuina,coinciden,1,"normalidad (JB): 306.566, p = 0.0000",0,0,0,1,1,1
AR(1) .5 + 3 escalones,1,20,2,1,—,,—,∇^3 θ̂+1.0000 LR0.000,cancela,θ̂+1.0000 LR0.000,cancelada,sin par,1,"normalidad (JB): 245.120, p = 0.0000",0,0,0,1,1,1
AR(1) .5 + 3 escalones,1,21,0,1,SF,raíz,—,∇^1 θ̂+0.1108 LR63.865,genuina,—,,coinciden,1,ruido blanco (Q): p mínimo = 0.0000; normalidad (JB): 20.585,0,0,0,0,1,0
AR(1) .5 + 3 escalones,1,21,1,1,SF,estac.,—,∇^2 θ̂+1.0000 LR0.000,cancela,θ̂+0.1108 LR63.865,genuina,coinciden,1,"normalidad (JB): 39.578, p = 0.0000",0,0,0,0,1,0
AR(1) .5 + 3 escalones,1,21,2,1,—,,—,∇^3 θ̂+1.0000 LR-0.000,cancela,θ̂+1.0000 LR-0.000,cancelada,sin par,1,"ruido blanco (Q): p mínimo = 0.0058; normalidad (JB): 8.772,",0,0,0,0,1,0
AR(1) .5 + 3 escalones,1,22,0,1,SF,raíz,—,∇^1 θ̂-0.0107 LR42.241,genuina,—,,—,1,ruido blanco (Q): p mínimo = 0.0000,0,0,1,1,1,1
AR(1) .5 + 3 escalones,1,22,1,1,SF,estac.,—,∇^2 θ̂+0.9836 LR0.310,cancela,θ̂-0.0107 LR42.241,genuina,coinciden,1,"normalidad (JB): 31.816, p = 0.0000",0,0,1,1,1,1
AR(1) .5 + 3 escalones,1,22,2,1,—,,—,∇^3 θ̂+1.0000 LR-0.000,cancela,θ̂+0.9836 LR0.310,cancelada,sin par,1,"normalidad (JB): 48.833, p = 0.0000",0,0,0,1,1,1
AR(1) .5 + 3 escalones,1,23,0,1,SF,raíz,—,∇^1 θ̂+0.2060 LR72.299,genuina,—,,coinciden,1,ruido blanco (Q): p mínimo = 0.0000,0,0,0,1,2,1
AR(1) .5 + 3 escalones,1,23,1,1,SF,estac.,—,∇^2 θ̂+0.9527 LR14.835,genuina,θ̂+0.2060 LR72.299,genuina,discrepan,1,ruido blanco (Q): p mínimo = 0.0000,0,0,0,1,2,1
AR(1) .5 + 3 escalones,1,23,2,1,—,,—,∇^3 θ̂+1.0000 LR0.000,cancela,θ̂+0.9527 LR14.835,genuina,sin par,1,ruido blanco (Q): p mínimo = 0.0015,0,0,0,1,2,1
AR(1) .5 + 3 escalones,1,24,0,1,SF,raíz,—,∇^1 θ̂+0.3881 LR43.100,genuina,—,,coinciden,1,ruido blanco (Q): p mínimo = 0.0000,0,0,0,0,0,1
AR(1) .5 + 3 escalones,1,24,1,1,SF,estac.,—,∇^2 θ̂+0.8748 LR4.014,genuina,θ̂+0.3881 LR43.100,genuina,discrepan,1,"normalidad (JB): 15.411, p = 0.0005",0,0,0,0,0,1
AR(1) .5 + 3 escalones,1,24,2,1,—,,—,∇^3 θ̂+1.0000 LR-0.000,cancela,θ̂+0.8748 LR4.014,genuina,sin par,1,ruido blanco (Q): p mínimo = 0.0007; normalidad (JB): 11.530,0,0,0,0,0,1
AR(1) .5 + 3 escalones,1,25,0,1,SF,raíz,—,∇^1 θ̂-0.0999 LR38.616,genuina,—,,—,1,ruido blanco (Q): p mínimo = 0.0000; normalidad (JB): 35.268,0,0,1,1,1,1
AR(1) .5 + 3 escalones,1,25,1,1,SF,estac.,—,∇^2 θ̂+1.0000 LR0.000,cancela,θ̂-0.0999 LR38.616,genuina,coinciden,1,"normalidad (JB): 53.102, p = 0.0000",0,0,1,1,1,1
AR(1) .5 + 3 escalones,1,25,2,1,—,,—,∇^3 θ̂+1.0000 LR0.000,cancela,θ̂+1.0000 LR-0.000,cancelada,sin par,1,"normalidad (JB): 34.926, p = 0.0000",0,0,0,1,1,1
AR(1) .5 + 3 escalones,1,26,0,1,SF,raíz,—,∇^1 θ̂-0.0405 LR50.994,genuina,—,,—,1,ruido blanco (Q): p mínimo = 0.0000; normalidad (JB): 65.883,0,0,1,1,1,1
AR(1) .5 + 3 escalones,1,26,1,1,SF,estac.,—,∇^2 θ̂+0.9889 LR0.077,cancela,θ̂-0.0405 LR50.994,genuina,coinciden,1,"normalidad (JB): 103.285, p = 0.0000",0,0,1,1,1,1
AR(1) .5 + 3 escalones,1,26,2,1,—,,—,∇^3 θ̂+1.0000 LR0.000,cancela,θ̂+0.9889 LR0.077,cancelada,sin par,1,ruido blanco (Q): p mínimo = 0.0054; normalidad (JB): 14.687,0,0,0,1,1,1
AR(1) .5 + 3 escalones,1,27,0,1,SF,raíz,—,∇^1 θ̂+0.1617 LR43.987,genuina,—,,coinciden,1,ruido blanco (Q): p mínimo = 0.0000; normalidad (JB): 34.840,0,0,0,1,2,1
AR(1) .5 + 3 escalones,1,27,1,1,SF,estac.,—,∇^2 θ̂+0.9837 LR0.649,cancela,θ̂+0.1617 LR43.987,genuina,coinciden,1,"normalidad (JB): 78.128, p = 0.0000",0,0,0,1,2,1
AR(1) .5 + 3 escalones,1,27,2,1,—,,—,∇^3 θ̂+1.0000 LR-0.000,cancela,θ̂+0.9837 LR0.649,cancelada,sin par,1,ruido blanco (Q): p mínimo = 0.0015; normalidad (JB): 29.226,0,0,0,1,2,1
AR(1) .5 + 3 escalones,1,28,0,1,SF,raíz,—,∇^1 θ̂+0.2493 LR33.308,genuina,—,,coinciden,1,ruido blanco (Q): p mínimo = 0.0000; media residual distinta,0,0,0,1,1,1
AR(1) .5 + 3 escalones,1,28,1,1,SF,estac.,—,∇^2 θ̂+1.0000 LR-0.000,cancela,θ̂+0.2493 LR33.308,genuina,coinciden,1,"normalidad (JB): 31.662, p = 0.0000",0,0,0,1,1,1
AR(1) .5 + 3 escalones,1,28,2,1,—,,—,∇^3 θ̂+1.0000 LR-0.000,cancela,θ̂+1.0000 LR-0.000,cancelada,sin par,1,ruido blanco (Q): p mínimo = 0.0270; normalidad (JB): 70.394,0,0,0,1,1,1
AR(1) .5 + 3 escalones,1,29,0,1,SF,raíz,—,∇^1 θ̂-0.1043 LR51.481,genuina,—,,—,1,"ruido blanco (Q): p mínimo = 0.0000; normalidad (JB): 7.062,",0,0,1,1,1,1
AR(1) .5 + 3 escalones,1,29,1,1,SF,estac.,—,∇^2 θ̂+1.0000 LR-0.000,cancela,θ̂-0.1043 LR51.481,genuina,coinciden,1,"normalidad (JB): 6.468, p = 0.0394",0,0,1,1,1,1
AR(1) .5 + 3 escalones,1,29,2,1,—,,—,∇^3 θ̂+1.0000 LR-0.000,cancela,θ̂+1.0000 LR0.000,cancelada,sin par,0,,1,0,0,1,1,1
AR(1) .5 + 3 escalones,1,30,0,1,SF,raíz,—,∇^1 θ̂-0.0001 LR54.469,genuina,—,,—,1,"ruido blanco (Q): p mínimo = 0.0000; normalidad (JB): 9.434,",0,0,1,1,1,1
AR(1) .5 + 3 escalones,1,30,1,1,SF,estac.,—,∇^2 θ̂+1.0000 LR-0.000,cancela,θ̂+0.2114 LR57.152,genuina,coinciden,1,"normalidad (JB): 9.145, p = 0.0103",0,0,0,1,1,1
AR(1) .5 + 3 escalones,1,30,2,1,—,,—,∇^3 θ̂+1.0000 LR0.000,cancela,θ̂+1.0000 LR-0.000,cancelada,sin par,0,,1,0,0,1,1,1
AR(1) .5 + 3 escalones,1,31,0,1,SF,raíz,—,∇^1 θ̂+0.1214 LR39.950,genuina,—,,coinciden,1,ruido blanco (Q): p mínimo = 0.0000; normalidad (JB): 31.363,0,0,0,1,1,1
AR(1) .5 + 3 escalones,1,31,1,1,SF,estac.,—,∇^2 θ̂+1.0000 LR-0.000,cancela,θ̂+0.1214 LR39.950,genuina,coinciden,1,ruido blanco (Q): p mínimo = 0.0010; normalidad (JB): 53.935,0,0,0,1,1,1
AR(1) .5 + 3 escalones,1,31,2,1,—,,—,∇^3 θ̂+1.0000 LR-0.000,cancela,θ̂+1.0000 LR-0.000,cancelada,sin par,1,ruido blanco (Q): p mínimo = 0.0000; normalidad (JB): 12.924,0,0,0,1,1,1
AR(1) .5 + 3 escalones,1,32,0,1,SF,raíz,—,∇^1 θ̂+0.1388 LR44.599,genuina,—,,coinciden,1,ruido blanco (Q): p mínimo = 0.0000; normalidad (JB): 73.499,0,0,0,0,0,0
AR(1) .5 + 3 escalones,1,32,1,1,SF,estac.,—,∇^2 θ̂+1.0000 LR0.000,cancela,θ̂+0.1388 LR44.599,genuina,coinciden,1,"normalidad (JB): 89.306, p = 0.0000",0,0,0,0,0,0
AR(1) .5 + 3 escalones,1,32,2,1,—,,—,∇^3 θ̂+1.0000 LR-0.000,cancela,θ̂+1.0000 LR-0.000,cancelada,sin par,1,ruido blanco (Q): p mínimo = 0.0212; normalidad (JB): 41.116,0,0,0,0,0,0
AR(1) .5 + 3 escalones,1,33,0,1,SF,raíz,—,∇^1 θ̂-0.0109 LR25.892,genuina,—,,—,1,ruido blanco (Q): p mínimo = 0.0001; normalidad (JB): 13.823,0,0,1,1,1,1
AR(1) .5 + 3 escalones,1,33,1,1,SF,estac.,—,∇^2 θ̂+0.9797 LR0.253,cancela,θ̂-0.0109 LR25.892,genuina,coinciden,1,"normalidad (JB): 23.848, p = 0.0000",0,0,1,1,1,1
AR(1) .5 + 3 escalones,1,33,2,1,—,,—,∇^3 θ̂+1.0000 LR0.000,cancela,θ̂+0.9797 LR0.253,cancelada,sin par,1,"normalidad (JB): 22.068, p = 0.0000",0,0,0,1,1,1
AR(1) .5 + 3 escalones,1,34,0,1,SF,raíz,—,∇^1 θ̂+0.0742 LR45.298,genuina,—,,coinciden,1,ruido blanco (Q): p mínimo = 0.0000,0,0,0,1,1,1
AR(1) .5 + 3 escalones,1,34,1,1,SF,estac.,—,∇^2 θ̂+1.0000 LR0.000,cancela,θ̂+0.0742 LR45.298,genuina,coinciden,1,"normalidad (JB): 34.581, p = 0.0000",0,0,0,1,1,1
AR(1) .5 + 3 escalones,1,34,2,1,—,,—,∇^3 θ̂+1.0000 LR0.000,cancela,θ̂+1.0000 LR0.000,cancelada,sin par,1,"normalidad (JB): 21.529, p = 0.0000",0,0,0,1,1,1
AR(1) .5 + 3 escalones,1,35,0,1,SF,raíz,—,∇^1 θ̂-0.1054 LR24.146,genuina,—,,—,1,ruido blanco (Q): p mínimo = 0.0002; normalidad (JB): 41.818,0,0,1,1,1,1
AR(1) .5 + 3 escalones,1,35,1,1,SF,estac.,—,∇^2 θ̂+0.9973 LR0.001,cancela,θ̂-0.1054 LR24.146,genuina,coinciden,1,"normalidad (JB): 85.367, p = 0.0000",0,0,1,1,1,1
AR(1) .5 + 3 escalones,1,35,2,1,—,,—,∇^3 θ̂+1.0000 LR-0.000,cancela,θ̂+0.9973 LR0.001,cancelada,sin par,1,ruido blanco (Q): p mínimo = 0.0146; normalidad (JB): 19.442,0,0,0,1,1,1
AR(1) .5 + 3 escalones,1,36,0,1,SF,raíz,—,∇^1 θ̂-0.0941 LR19.236,genuina,—,,—,1,ruido blanco (Q): p mínimo = 0.0004; normalidad (JB): 127.63,0,0,1,1,1,1
AR(1) .5 + 3 escalones,1,36,1,1,SF,estac.,—,∇^2 θ̂+1.0000 LR0.000,cancela,θ̂-0.0941 LR19.236,genuina,coinciden,1,"normalidad (JB): 208.339, p = 0.0000",0,0,1,1,1,1
AR(1) .5 + 3 escalones,1,36,2,1,—,,—,∇^3 θ̂+1.0000 LR0.000,cancela,θ̂+1.0000 LR0.000,cancelada,sin par,1,ruido blanco (Q): p mínimo = 0.0006; normalidad (JB): 45.739,0,0,0,1,1,1
AR(1) .5 + 3 escalones,1,37,0,1,SF,raíz,—,∇^1 θ̂-0.2743 LR48.494,genuina,—,,—,1,ruido blanco (Q): p mínimo = 0.0000; normalidad (JB): 48.850,0,0,1,1,1,1
AR(1) .5 + 3 escalones,1,37,1,1,SF,estac.,—,∇^2 θ̂+1.0000 LR0.000,cancela,θ̂-0.2743 LR48.494,genuina,coinciden,1,"normalidad (JB): 89.223, p = 0.0000",0,0,1,1,1,1
AR(1) .5 + 3 escalones,1,37,2,1,—,,—,∇^3 θ̂+1.0000 LR0.000,cancela,θ̂+1.0000 LR0.000,cancelada,sin par,1,"normalidad (JB): 52.026, p = 0.0000",0,0,0,1,1,1
AR(1) .5 + 3 escalones,1,38,0,1,SF,raíz,—,∇^1 θ̂+0.3041 LR54.493,genuina,—,,coinciden,1,ruido blanco (Q): p mínimo = 0.0000,0,0,0,1,1,1
AR(1) .5 + 3 escalones,1,38,1,1,SF,estac.,—,∇^2 θ̂+0.9864 LR0.093,cancela,θ̂+0.3041 LR54.493,genuina,coinciden,1,"normalidad (JB): 11.560, p = 0.0031",0,0,0,1,1,1
AR(1) .5 + 3 escalones,1,38,2,1,—,,—,∇^3 θ̂+1.0000 LR0.000,cancela,θ̂+0.9864 LR0.093,cancelada,sin par,0,,1,0,0,1,1,1
AR(1) .5 + 3 escalones,1,39,0,1,SF,raíz,—,∇^1 θ̂+0.0134 LR34.403,genuina,—,,coinciden,1,ruido blanco (Q): p mínimo = 0.0000; normalidad (JB): 83.962,0,0,0,0,0,1
AR(1) .5 + 3 escalones,1,39,1,1,SF,estac.,—,∇^2 θ̂+1.0000 LR-0.000,cancela,θ̂+0.0134 LR34.403,genuina,coinciden,1,"normalidad (JB): 108.971, p = 0.0000",0,0,0,0,0,1
AR(1) .5 + 3 escalones,1,39,2,1,—,,—,∇^3 θ̂+1.0000 LR0.000,cancela,θ̂+1.0000 LR0.000,cancelada,sin par,1,ruido blanco (Q): p mínimo = 0.0003; normalidad (JB): 38.176,0,0,0,0,0,1
AR(1) .5 + 3 escalones,1,40,0,1,SF,raíz,—,∇^1 θ̂-0.2865 LR39.308,genuina,—,,—,1,ruido blanco (Q): p mínimo = 0.0000,0,0,1,1,1,1
AR(1) .5 + 3 escalones,1,40,1,1,SF,estac.,—,∇^2 θ̂+0.9920 LR0.046,cancela,θ̂-0.2865 LR39.308,genuina,coinciden,1,"normalidad (JB): 9.767, p = 0.0076",0,0,1,1,1,1
AR(1) .5 + 3 escalones,1,40,2,1,—,,—,∇^3 θ̂+1.0000 LR-0.000,cancela,θ̂+0.9920 LR0.046,cancelada,sin par,1,ruido blanco (Q): p mínimo = 0.0002; normalidad (JB): 12.970,0,0,0,1,1,1
AR(1) .5 + 3 escalones,1,41,0,1,SF,raíz,—,∇^1 θ̂-0.0254 LR41.470,genuina,—,,—,1,ruido blanco (Q): p mínimo = 0.0000; normalidad (JB): 65.131,0,0,1,1,1,1
AR(1) .5 + 3 escalones,1,41,1,1,SF,estac.,—,∇^2 θ̂+0.9957 LR0.004,cancela,θ̂-0.0254 LR41.470,genuina,coinciden,1,"normalidad (JB): 112.279, p = 0.0000; media residual distint",0,0,1,1,1,1
AR(1) .5 + 3 escalones,1,41,2,1,—,,—,∇^3 θ̂+1.0000 LR0.000,cancela,θ̂+0.9957 LR0.004,cancelada,sin par,1,ruido blanco (Q): p mínimo = 0.0010; normalidad (JB): 33.821,0,0,0,1,1,1
AR(1) .5 + 3 escalones,1,42,0,1,SF,raíz,—,∇^1 θ̂+0.2784 LR46.437,genuina,—,,coinciden,1,ruido blanco (Q): p mínimo = 0.0000; normalidad (JB): 32.058,0,0,0,1,1,1
AR(1) .5 + 3 escalones,1,42,1,1,SF,estac.,—,∇^2 θ̂+0.9693 LR0.229,cancela,θ̂+0.2784 LR46.437,genuina,coinciden,1,"normalidad (JB): 78.431, p = 0.0000",0,0,0,1,1,1
AR(1) .5 + 3 escalones,1,42,2,1,—,,—,∇^3 θ̂+1.0000 LR0.000,cancela,θ̂+0.9693 LR0.229,cancelada,sin par,1,"normalidad (JB): 34.601, p = 0.0000",0,0,0,1,1,1
AR(1) .5 + 3 escalones,1,43,0,1,SF,raíz,—,∇^1 θ̂-0.0454 LR44.868,genuina,—,,—,1,ruido blanco (Q): p mínimo = 0.0000,0,0,1,1,1,1
AR(1) .5 + 3 escalones,1,43,1,1,SF,estac.,—,∇^2 θ̂+1.0000 LR-0.000,cancela,θ̂-0.0454 LR44.868,genuina,coinciden,1,"normalidad (JB): 12.637, p = 0.0018",0,0,1,1,1,1
AR(1) .5 + 3 escalones,1,43,2,1,—,,—,∇^3 θ̂+1.0000 LR0.000,cancela,θ̂+1.0000 LR-0.000,cancelada,sin par,0,,1,0,0,1,1,1
AR(1) .5 + 3 escalones,1,44,0,1,SF,raíz,—,∇^1 θ̂+0.0755 LR43.242,genuina,—,,coinciden,1,ruido blanco (Q): p mínimo = 0.0000; normalidad (JB): 13.920,0,0,0,1,1,1
AR(1) .5 + 3 escalones,1,44,1,1,SF,estac.,—,∇^2 θ̂+0.9964 LR0.002,cancela,θ̂+0.0755 LR43.242,genuina,coinciden,1,"normalidad (JB): 90.096, p = 0.0000",0,0,0,1,1,1
AR(1) .5 + 3 escalones,1,44,2,1,—,,—,∇^3 θ̂+1.0000 LR0.000,cancela,θ̂+0.9964 LR0.002,cancelada,sin par,1,ruido blanco (Q): p mínimo = 0.0027; normalidad (JB): 42.062,0,0,0,1,1,1
AR(1) .5 + 3 escalones,1,45,0,1,SF,raíz,—,∇^1 θ̂-0.1483 LR48.484,genuina,—,,—,1,ruido blanco (Q): p mínimo = 0.0000; normalidad (JB): 160.77,0,0,1,1,1,1
AR(1) .5 + 3 escalones,1,45,1,1,SF,estac.,—,∇^2 θ̂+1.0000 LR-0.000,cancela,θ̂-0.1483 LR48.484,genuina,coinciden,1,"normalidad (JB): 109.820, p = 0.0000",0,0,1,1,1,1
AR(1) .5 + 3 escalones,1,45,2,1,—,,—,∇^3 θ̂+1.0000 LR0.000,cancela,θ̂+1.0000 LR0.000,cancelada,sin par,1,"ruido blanco (Q): p mínimo = 0.0001; normalidad (JB): 8.305,",0,0,0,1,1,1
AR(1) .5 + 3 escalones,1,46,0,1,SF,raíz,—,∇^1 θ̂+0.2064 LR55.055,genuina,—,,coinciden,1,ruido blanco (Q): p mínimo = 0.0000; normalidad (JB): 22.825,0,0,0,1,1,1
AR(1) .5 + 3 escalones,1,46,1,1,SF,estac.,—,∇^2 θ̂+1.0000 LR-0.000,cancela,θ̂+0.2064 LR55.055,genuina,coinciden,1,"normalidad (JB): 32.933, p = 0.0000",0,0,0,1,1,1
AR(1) .5 + 3 escalones,1,46,2,1,—,,—,∇^3 θ̂+1.0000 LR-0.000,cancela,θ̂+1.0000 LR-0.000,cancelada,sin par,1,ruido blanco (Q): p mínimo = 0.0013; normalidad (JB): 11.928,0,0,0,1,1,1
AR(1) .5 + 3 escalones,1,47,0,1,SF,raíz,—,∇^1 θ̂-0.0131 LR57.104,genuina,—,,—,1,ruido blanco (Q): p mínimo = 0.0000,0,0,1,1,1,1
AR(1) .5 + 3 escalones,1,47,1,1,SF,estac.,—,∇^2 θ̂+1.0000 LR-0.000,cancela,θ̂-0.0131 LR57.104,genuina,coinciden,1,"normalidad (JB): 5.999, p = 0.0498",0,0,1,1,1,1
AR(1) .5 + 3 escalones,1,47,2,1,—,,—,∇^3 θ̂+1.0000 LR0.000,cancela,θ̂+1.0000 LR-0.000,cancelada,sin par,0,,1,0,0,1,1,1
AR(1) .5 + 3 escalones,1,49,0,1,SF,raíz,—,∇^1 θ̂-0.0941 LR40.904,genuina,—,,—,1,ruido blanco (Q): p mínimo = 0.0000; normalidad (JB): 121.92,0,0,1,1,1,1
AR(1) .5 + 3 escalones,1,49,1,1,SF,estac.,—,∇^2 θ̂+0.9875 LR0.288,cancela,θ̂-0.0941 LR40.904,genuina,coinciden,1,"normalidad (JB): 103.783, p = 0.0000",0,0,1,1,1,1
AR(1) .5 + 3 escalones,1,49,2,1,—,,—,∇^3 θ̂+1.0000 LR-0.000,cancela,θ̂+0.9875 LR0.288,cancelada,sin par,1,ruido blanco (Q): p mínimo = 0.0057; normalidad (JB): 68.038,0,0,0,1,1,1
AR(1) .5 + 3 escalones,1,48,0,1,SF,raíz,—,∇^1 θ̂+0.0220 LR36.711,genuina,—,,coinciden,1,ruido blanco (Q): p mínimo = 0.0000; normalidad (JB): 53.321,0,0,0,1,1,1
AR(1) .5 + 3 escalones,1,48,1,1,SF,estac.,—,∇^2 θ̂+1.0000 LR-0.000,cancela,θ̂+0.0220 LR36.711,genuina,coinciden,1,"normalidad (JB): 109.490, p = 0.0000",0,0,0,1,1,1
AR(1) .5 + 3 escalones,1,48,2,1,—,,—,∇^3 θ̂+1.0000 LR0.000,cancela,θ̂+1.0000 LR-0.000,cancelada,sin par,1,ruido blanco (Q): p mínimo = 0.0001; normalidad (JB): 36.131,0,0,0,1,1,1
AR(1) .5 + cambio de varianza,1,0,0,1,SF,raíz,—,∇^1 θ̂-0.2939 LR47.146,genuina,—,,—,1,ruido blanco (Q): p mínimo = 0.0000,0,0,1,1,1,1
AR(1) .5 + cambio de varianza,1,0,1,1,SF,estac.,—,∇^2 θ̂+1.0000 LR0.000,cancela,θ̂-0.2939 LR47.146,genuina,coinciden,0,,1,0,1,1,1,1
AR(1) .5 + cambio de varianza,1,0,2,1,—,,—,∇^3 θ̂+1.0000 LR0.000,cancela,θ̂+1.0000 LR-0.000,cancelada,sin par,1,ruido blanco (Q): p mínimo = 0.0009; normalidad (JB): 19.487,0,0,0,1,1,1
AR(1) .5 + cambio de varianza,1,1,0,1,SF,raíz,—,∇^1 θ̂-0.0836 LR79.428,genuina,—,,—,1,ruido blanco (Q): p mínimo = 0.0000; normalidad (JB): 58.369,0,0,1,1,1,1
AR(1) .5 + cambio de varianza,1,1,1,1,SF,estac.,—,∇^2 θ̂+1.0000 LR-0.000,cancela,θ̂-0.0836 LR79.428,genuina,coinciden,1,"normalidad (JB): 11.334, p = 0.0035",0,0,1,1,1,1
AR(1) .5 + cambio de varianza,1,1,2,1,—,,—,∇^3 θ̂+1.0000 LR-0.000,cancela,θ̂+1.0000 LR0.000,cancelada,sin par,1,"normalidad (JB): 7.626, p = 0.0221",0,0,0,1,1,1
AR(1) .5 + cambio de varianza,1,2,0,1,SF,raíz,—,∇^1 θ̂+0.1200 LR94.445,genuina,—,,coinciden,1,ruido blanco (Q): p mínimo = 0.0000; normalidad (JB): 58.993,0,0,0,1,2,1
AR(1) .5 + cambio de varianza,1,2,1,1,SF,estac.,—,∇^2 θ̂+0.9780 LR0.907,cancela,θ̂+0.1200 LR94.445,genuina,coinciden,1,"normalidad (JB): 22.276, p = 0.0000",0,0,0,1,2,1
AR(1) .5 + cambio de varianza,1,2,2,1,—,,—,∇^3 θ̂+1.0000 LR-0.000,cancela,θ̂+0.9780 LR0.907,cancelada,sin par,1,"ruido blanco (Q): p mínimo = 0.0036; normalidad (JB): 6.594,",0,0,0,1,2,1
AR(1) .5 + cambio de varianza,1,3,0,1,SF,raíz,—,∇^1 θ̂-0.1606 LR53.903,genuina,—,,—,1,ruido blanco (Q): p mínimo = 0.0000; normalidad (JB): 43.036,0,0,1,1,1,1
AR(1) .5 + cambio de varianza,1,3,1,1,SF,estac.,—,∇^2 θ̂+1.0000 LR0.000,cancela,θ̂-0.1606 LR53.903,genuina,coinciden,1,ruido blanco (Q): p mínimo = 0.0022; normalidad (JB): 102.40,0,0,1,1,1,1
AR(1) .5 + cambio de varianza,1,3,2,1,—,,—,∇^3 θ̂+1.0000 LR0.000,cancela,θ̂+1.0000 LR0.000,cancelada,sin par,1,ruido blanco (Q): p mínimo = 0.0000; normalidad (JB): 46.573,0,0,0,1,1,1
AR(1) .5 + cambio de varianza,1,4,0,1,SF,raíz,—,∇^1 θ̂-0.0356 LR65.770,genuina,—,,—,1,ruido blanco (Q): p mínimo = 0.0000; normalidad (JB): 17.411,0,0,1,0,0,1
AR(1) .5 + cambio de varianza,1,4,1,1,SF,estac.,—,∇^2 θ̂+1.0000 LR-0.000,cancela,θ̂-0.0356 LR65.770,genuina,coinciden,1,"normalidad (JB): 24.345, p = 0.0000",0,0,1,0,0,1
AR(1) .5 + cambio de varianza,1,4,2,1,—,,—,∇^3 θ̂+1.0000 LR0.000,cancela,θ̂+1.0000 LR0.000,cancelada,sin par,1,ruido blanco (Q): p mínimo = 0.0126; normalidad (JB): 22.167,0,0,0,0,0,1
AR(1) .5 + cambio de varianza,1,5,0,1,SF,raíz,—,∇^1 θ̂+0.6498 LR23.392,genuina,—,,coinciden,1,ruido blanco (Q): p mínimo = 0.0000; normalidad (JB): 11.269,0,0,0,1,2,1
AR(1) .5 + cambio de varianza,1,5,1,1,SF,estac.,—,∇^2 θ̂+0.9509 LR4.485,genuina,θ̂+0.6498 LR23.392,genuina,discrepan,1,"normalidad (JB): 16.904, p = 0.0002",0,0,0,1,2,1
AR(1) .5 + cambio de varianza,1,5,2,1,—,,—,∇^3 θ̂+1.0000 LR0.000,cancela,θ̂+0.9509 LR4.485,genuina,sin par,1,ruido blanco (Q): p mínimo = 0.0000; normalidad (JB): 16.539,0,0,0,1,2,1
AR(1) .5 + cambio de varianza,1,6,0,1,SF,raíz,—,∇^1 θ̂+0.0370 LR77.844,genuina,—,,coinciden,1,ruido blanco (Q): p mínimo = 0.0000; normalidad (JB): 13.781,0,0,0,0,2,0
AR(1) .5 + cambio de varianza,1,6,1,1,SF,estac.,—,∇^2 θ̂+0.9776 LR1.155,cancela,θ̂+0.0370 LR77.844,genuina,coinciden,1,ruido blanco (Q): p mínimo = 0.0000; normalidad (JB): 12.850,0,0,0,0,2,0
AR(1) .5 + cambio de varianza,1,6,2,1,—,,—,∇^3 θ̂+1.0000 LR0.000,cancela,θ̂+0.9776 LR1.155,cancelada,sin par,1,ruido blanco (Q): p mínimo = 0.0000; normalidad (JB): 25.299,0,0,0,0,2,0
AR(1) .5 + cambio de varianza,1,7,0,1,SF,raíz,—,∇^1 θ̂-0.2494 LR60.449,genuina,—,,—,1,ruido blanco (Q): p mínimo = 0.0000; normalidad (JB): 12.798,0,0,1,1,1,1
AR(1) .5 + cambio de varianza,1,7,1,1,SF,estac.,—,∇^2 θ̂+1.0000 LR-0.000,cancela,θ̂-0.2494 LR60.449,genuina,coinciden,1,ruido blanco (Q): p mínimo = 0.0363; normalidad (JB): 24.081,0,0,1,1,1,1
AR(1) .5 + cambio de varianza,1,7,2,1,—,,—,∇^3 θ̂+1.0000 LR-0.000,cancela,θ̂+1.0000 LR-0.000,cancelada,sin par,1,ruido blanco (Q): p mínimo = 0.0003; normalidad (JB): 45.967,0,0,0,1,1,1
AR(1) .5 + cambio de varianza,1,8,0,1,SF,raíz,—,∇^1 θ̂+0.1324 LR50.906,genuina,—,,coinciden,1,ruido blanco (Q): p mínimo = 0.0000; normalidad (JB): 11.832,0,0,0,1,1,1
AR(1) .5 + cambio de varianza,1,8,1,1,SF,estac.,—,∇^2 θ̂+1.0000 LR-0.000,cancela,θ̂+0.1324 LR50.906,genuina,coinciden,1,"normalidad (JB): 23.103, p = 0.0000",0,0,0,1,1,1
AR(1) .5 + cambio de varianza,1,8,2,1,—,,—,∇^3 θ̂+1.0000 LR-0.000,cancela,θ̂+1.0000 LR-0.000,cancelada,sin par,1,ruido blanco (Q): p mínimo = 0.0106; normalidad (JB): 26.268,0,0,0,1,1,1
AR(1) .5 + cambio de varianza,1,9,0,1,SF,raíz,—,∇^1 θ̂-0.0001 LR60.324,genuina,—,,—,1,ruido blanco (Q): p mínimo = 0.0000; normalidad (JB): 30.936,0,0,1,1,1,0
AR(1) .5 + cambio de varianza,1,9,1,1,SF,estac.,—,∇^2 θ̂+1.0000 LR0.000,cancela,θ̂+0.0906 LR60.798,genuina,coinciden,1,"normalidad (JB): 38.860, p = 0.0000",0,0,0,1,1,0
AR(1) .5 + cambio de varianza,1,9,2,1,—,,—,∇^3 θ̂+1.0000 LR-0.000,cancela,θ̂+1.0000 LR0.000,cancelada,sin par,1,ruido blanco (Q): p mínimo = 0.0042; normalidad (JB): 25.656,0,0,0,1,1,0
AR(1) .5 + cambio de varianza,1,10,0,1,SF,raíz,—,∇^1 θ̂+0.0579 LR42.108,genuina,—,,coinciden,1,ruido blanco (Q): p mínimo = 0.0000; normalidad (JB): 23.116,0,0,0,0,0,0
AR(1) .5 + cambio de varianza,1,10,1,1,SF,estac.,—,∇^2 θ̂+1.0000 LR0.000,cancela,θ̂+0.0579 LR42.108,genuina,coinciden,0,,1,0,0,0,0,0
AR(1) .5 + cambio de varianza,1,10,2,1,—,,—,∇^3 θ̂+1.0000 LR0.000,cancela,θ̂+1.0000 LR-0.000,cancelada,sin par,1,"normalidad (JB): 19.787, p = 0.0001",0,0,0,0,0,0
AR(1) .5 + cambio de varianza,1,11,0,1,SF,raíz,—,∇^1 θ̂+0.2122 LR40.830,genuina,—,,coinciden,1,ruido blanco (Q): p mínimo = 0.0000; normalidad (JB): 15.528,0,0,0,1,1,1
AR(1) .5 + cambio de varianza,1,11,1,1,SF,estac.,—,∇^2 θ̂+0.9949 LR0.007,cancela,θ̂+0.2122 LR40.830,genuina,coinciden,1,"normalidad (JB): 25.234, p = 0.0000",0,0,0,1,1,1
AR(1) .5 + cambio de varianza,1,11,2,1,—,,—,∇^3 θ̂+1.0000 LR0.000,cancela,θ̂+0.9949 LR0.007,cancelada,sin par,1,ruido blanco (Q): p mínimo = 0.0010; normalidad (JB): 24.762,0,0,0,1,1,1
AR(1) .5 + cambio de varianza,1,12,0,1,SF,raíz,—,∇^1 θ̂-0.2003 LR49.369,genuina,—,,—,1,ruido blanco (Q): p mínimo = 0.0000; normalidad (JB): 25.872,0,0,1,1,1,1
AR(1) .5 + cambio de varianza,1,12,1,1,SF,estac.,—,∇^2 θ̂+1.0000 LR0.000,cancela,θ̂-0.2003 LR49.369,genuina,coinciden,1,"normalidad (JB): 31.826, p = 0.0000",0,0,1,1,1,1
AR(1) .5 + cambio de varianza,1,12,2,1,—,,—,∇^3 θ̂+1.0000 LR0.000,cancela,θ̂+1.0000 LR-0.000,cancelada,sin par,1,ruido blanco (Q): p mínimo = 0.0006; normalidad (JB): 31.731,0,0,0,1,1,1
AR(1) .5 + cambio de varianza,1,13,0,1,SF,raíz,—,∇^1 θ̂+0.1199 LR23.549,genuina,—,,coinciden,1,ruido blanco (Q): p mínimo = 0.0000; normalidad (JB): 18.443,0,0,0,0,1,1
AR(1) .5 + cambio de varianza,1,13,1,1,SF,estac.,—,∇^2 θ̂+1.0000 LR0.000,cancela,θ̂+0.1199 LR23.549,genuina,coinciden,1,"normalidad (JB): 13.143, p = 0.0014",0,0,0,0,1,1
AR(1) .5 + cambio de varianza,1,13,2,1,—,,—,∇^3 θ̂+1.0000 LR0.000,cancela,θ̂+1.0000 LR-0.000,cancelada,sin par,1,ruido blanco (Q): p mínimo = 0.0000,0,0,0,0,1,1
AR(1) .5 + cambio de varianza,1,14,0,1,SF,raíz,—,∇^1 θ̂-0.0441 LR50.418,genuina,—,,—,1,ruido blanco (Q): p mínimo = 0.0000; normalidad (JB): 122.92,0,0,1,1,1,1
AR(1) .5 + cambio de varianza,1,14,1,1,SF,estac.,—,∇^2 θ̂+1.0000 LR-0.000,cancela,θ̂-0.0441 LR50.418,genuina,coinciden,1,"normalidad (JB): 30.441, p = 0.0000",0,0,1,1,1,1
AR(1) .5 + cambio de varianza,1,14,2,1,—,,—,∇^3 θ̂+1.0000 LR0.000,cancela,θ̂+1.0000 LR-0.000,cancelada,sin par,1,ruido blanco (Q): p mínimo = 0.0003; normalidad (JB): 20.173,0,0,0,1,1,1
AR(1) .5 + cambio de varianza,1,15,0,1,SF,raíz,—,∇^1 θ̂-0.1580 LR45.567,genuina,—,,—,1,ruido blanco (Q): p mínimo = 0.0000; normalidad (JB): 32.845,0,0,1,1,1,1
AR(1) .5 + cambio de varianza,1,15,1,1,SF,estac.,—,∇^2 θ̂+1.0000 LR-0.000,cancela,θ̂-0.1580 LR45.567,genuina,coinciden,0,,1,0,1,1,1,1
AR(1) .5 + cambio de varianza,1,15,2,1,—,,—,∇^3 θ̂+1.0000 LR0.000,cancela,θ̂+1.0000 LR0.000,cancelada,sin par,1,ruido blanco (Q): p mínimo = 0.0008,0,0,0,1,1,1
AR(1) .5 + cambio de varianza,1,16,0,1,SF,raíz,—,∇^1 θ̂-0.3231 LR32.471,genuina,—,,—,1,ruido blanco (Q): p mínimo = 0.0004; normalidad (JB): 26.931,0,0,1,1,1,1
AR(1) .5 + cambio de varianza,1,16,1,1,SF,estac.,—,∇^2 θ̂+1.0000 LR0.000,cancela,θ̂-0.3231 LR32.471,genuina,coinciden,1,"normalidad (JB): 11.929, p = 0.0026",0,0,1,1,1,1
AR(1) .5 + cambio de varianza,1,16,2,1,—,,—,∇^3 θ̂+1.0000 LR0.000,cancela,θ̂+1.0000 LR0.000,cancelada,sin par,1,ruido blanco (Q): p mínimo = 0.0000; normalidad (JB): 18.621,0,0,0,1,1,1
AR(1) .5 + cambio de varianza,1,17,0,1,SF,raíz,—,∇^1 θ̂+0.0184 LR41.970,genuina,—,,coinciden,1,ruido blanco (Q): p mínimo = 0.0000; normalidad (JB): 33.228,0,0,0,1,1,1
AR(1) .5 + cambio de varianza,1,17,1,1,SF,estac.,—,∇^2 θ̂+1.0000 LR0.000,cancela,θ̂+0.0184 LR41.970,genuina,coinciden,1,"ruido blanco (Q): p mínimo = 0.0055; normalidad (JB): 9.982,",0,0,0,1,1,1
AR(1) .5 + cambio de varianza,1,17,2,1,—,,—,∇^3 θ̂+1.0000 LR0.000,cancela,θ̂+1.0000 LR-0.000,cancelada,sin par,1,ruido blanco (Q): p mínimo = 0.0033; normalidad (JB): 26.127,0,0,0,1,1,1
AR(1) .5 + cambio de varianza,1,18,0,1,SF,raíz,—,∇^1 θ̂+0.0808 LR64.368,genuina,—,,coinciden,1,ruido blanco (Q): p mínimo = 0.0000; normalidad (JB): 14.228,0,0,0,1,1,1
AR(1) .5 + cambio de varianza,1,18,1,1,SF,estac.,—,∇^2 θ̂+1.0000 LR0.000,cancela,θ̂+0.0808 LR64.368,genuina,coinciden,1,ruido blanco (Q): p mínimo = 0.0288; normalidad (JB): 11.614,0,0,0,1,1,1
AR(1) .5 + cambio de varianza,1,18,2,1,—,,—,∇^3 θ̂+1.0000 LR-0.000,cancela,θ̂+1.0000 LR-0.000,cancelada,sin par,1,ruido blanco (Q): p mínimo = 0.0010; normalidad (JB): 14.965,0,0,0,1,1,1
AR(1) .5 + cambio de varianza,1,19,0,1,SF,raíz,—,∇^1 θ̂-0.0947 LR78.194,genuina,—,,—,1,ruido blanco (Q): p mínimo = 0.0000; normalidad (JB): 42.298,0,0,1,0,1,1
AR(1) .5 + cambio de varianza,1,19,1,1,SF,estac.,—,∇^2 θ̂+0.9890 LR0.092,cancela,θ̂-0.0947 LR78.194,genuina,coinciden,1,ruido blanco (Q): p mínimo = 0.0024; normalidad (JB): 11.683,0,0,1,0,1,1
AR(1) .5 + cambio de varianza,1,19,2,1,—,,—,∇^3 θ̂+1.0000 LR-0.000,cancela,θ̂+0.9890 LR0.092,cancelada,sin par,1,ruido blanco (Q): p mínimo = 0.0000,0,0,0,0,1,1
AR(1) .5 + cambio de varianza,1,20,0,1,SF,raíz,—,∇^1 θ̂+0.0703 LR61.285,genuina,—,,coinciden,1,ruido blanco (Q): p mínimo = 0.0000,0,0,0,1,1,1
AR(1) .5 + cambio de varianza,1,20,1,1,SF,estac.,—,∇^2 θ̂+1.0000 LR-0.000,cancela,θ̂+0.0703 LR61.285,genuina,coinciden,1,"ruido blanco (Q): p mínimo = 0.0004; normalidad (JB): 7.529,",0,0,0,1,1,1
AR(1) .5 + cambio de varianza,1,20,2,1,—,,—,∇^3 θ̂+1.0000 LR-0.000,cancela,θ̂+1.0000 LR-0.000,cancelada,sin par,1,ruido blanco (Q): p mínimo = 0.0000,0,0,0,1,1,1
AR(1) .5 + cambio de varianza,1,21,0,1,SF,raíz,—,∇^1 θ̂-0.0626 LR122.615,genuina,—,,—,1,ruido blanco (Q): p mínimo = 0.0000; normalidad (JB): 14.391,0,0,1,1,1,0
AR(1) .5 + cambio de varianza,1,21,1,1,SF,estac.,—,∇^2 θ̂+1.0000 LR0.000,cancela,θ̂-0.0626 LR122.615,genuina,coinciden,1,"normalidad (JB): 53.757, p = 0.0000",0,0,1,1,1,0
AR(1) .5 + cambio de varianza,1,21,2,1,—,,—,∇^3 θ̂+1.0000 LR0.000,cancela,θ̂+1.0000 LR-0.000,cancelada,sin par,1,"normalidad (JB): 42.864, p = 0.0000",0,0,0,1,1,0
AR(1) .5 + cambio de varianza,1,22,0,1,SF,raíz,—,∇^1 θ̂-0.0185 LR67.270,genuina,—,,—,1,ruido blanco (Q): p mínimo = 0.0000; media residual distinta,0,0,1,1,1,1
AR(1) .5 + cambio de varianza,1,22,1,1,SF,estac.,—,∇^2 θ̂+1.0000 LR-0.000,cancela,θ̂-0.0185 LR67.270,genuina,coinciden,1,"normalidad (JB): 7.812, p = 0.0201",0,0,1,1,1,1
AR(1) .5 + cambio de varianza,1,22,2,1,—,,—,∇^3 θ̂+1.0000 LR-0.000,cancela,θ̂+1.0000 LR-0.000,cancelada,sin par,1,ruido blanco (Q): p mínimo = 0.0079; normalidad (JB): 16.882,0,0,0,1,1,1
AR(1) .5 + cambio de varianza,1,23,0,1,SF,raíz,—,∇^1 θ̂-0.2659 LR79.125,genuina,—,,—,1,ruido blanco (Q): p mínimo = 0.0000; normalidad (JB): 25.829,0,0,1,1,1,1
AR(1) .5 + cambio de varianza,1,23,1,1,SF,estac.,—,∇^2 θ̂+1.0000 LR0.000,cancela,θ̂-0.2659 LR79.125,genuina,coinciden,1,"normalidad (JB): 50.030, p = 0.0000",0,0,1,1,1,1
AR(1) .5 + cambio de varianza,1,23,2,1,—,,—,∇^3 θ̂+1.0000 LR0.000,cancela,θ̂+1.0000 LR-0.000,cancelada,sin par,1,ruido blanco (Q): p mínimo = 0.0019; normalidad (JB): 12.304,0,0,0,1,1,1
AR(1) .5 + cambio de varianza,1,24,0,1,SF,raíz,—,∇^1 θ̂-0.1034 LR57.643,genuina,—,,—,1,ruido blanco (Q): p mínimo = 0.0000; normalidad (JB): 14.592,0,0,1,1,1,1
AR(1) .5 + cambio de varianza,1,24,1,1,SF,estac.,—,∇^2 θ̂+1.0000 LR-0.000,cancela,θ̂-0.1034 LR57.643,genuina,coinciden,1,"normalidad (JB): 22.407, p = 0.0000",0,0,1,1,1,1
AR(1) .5 + cambio de varianza,1,24,2,1,—,,—,∇^3 θ̂+1.0000 LR0.000,cancela,θ̂+1.0000 LR0.000,cancelada,sin par,1,ruido blanco (Q): p mínimo = 0.0001; normalidad (JB): 13.481,0,0,0,1,1,1
AR(1) .5 + cambio de varianza,1,25,0,1,SF,raíz,—,∇^1 θ̂-0.1862 LR73.842,genuina,—,,—,1,ruido blanco (Q): p mínimo = 0.0000; normalidad (JB): 79.028,0,0,1,1,1,1
AR(1) .5 + cambio de varianza,1,25,1,1,SF,estac.,—,∇^2 θ̂+1.0000 LR-0.000,cancela,θ̂-0.1862 LR73.842,genuina,coinciden,1,ruido blanco (Q): p mínimo = 0.0001; normalidad (JB): 94.705,0,0,1,1,1,1
AR(1) .5 + cambio de varianza,1,25,2,1,—,,—,∇^3 θ̂+1.0000 LR0.000,cancela,θ̂+1.0000 LR-0.000,cancelada,sin par,1,ruido blanco (Q): p mínimo = 0.0000; normalidad (JB): 56.997,0,0,0,1,1,1
AR(1) .5 + cambio de varianza,1,26,0,1,SF,raíz,—,∇^1 θ̂-0.2114 LR35.578,genuina,—,,—,1,ruido blanco (Q): p mínimo = 0.0000; normalidad (JB): 25.381,0,0,1,1,1,1
AR(1) .5 + cambio de varianza,1,26,1,1,SF,estac.,—,∇^2 θ̂+0.9861 LR0.425,cancela,θ̂-0.2114 LR35.578,genuina,coinciden,1,ruido blanco (Q): p mínimo = 0.0183; normalidad (JB): 37.088,0,0,1,1,1,1
AR(1) .5 + cambio de varianza,1,26,2,1,—,,—,∇^3 θ̂+1.0000 LR0.000,cancela,θ̂+0.9861 LR0.425,cancelada,sin par,1,ruido blanco (Q): p mínimo = 0.0011,0,0,0,1,1,1
AR(1) .5 + cambio de varianza,1,27,0,1,SF,raíz,—,∇^1 θ̂+0.0454 LR32.810,genuina,—,,coinciden,1,ruido blanco (Q): p mínimo = 0.0000,0,0,0,1,1,1
AR(1) .5 + cambio de varianza,1,27,1,1,SF,estac.,—,∇^2 θ̂+1.0000 LR-0.000,cancela,θ̂+0.0454 LR32.810,genuina,coinciden,1,"normalidad (JB): 7.029, p = 0.0298",0,0,0,1,1,1
AR(1) .5 + cambio de varianza,1,27,2,1,—,,—,∇^3 θ̂+1.0000 LR-0.000,cancela,θ̂+1.0000 LR0.000,cancelada,sin par,1,ruido blanco (Q): p mínimo = 0.0002,0,0,0,1,1,1
AR(1) .5 + cambio de varianza,1,28,0,1,SF,raíz,—,∇^1 θ̂+0.9811 LR6.039,genuina,—,,coinciden,1,"ruido blanco (Q): p mínimo = 0.0000; normalidad (JB): 8.607,",0,0,0,1,1,1
AR(1) .5 + cambio de varianza,1,28,1,1,SF,estac.,—,∇^2 θ̂+0.9917 LR0.060,cancela,θ̂-0.3651 LR22.239,genuina,coinciden,1,ruido blanco (Q): p mínimo = 0.0034; media residual distinta,0,0,1,1,1,1
AR(1) .5 + cambio de varianza,1,28,2,1,—,,—,∇^3 θ̂+1.0000 LR-0.000,cancela,θ̂+0.9917 LR0.060,cancelada,sin par,1,ruido blanco (Q): p mínimo = 0.0000; normalidad (JB): 14.082,0,0,0,1,1,1
AR(1) .5 + cambio de varianza,1,29,0,1,SF,raíz,—,∇^1 θ̂+0.0361 LR39.848,genuina,—,,coinciden,1,ruido blanco (Q): p mínimo = 0.0000; normalidad (JB): 13.221,0,0,0,1,2,1
AR(1) .5 + cambio de varianza,1,29,1,1,SF,estac.,—,∇^2 θ̂+0.9715 LR1.469,cancela,θ̂+0.0361 LR39.848,genuina,coinciden,1,"normalidad (JB): 20.841, p = 0.0000",0,0,0,1,2,1
AR(1) .5 + cambio de varianza,1,29,2,1,—,,—,∇^3 θ̂+1.0000 LR-0.000,cancela,θ̂+0.9715 LR1.469,cancelada,sin par,1,"ruido blanco (Q): p mínimo = 0.0009; normalidad (JB): 7.767,",0,0,0,1,2,1
AR(1) .5 + cambio de varianza,1,30,0,1,SF,raíz,—,∇^1 θ̂-0.2959 LR9.692,genuina,—,,—,1,ruido blanco (Q): p mínimo = 0.0248; normalidad (JB): 12.761,0,0,1,1,0,1
AR(1) .5 + cambio de varianza,1,30,1,1,SF,estac.,—,∇^2 θ̂+1.0000 LR0.000,cancela,θ̂-0.2959 LR9.692,genuina,coinciden,1,"normalidad (JB): 15.573, p = 0.0004",0,0,1,1,0,1
AR(1) .5 + cambio de varianza,1,30,2,1,—,,—,∇^3 θ̂+1.0000 LR-0.000,cancela,θ̂+1.0000 LR-0.000,cancelada,sin par,1,ruido blanco (Q): p mínimo = 0.0000; normalidad (JB): 27.520,0,0,0,1,0,1
AR(1) .5 + cambio de varianza,1,31,0,1,SF,raíz,—,∇^1 θ̂+0.0474 LR95.032,genuina,—,,coinciden,1,ruido blanco (Q): p mínimo = 0.0000; normalidad (JB): 11.811,0,0,0,1,1,1
AR(1) .5 + cambio de varianza,1,31,1,1,SF,estac.,—,∇^2 θ̂+1.0000 LR0.000,cancela,θ̂+0.0474 LR95.032,genuina,coinciden,1,"normalidad (JB): 8.784, p = 0.0124",0,0,0,1,1,1
AR(1) .5 + cambio de varianza,1,31,2,1,—,,—,∇^3 θ̂+1.0000 LR-0.000,cancela,θ̂+1.0000 LR0.000,cancelada,sin par,0,,1,0,0,1,1,1
AR(1) .5 + cambio de varianza,1,32,0,1,SF,raíz,—,∇^1 θ̂-0.1437 LR64.598,genuina,—,,—,1,ruido blanco (Q): p mínimo = 0.0000,0,0,1,1,0,1
AR(1) .5 + cambio de varianza,1,32,1,1,SF,estac.,—,∇^2 θ̂+0.9858 LR0.154,cancela,θ̂-0.1437 LR64.598,genuina,coinciden,1,"normalidad (JB): 13.494, p = 0.0012",0,0,1,1,0,1
AR(1) .5 + cambio de varianza,1,32,2,1,—,,—,∇^3 θ̂+1.0000 LR0.000,cancela,θ̂+0.9858 LR0.154,cancelada,sin par,1,"normalidad (JB): 9.737, p = 0.0077",0,0,0,1,0,1
AR(1) .5 + cambio de varianza,1,33,0,1,SF,raíz,—,∇^1 θ̂+0.2204 LR48.874,genuina,—,,coinciden,1,ruido blanco (Q): p mínimo = 0.0000; normalidad (JB): 18.454,0,0,0,1,1,1
AR(1) .5 + cambio de varianza,1,33,1,1,SF,estac.,—,∇^2 θ̂+0.9308 LR1.070,cancela,θ̂+0.2204 LR48.874,genuina,coinciden,1,ruido blanco (Q): p mínimo = 0.0021; normalidad (JB): 12.274,0,0,0,1,1,1
AR(1) .5 + cambio de varianza,1,33,2,1,—,,—,∇^3 θ̂+1.0000 LR-0.000,cancela,θ̂+0.9308 LR1.070,cancelada,sin par,1,ruido blanco (Q): p mínimo = 0.0000; normalidad (JB): 47.565,0,0,0,1,1,1
AR(1) .5 + cambio de varianza,1,34,0,1,SF,raíz,—,∇^1 θ̂-0.1112 LR48.086,genuina,—,,—,1,ruido blanco (Q): p mínimo = 0.0000; normalidad (JB): 28.180,0,0,1,1,1,1
AR(1) .5 + cambio de varianza,1,34,1,1,SF,estac.,—,∇^2 θ̂+0.9787 LR0.348,cancela,θ̂-0.1112 LR48.086,genuina,coinciden,1,ruido blanco (Q): p mínimo = 0.0418; normalidad (JB): 34.166,0,0,1,1,1,1
AR(1) .5 + cambio de varianza,1,34,2,1,—,,—,∇^3 θ̂+1.0000 LR0.000,cancela,θ̂+0.9787 LR0.348,cancelada,sin par,1,ruido blanco (Q): p mínimo = 0.0000; normalidad (JB): 15.789,0,0,0,1,1,1
AR(1) .5 + cambio de varianza,1,35,0,1,SF,raíz,—,∇^1 θ̂-0.0731 LR62.655,genuina,—,,—,1,ruido blanco (Q): p mínimo = 0.0000; normalidad (JB): 30.317,0,0,1,1,1,1
AR(1) .5 + cambio de varianza,1,35,1,1,SF,estac.,—,∇^2 θ̂+1.0000 LR0.000,cancela,θ̂-0.0731 LR62.655,genuina,coinciden,1,ruido blanco (Q): p mínimo = 0.0001; normalidad (JB): 40.788,0,0,1,1,1,1
AR(1) .5 + cambio de varianza,1,35,2,1,—,,—,∇^3 θ̂+1.0000 LR0.000,cancela,θ̂+1.0000 LR0.000,cancelada,sin par,1,ruido blanco (Q): p mínimo = 0.0000; normalidad (JB): 28.571,0,0,0,1,1,1
AR(1) .5 + cambio de varianza,1,36,0,1,SF,raíz,—,∇^1 θ̂-0.3511 LR43.873,genuina,—,,—,1,ruido blanco (Q): p mínimo = 0.0000; normalidad (JB): 31.723,0,0,1,0,1,1
AR(1) .5 + cambio de varianza,1,36,1,1,SF,estac.,—,∇^2 θ̂+0.9894 LR0.066,cancela,θ̂-0.3511 LR43.873,genuina,coinciden,1,"normalidad (JB): 7.576, p = 0.0226",0,0,1,0,1,1
AR(1) .5 + cambio de varianza,1,36,2,1,—,,—,∇^3 θ̂+1.0000 LR0.000,cancela,θ̂+0.9894 LR0.066,cancelada,sin par,1,"normalidad (JB): 18.394, p = 0.0001",0,0,0,0,1,1
AR(1) .5 + cambio de varianza,1,37,0,1,SF,raíz,—,∇^1 θ̂+0.1595 LR40.237,genuina,—,,coinciden,1,ruido blanco (Q): p mínimo = 0.0000; normalidad (JB): 51.524,0,0,0,1,2,1
AR(1) .5 + cambio de varianza,1,37,1,1,SF,estac.,—,∇^2 θ̂+0.9805 LR1.012,cancela,θ̂+0.1595 LR40.237,genuina,coinciden,1,ruido blanco (Q): p mínimo = 0.0000; normalidad (JB): 46.971,0,0,0,1,2,1
AR(1) .5 + cambio de varianza,1,37,2,1,—,,—,∇^3 θ̂+1.0000 LR0.000,cancela,θ̂+0.9805 LR1.012,cancelada,sin par,1,ruido blanco (Q): p mínimo = 0.0001; normalidad (JB): 22.292,0,0,0,1,2,1
AR(1) .5 + cambio de varianza,1,39,0,1,SF,raíz,—,∇^1 θ̂+0.0054 LR113.462,genuina,—,,coinciden,1,ruido blanco (Q): p mínimo = 0.0000; normalidad (JB): 19.269,0,0,0,1,1,1
AR(1) .5 + cambio de varianza,1,39,1,1,SF,estac.,—,∇^2 θ̂+1.0000 LR0.000,cancela,θ̂+0.0054 LR113.462,genuina,coinciden,1,"normalidad (JB): 14.204, p = 0.0008",0,0,0,1,1,1
AR(1) .5 + cambio de varianza,1,39,2,1,—,,—,∇^3 θ̂+1.0000 LR0.000,cancela,θ̂+1.0000 LR-0.000,cancelada,sin par,1,"normalidad (JB): 44.158, p = 0.0000",0,0,0,1,1,1
AR(1) .5 + cambio de varianza,1,38,0,1,SF,raíz,—,∇^1 θ̂-0.1921 LR34.267,genuina,—,,—,1,ruido blanco (Q): p mínimo = 0.0000; normalidad (JB): 35.009,0,0,1,1,1,1
AR(1) .5 + cambio de varianza,1,38,1,1,SF,estac.,—,∇^2 θ̂+1.0000 LR-0.000,cancela,θ̂-0.1921 LR34.267,genuina,coinciden,1,ruido blanco (Q): p mínimo = 0.0077; normalidad (JB): 23.785,0,0,1,1,1,1
AR(1) .5 + cambio de varianza,1,38,2,1,—,,—,∇^3 θ̂+1.0000 LR0.000,cancela,θ̂+1.0000 LR-0.000,cancelada,sin par,1,"ruido blanco (Q): p mínimo = 0.0000; normalidad (JB): 9.714,",0,0,0,1,1,1
AR(1) .5 + cambio de varianza,1,40,0,1,SF,raíz,—,∇^1 θ̂-0.1775 LR94.097,genuina,—,,—,1,ruido blanco (Q): p mínimo = 0.0000; normalidad (JB): 77.290,0,0,1,0,1,0
AR(1) .5 + cambio de varianza,1,40,1,1,SF,estac.,—,∇^2 θ̂+1.0000 LR-0.000,cancela,θ̂-0.1775 LR94.097,genuina,coinciden,1,"normalidad (JB): 74.352, p = 0.0000",0,0,1,0,1,0
AR(1) .5 + cambio de varianza,1,40,2,1,—,,—,∇^3 θ̂+1.0000 LR0.000,cancela,θ̂+1.0000 LR-0.000,cancelada,sin par,1,ruido blanco (Q): p mínimo = 0.0001; normalidad (JB): 17.575,0,0,0,0,1,0
AR(1) .5 + cambio de varianza,1,41,0,1,SF,raíz,—,∇^1 θ̂+0.0681 LR40.774,genuina,—,,coinciden,1,ruido blanco (Q): p mínimo = 0.0000,0,0,0,1,1,1
AR(1) .5 + cambio de varianza,1,41,1,1,SF,estac.,—,∇^2 θ̂+1.0000 LR-0.000,cancela,θ̂+0.0681 LR40.774,genuina,coinciden,1,ruido blanco (Q): p mínimo = 0.0018; normalidad (JB): 16.512,0,0,0,1,1,1
AR(1) .5 + cambio de varianza,1,41,2,1,—,,—,∇^3 θ̂+1.0000 LR-0.000,cancela,θ̂+1.0000 LR-0.000,cancelada,sin par,1,ruido blanco (Q): p mínimo = 0.0000; normalidad (JB): 38.870,0,0,0,1,1,1
AR(1) .5 + cambio de varianza,1,42,0,1,SF,raíz,—,∇^1 θ̂+0.0885 LR39.009,genuina,—,,coinciden,1,ruido blanco (Q): p mínimo = 0.0000; estacionalidad en los r,0,0,0,1,1,1
AR(1) .5 + cambio de varianza,1,42,1,1,SF,estac.,—,∇^2 θ̂+1.0000 LR-0.000,cancela,θ̂+0.0885 LR39.009,genuina,coinciden,0,,1,0,0,1,1,1
AR(1) .5 + cambio de varianza,1,42,2,1,—,,—,∇^3 θ̂+1.0000 LR0.000,cancela,θ̂+1.0000 LR-0.000,cancelada,sin par,1,ruido blanco (Q): p mínimo = 0.0021; normalidad (JB): 12.559,0,0,0,1,1,1
AR(1) .5 + cambio de varianza,1,43,0,1,SF,raíz,—,∇^1 θ̂+0.0860 LR60.800,genuina,—,,coinciden,1,ruido blanco (Q): p mínimo = 0.0000; normalidad (JB): 22.296,0,0,0,1,1,1
AR(1) .5 + cambio de varianza,1,43,1,1,SF,estac.,—,∇^2 θ̂+0.9561 LR-0.063,cancela,θ̂+0.0860 LR60.800,genuina,coinciden,1,"normalidad (JB): 36.981, p = 0.0000",0,1,0,1,1,1
AR(1) .5 + cambio de varianza,1,43,2,1,—,,—,∇^3 θ̂+1.0000 LR0.000,cancela,θ̂+0.9561 LR-0.063,cancelada,sin par,1,ruido blanco (Q): p mínimo = 0.0000; normalidad (JB): 42.900,0,1,0,1,1,1
AR(1) .5 + cambio de varianza,1,44,0,1,SF,raíz,—,∇^1 θ̂-0.0656 LR60.827,genuina,—,,—,1,ruido blanco (Q): p mínimo = 0.0000; normalidad (JB): 14.965,0,0,1,1,1,1
AR(1) .5 + cambio de varianza,1,44,1,1,SF,estac.,—,∇^2 θ̂+1.0000 LR-0.000,cancela,θ̂-0.0656 LR60.827,genuina,coinciden,1,"normalidad (JB): 6.571, p = 0.0374",0,0,1,1,1,1
AR(1) .5 + cambio de varianza,1,44,2,1,—,,—,∇^3 θ̂+1.0000 LR0.000,cancela,θ̂+1.0000 LR0.000,cancelada,sin par,1,ruido blanco (Q): p mínimo = 0.0051; normalidad (JB): 11.046,0,0,0,1,1,1
AR(1) .5 + cambio de varianza,1,45,0,1,SF,raíz,—,∇^1 θ̂-0.0001 LR76.971,genuina,—,,—,1,ruido blanco (Q): p mínimo = 0.0000; normalidad (JB): 45.399,0,0,1,1,1,1
AR(1) .5 + cambio de varianza,1,45,1,1,SF,estac.,—,∇^2 θ̂+1.0000 LR-0.000,cancela,θ̂+0.0126 LR76.980,genuina,coinciden,1,ruido blanco (Q): p mínimo = 0.0404; normalidad (JB): 46.778,0,0,0,1,1,1
AR(1) .5 + cambio de varianza,1,45,2,1,—,,—,∇^3 θ̂+1.0000 LR-0.000,cancela,θ̂+1.0000 LR-0.000,cancelada,sin par,1,ruido blanco (Q): p mínimo = 0.0000; normalidad (JB): 18.636,0,0,0,1,1,1
AR(1) .5 + cambio de varianza,1,46,0,1,SF,raíz,—,∇^1 θ̂-0.0514 LR46.806,genuina,—,,—,1,ruido blanco (Q): p mínimo = 0.0000; normalidad (JB): 18.312,0,0,1,0,0,1
AR(1) .5 + cambio de varianza,1,46,1,1,SF,estac.,—,∇^2 θ̂+1.0000 LR0.000,cancela,θ̂-0.0514 LR46.806,genuina,coinciden,1,"normalidad (JB): 19.572, p = 0.0001",0,0,1,0,0,1
AR(1) .5 + cambio de varianza,1,46,2,1,—,,—,∇^3 θ̂+1.0000 LR0.000,cancela,θ̂+1.0000 LR0.000,cancelada,sin par,1,ruido blanco (Q): p mínimo = 0.0001; normalidad (JB): 15.182,0,0,0,0,0,1
AR(1) .5 + cambio de varianza,1,47,0,1,SF,raíz,—,∇^1 θ̂+0.1332 LR61.541,genuina,—,,coinciden,1,ruido blanco (Q): p mínimo = 0.0000; normalidad (JB): 68.121,0,0,0,1,1,1
AR(1) .5 + cambio de varianza,1,47,1,1,SF,estac.,—,∇^2 θ̂+1.0000 LR-0.000,cancela,θ̂+0.1332 LR61.541,genuina,coinciden,1,"normalidad (JB): 20.506, p = 0.0000; media residual distinta",0,0,0,1,1,1
AR(1) .5 + cambio de varianza,1,47,2,1,—,,—,∇^3 θ̂+1.0000 LR0.000,cancela,θ̂+1.0000 LR-0.000,cancelada,sin par,1,ruido blanco (Q): p mínimo = 0.0001,0,0,0,1,1,1
AR(1) .5 + cambio de varianza,1,48,0,1,SF,raíz,—,∇^1 θ̂+0.2224 LR60.267,genuina,—,,coinciden,1,ruido blanco (Q): p mínimo = 0.0000; normalidad (JB): 11.359,0,0,0,1,2,1
AR(1) .5 + cambio de varianza,1,48,1,1,SF,estac.,—,∇^2 θ̂+0.9779 LR1.148,cancela,θ̂+0.2224 LR60.267,genuina,coinciden,1,ruido blanco (Q): p mínimo = 0.0143; normalidad (JB): 11.805,0,0,0,1,2,1
AR(1) .5 + cambio de varianza,1,48,2,1,—,,—,∇^3 θ̂+1.0000 LR-0.000,cancela,θ̂+0.9779 LR1.148,cancelada,sin par,1,ruido blanco (Q): p mínimo = 0.0005; normalidad (JB): 19.944,0,0,0,1,2,1
AR(1) .5 + cambio de varianza,1,49,0,1,SF,raíz,—,∇^1 θ̂+0.0043 LR68.230,genuina,—,,coinciden,1,ruido blanco (Q): p mínimo = 0.0000; normalidad (JB): 37.280,0,0,0,1,0,1
AR(1) .5 + cambio de varianza,1,49,1,1,SF,estac.,—,∇^2 θ̂+1.0000 LR-0.000,cancela,θ̂+0.0043 LR68.230,genuina,coinciden,1,"ruido blanco (Q): p mínimo = 0.0002; normalidad (JB): 6.016,",0,0,0,1,0,1
AR(1) .5 + cambio de varianza,1,49,2,1,—,,—,∇^3 θ̂+1.0000 LR0.000,cancela,θ̂+1.0000 LR-0.000,cancelada,sin par,1,ruido blanco (Q): p mínimo = 0.0000; normalidad (JB): 15.648,0,0,0,1,0,1
AR(4) Salamanca,1,0,0,1,SF,raíz,—,∇^1 θ̂+0.9312 LR2.626,genuina,—,,coinciden,1,ruido blanco (Q): p mínimo = 0.0092,0,0,0,1,1,0
AR(4) Salamanca,1,0,1,1,SF,estac.,—,∇^2 θ̂+1.0000 LR0.000,cancela,θ̂+0.9312 LR-inf,cancelada,coinciden,1,ruido blanco (Q): p mínimo = 0.0211,0,1,0,1,1,0
AR(4) Salamanca,1,0,2,1,SF,estac.,—,∇^3 θ̂+1.0000 LR-0.000,cancela,θ̂-0.9851 LR-10.517,cancelada,coinciden,1,ruido blanco (Q): p mínimo = 0.0222,0,1,1,1,1,0
AR(4) Salamanca,1,1,0,1,SF,raíz,—,∇^1 θ̂+1.0000 LR-0.000,cancela,—,,discrepan,0,,0,0,0,1,1,1
AR(4) Salamanca,1,1,1,1,SF,estac.,—,∇^2 θ̂+1.0000 LR-0.000,cancela,θ̂-0.1986 LR7.530,genuina,coinciden,0,,1,0,1,1,1,1
AR(4) Salamanca,1,1,2,1,SF,estac.,—,∇^3 θ̂+1.0000 LR-0.000,cancela,θ̂+0.2445 LR-9.366,cancelada,coinciden,0,,1,1,0,1,1,1
AR(4) Salamanca,1,2,0,1,—,,—,∇^1 θ̂+1.0000 LR0.000,cancela,—,,sin par,1,ruido blanco (Q): p mínimo = 0.0015,0,0,0,0,1,1
AR(4) Salamanca,1,2,1,1,SF,estac.,—,∇^2 θ̂+1.0000 LR0.000,cancela,θ̂-0.2614 LR4.353,genuina,coinciden,0,,1,0,1,0,1,1
AR(4) Salamanca,1,2,2,1,SF,estac.,—,∇^3 θ̂+1.0000 LR-0.000,cancela,θ̂+0.4052 LR-4.732,cancelada,coinciden,0,,1,1,0,0,1,1
AR(4) Salamanca,1,3,0,1,SF,raíz,—,∇^1 θ̂+0.7065 LR2.090,genuina,—,,coinciden,1,"normalidad (JB): 22.286, p = 0.0000",0,0,0,1,2,1
AR(4) Salamanca,1,3,1,1,SF,estac.,—,∇^2 θ̂+0.9879 LR0.154,cancela,θ̂+0.7065 LR2.090,genuina,coinciden,1,"normalidad (JB): 19.404, p = 0.0001",0,0,0,1,2,1
AR(4) Salamanca,1,3,2,1,—,,—,∇^3 θ̂+1.0000 LR0.000,cancela,θ̂+0.9879 LR0.154,cancelada,sin par,1,"normalidad (JB): 18.452, p = 0.0001",0,0,0,1,2,1
AR(4) Salamanca,1,4,0,1,SF,raíz,—,∇^1 θ̂-0.6603 LR11.307,genuina,—,,—,0,,0,0,1,1,1,2
AR(4) Salamanca,1,4,1,1,SF,estac.,—,∇^2 θ̂+1.0000 LR0.000,cancela,θ̂-0.6603 LR11.307,genuina,coinciden,0,,1,0,1,1,1,2
AR(4) Salamanca,1,4,2,1,SF,estac.,—,∇^3 θ̂+1.0000 LR0.000,cancela,θ̂+1.0000 LR-0.000,cancelada,coinciden,0,,1,0,0,1,1,2
AR(4) Salamanca,1,5,0,1,SF,raíz,—,∇^1 θ̂+0.2565 LR8.593,genuina,—,,coinciden,0,,0,0,0,1,1,2
AR(4) Salamanca,1,5,1,1,SF,estac.,—,∇^2 θ̂+0.9974 LR0.000,cancela,θ̂+0.2565 LR8.593,genuina,coinciden,0,,1,0,0,1,1,2
AR(4) Salamanca,1,5,2,1,—,,—,∇^3 θ̂+1.0000 LR0.000,cancela,θ̂-0.0001 LR-6.206,cancelada,sin par,0,,1,1,1,1,1,2
AR(4) Salamanca,1,6,0,1,SF,raíz,—,∇^1 θ̂-0.2591 LR18.996,genuina,—,,—,1,ruido blanco (Q): p mínimo = 0.0003,0,0,1,1,2,2
AR(4) Salamanca,1,6,1,1,SF,raíz,—,∇^2 θ̂+0.9995 LR0.000,cancela,θ̂-0.2591 LR18.996,genuina,discrepan,0,,0,0,1,1,2,2
AR(4) Salamanca,1,6,2,1,SF,estac.,—,∇^3 θ̂+1.0000 LR-0.000,cancela,θ̂-0.8826 LR-0.912,cancelada,coinciden,0,,1,1,1,1,2,2
AR(4) Salamanca,1,7,0,1,SF,raíz,—,∇^1 θ̂+0.0536 LR13.769,genuina,—,,coinciden,1,ruido blanco (Q): p mínimo = 0.0002,0,0,0,1,2,1
AR(4) Salamanca,1,7,1,1,SF,estac.,—,∇^2 θ̂+1.0000 LR-0.000,cancela,θ̂+0.0536 LR-inf,cancelada,coinciden,0,,1,1,0,1,2,1
AR(4) Salamanca,1,7,2,1,—,,—,∇^3 θ̂+1.0000 LR0.000,cancela,θ̂-0.6059 LR-3.793,cancelada,sin par,0,,1,1,1,1,2,1
AR(4) Salamanca,1,8,0,1,SF,raíz,—,∇^1 θ̂+0.4813 LR11.920,genuina,—,,coinciden,0,,0,0,0,2,2,2
AR(4) Salamanca,1,8,1,1,SF,raíz,—,∇^2 θ̂+0.5620 LR1.254,cancela,θ̂+0.4813 LR11.920,genuina,discrepan,0,,0,0,0,2,2,2
AR(4) Salamanca,1,8,2,1,—,,—,∇^3 θ̂+1.0000 LR-0.000,cancela,θ̂-0.0001 LR-1.016,cancelada,sin par,0,,1,1,1,2,2,2
AR(4) Salamanca,1,9,0,1,SF,raíz,—,∇^1 θ̂-0.1813 LR11.639,genuina,—,,—,0,,0,0,1,1,1,1
AR(4) Salamanca,1,9,1,1,SF,estac.,—,∇^2 θ̂+1.0000 LR-0.000,cancela,θ̂-0.1813 LR-inf,cancelada,coinciden,0,,1,1,1,1,1,1
AR(4) Salamanca,1,9,2,1,SF,estac.,—,∇^3 θ̂+1.0000 LR-0.000,cancela,θ̂+0.0898 LR-5.571,cancelada,coinciden,0,,1,1,0,1,1,1
AR(4) Salamanca,1,10,0,1,SF,raíz,—,∇^1 θ̂+0.0483 LR13.000,genuina,—,,coinciden,1,ruido blanco (Q): p mínimo = 0.0007,0,0,0,1,2,2
AR(4) Salamanca,1,10,1,1,SF,estac.,—,∇^2 θ̂+0.9482 LR0.368,cancela,θ̂+0.0483 LR13.000,genuina,coinciden,0,,1,0,0,1,2,2
AR(4) Salamanca,1,10,2,1,—,,—,∇^3 θ̂+1.0000 LR0.000,cancela,θ̂-0.6773 LR-0.934,cancelada,sin par,1,ruido blanco (Q): p mínimo = 0.0253,0,1,1,1,2,2
AR(4) Salamanca,1,11,0,1,SF,raíz,—,∇^1 θ̂+1.0000 LR0.000,cancela,—,,discrepan,1,ruido blanco (Q): p mínimo = 0.0033,0,0,0,1,1,1
AR(4) Salamanca,1,11,1,1,SF,estac.,—,∇^2 θ̂+1.0000 LR0.000,cancela,θ̂-0.3943 LR6.713,genuina,coinciden,1,ruido blanco (Q): p mínimo = 0.0028,0,0,1,1,1,1
AR(4) Salamanca,1,11,2,1,—,,—,∇^3 θ̂+1.0000 LR-0.000,cancela,θ̂+1.0000 LR-0.000,cancelada,sin par,1,ruido blanco (Q): p mínimo = 0.0008,0,0,0,1,1,1
AR(4) Salamanca,1,12,0,1,—,,—,∇^1 θ̂-0.0084 LR3.050,,—,,sin par,0,,0,0,1,1,1,2
AR(4) Salamanca,1,12,1,1,SF,estac.,—,∇^2 θ̂+1.0000 LR-0.000,cancela,θ̂-0.0084 LR3.050,genuina,coinciden,0,,1,0,1,1,1,2
AR(4) Salamanca,1,12,2,1,—,,—,∇^3 θ̂+1.0000 LR-0.000,cancela,θ̂+1.0000 LR-0.000,cancelada,sin par,0,,1,0,0,1,1,2
AR(4) Salamanca,1,13,0,1,SF,raíz,—,∇^1 θ̂+0.9554 LR8.309,genuina,—,,coinciden,1,media residual distinta de cero: t = -2.27,0,0,0,1,2,1
AR(4) Salamanca,1,13,1,1,SF,estac.,—,∇^2 θ̂+0.9644 LR4.705,genuina,θ̂+0.0257 LR13.289,genuina,discrepan,0,,0,0,0,1,2,1
AR(4) Salamanca,1,13,2,1,—,,—,∇^3 θ̂+1.0000 LR0.000,cancela,θ̂+0.9644 LR4.705,genuina,sin par,0,,1,0,0,1,2,1
AR(4) Salamanca,1,14,0,1,SF,raíz,—,∇^1 θ̂+0.5701 LR3.624,genuina,—,,coinciden,0,,0,0,0,1,2,1
AR(4) Salamanca,1,14,1,1,SF,estac.,—,∇^2 θ̂+0.9810 LR0.703,cancela,θ̂+0.5701 LR-inf,cancelada,coinciden,0,,1,1,0,1,2,1
AR(4) Salamanca,1,14,2,1,—,,—,∇^3 θ̂+1.0000 LR0.000,cancela,θ̂+0.9810 LR0.703,cancelada,sin par,0,,1,0,0,1,2,1
AR(4) Salamanca,1,15,0,1,SF,raíz,—,∇^1 θ̂+0.3624 LR11.545,genuina,—,,coinciden,1,ruido blanco (Q): p mínimo = 0.0001,0,0,0,1,2,2
AR(4) Salamanca,1,15,1,1,SF,estac.,—,∇^2 θ̂+0.5343 LR-2.315,cancela,θ̂+0.3624 LR11.545,genuina,coinciden,0,,1,1,0,1,2,2
AR(4) Salamanca,1,15,2,1,SFsob,estac.,—,∇^3 θ̂+1.0000 LR0.000,cancela,θ̂-0.7040 LR4.175,genuina,sin par,0,,1,0,1,1,2,2
AR(4) Salamanca,1,16,0,1,SF,raíz,—,∇^1 θ̂+0.4123 LR9.472,genuina,—,,coinciden,1,estacionalidad en los residuos (p = 0.0462),0,0,0,1,1,1
AR(4) Salamanca,1,16,1,1,SF,estac.,—,∇^2 θ̂+1.0000 LR0.000,cancela,θ̂+0.4123 LR9.473,genuina,coinciden,0,,1,0,0,1,1,1
AR(4) Salamanca,1,16,2,1,—,,—,∇^3 θ̂+1.0000 LR-0.000,cancela,θ̂+1.0000 LR0.000,cancelada,sin par,0,,1,0,0,1,1,1
AR(4) Salamanca,1,17,0,1,SF,raíz,—,∇^1 θ̂+0.8403 LR2.553,genuina,—,,coinciden,0,,0,0,0,1,2,2
AR(4) Salamanca,1,17,1,1,SF,estac.,—,∇^2 θ̂+0.9413 LR-0.239,cancela,θ̂+0.8403 LR2.553,genuina,coinciden,0,,1,1,0,1,2,2
AR(4) Salamanca,1,17,2,1,—,,—,∇^3 θ̂+1.0000 LR0.000,cancela,θ̂+1.0000 LR-0.000,cancelada,sin par,0,,1,0,0,1,2,2
AR(4) Salamanca,1,18,0,1,SF,raíz,—,∇^1 θ̂-0.3309 LR-inf,cancela,—,,—,0,,0,1,1,1,1,1
AR(4) Salamanca,1,18,1,1,SF,estac.,—,∇^2 θ̂+1.0000 LR-0.000,cancela,θ̂-0.3309 LR36.524,genuina,coinciden,0,,1,0,1,1,1,1
AR(4) Salamanca,1,18,2,1,—,,—,∇^3 θ̂+1.0000 LR0.000,cancela,θ̂+1.0000 LR0.000,cancelada,sin par,0,,1,0,0,1,1,1
AR(4) Salamanca,1,19,0,1,SF,raíz,—,∇^1 θ̂+0.4697 LR2.577,genuina,—,,coinciden,0,,0,0,0,1,2,2
AR(4) Salamanca,1,19,1,1,SF,estac.,—,∇^2 θ̂+0.9222 LR1.476,cancela,θ̂+0.4697 LR2.577,genuina,coinciden,0,,1,0,0,1,2,2
AR(4) Salamanca,1,19,2,1,—,,—,∇^3 θ̂+1.0000 LR0.000,cancela,θ̂+0.9222 LR1.476,cancelada,sin par,0,,1,0,0,1,2,2
AR(4) Salamanca,1,20,0,1,SF,raíz,—,∇^1 θ̂+0.9743 LR-inf,cancela,—,,discrepan,0,,0,1,0,1,2,1
AR(4) Salamanca,1,20,1,1,SF,estac.,—,∇^2 θ̂+0.9841 LR0.437,cancela,θ̂-0.0950 LR12.383,genuina,coinciden,0,,1,0,1,1,2,1
AR(4) Salamanca,1,20,2,1,—,,—,∇^3 θ̂+1.0000 LR-0.000,cancela,θ̂-0.6162 LR-7.632,cancelada,sin par,0,,1,1,1,1,2,1
AR(4) Salamanca,1,21,0,1,SF,raíz,—,∇^1 θ̂-0.2781 LR7.662,genuina,—,,—,0,,0,0,1,1,1,1
AR(4) Salamanca,1,21,1,1,SF,estac.,—,∇^2 θ̂+1.0000 LR-0.000,cancela,θ̂-0.2781 LR7.662,genuina,coinciden,0,,1,0,1,1,1,1
AR(4) Salamanca,1,21,2,1,SF,estac.,—,∇^3 θ̂+1.0000 LR-0.000,cancela,θ̂-0.2671 LR-10.763,cancelada,coinciden,0,,1,1,1,1,1,1
AR(4) Salamanca,1,22,0,1,SF,raíz,—,∇^1 θ̂+0.5852 LR3.647,genuina,—,,coinciden,0,,0,0,0,1,2,1
AR(4) Salamanca,1,22,1,1,SF,estac.,—,∇^2 θ̂+0.9840 LR0.323,cancela,θ̂+0.5852 LR-inf,cancelada,coinciden,0,,1,1,0,1,2,1
AR(4) Salamanca,1,22,2,1,—,,—,∇^3 θ̂+1.0000 LR-0.000,cancela,θ̂+0.9840 LR0.323,cancelada,sin par,0,,1,0,0,1,2,1
AR(4) Salamanca,1,23,0,1,SF,raíz,—,∇^1 θ̂+0.9172 LR1.858,cancela,—,,discrepan,0,,0,0,0,1,2,1
AR(4) Salamanca,1,23,1,1,SF,estac.,—,∇^2 θ̂+0.9652 LR1.206,cancela,θ̂+0.9172 LR1.858,cancelada,coinciden,0,,1,0,0,1,2,1
AR(4) Salamanca,1,23,2,1,SF,estac.,—,∇^3 θ̂+1.0000 LR0.000,cancela,θ̂+0.9652 LR1.206,cancelada,coinciden,0,,1,0,0,1,2,1
AR(4) Salamanca,1,24,0,1,—,,—,∇^1 θ̂-0.2456 LR12.930,,—,,sin par,1,ruido blanco (Q): p mínimo = 0.0016,0,0,1,1,1,2
AR(4) Salamanca,1,24,1,1,SF,estac.,—,∇^2 θ̂+1.0000 LR-0.000,cancela,θ̂-0.2456 LR12.930,genuina,coinciden,0,,1,0,1,1,1,2
AR(4) Salamanca,1,24,2,1,SF,estac.,—,∇^3 θ̂+1.0000 LR0.000,cancela,θ̂+0.0717 LR-4.646,cancelada,coinciden,0,,1,1,0,1,1,2
AR(4) Salamanca,1,25,0,1,SF,raíz,—,∇^1 θ̂+0.3950 LR12.914,genuina,—,,coinciden,0,,0,0,0,1,2,2
AR(4) Salamanca,1,25,1,1,SF,estac.,—,∇^2 θ̂+0.8984 LR2.293,genuina,θ̂+0.3950 LR12.914,genuina,discrepan,0,,0,0,0,1,2,2
AR(4) Salamanca,1,25,2,1,—,,—,∇^3 θ̂+1.0000 LR0.000,cancela,θ̂+0.8984 LR2.293,genuina,sin par,0,,1,0,0,1,2,2
AR(4) Salamanca,1,26,0,1,SF,raíz,—,∇^1 θ̂+0.1327 LR-inf,cancela,—,,discrepan,1,estacionalidad en los residuos (p = 0.0070),0,1,0,1,1,1
AR(4) Salamanca,1,26,1,1,SF,estac.,—,∇^2 θ̂+1.0000 LR0.000,cancela,θ̂+0.1327 LR-inf,cancelada,coinciden,1,estacionalidad en los residuos (p = 0.0025),0,1,0,1,1,1
AR(4) Salamanca,1,26,2,1,SFsob,estac.,—,∇^3 θ̂+1.0000 LR-0.000,cancela,θ̂-0.5290 LR-0.101,cancelada,sin par,1,estacionalidad en los residuos (p = 0.0027),0,1,1,1,1,1
AR(4) Salamanca,1,27,0,1,SF,raíz,—,∇^1 θ̂+0.5252 LR17.099,genuina,—,,coinciden,1,ruido blanco (Q): p mínimo = 0.0004,0,0,0,1,0,2
AR(4) Salamanca,1,27,1,1,SF,estac.,—,∇^2 θ̂+0.6036 LR3.074,genuina,θ̂+0.5252 LR17.099,genuina,discrepan,0,,0,0,0,1,0,2
AR(4) Salamanca,1,27,2,1,—,,—,∇^3 θ̂+1.0000 LR-0.000,cancela,θ̂-0.0001 LR0.152,cancelada,sin par,0,,1,0,1,1,0,2
AR(4) Salamanca,1,28,0,1,SF,raíz,—,∇^1 θ̂-0.6040 LR18.038,genuina,—,,—,1,ruido blanco (Q): p mínimo = 0.0000,0,0,1,1,1,1
AR(4) Salamanca,1,28,1,1,SF,estac.,—,∇^2 θ̂+1.0000 LR-0.000,cancela,θ̂-0.6040 LR18.038,genuina,coinciden,0,,1,0,1,1,1,1
AR(4) Salamanca,1,28,2,1,SF,estac.,—,∇^3 θ̂+1.0000 LR0.000,cancela,θ̂+1.0000 LR-0.000,cancelada,coinciden,0,,1,0,0,1,1,1
AR(4) Salamanca,1,29,0,1,SF,raíz,—,∇^1 θ̂+0.0302 LR4.853,genuina,—,,coinciden,0,,0,0,0,1,2,1
AR(4) Salamanca,1,29,1,1,SF,estac.,—,∇^2 θ̂+0.9795 LR0.609,cancela,θ̂+0.0302 LR4.853,genuina,coinciden,0,,1,0,0,1,2,1
AR(4) Salamanca,1,29,2,1,—,,—,∇^3 θ̂+1.0000 LR-0.000,cancela,θ̂+0.9795 LR0.609,cancelada,sin par,0,,1,0,0,1,2,1
AR(4) Salamanca,1,30,0,1,SF,raíz,—,∇^1 θ̂+0.4072 LR9.615,genuina,—,,coinciden,0,,0,0,0,1,1,2
AR(4) Salamanca,1,30,1,1,SF,estac.,—,∇^2 θ̂+0.9902 LR0.059,cancela,θ̂+0.4072 LR9.615,genuina,coinciden,0,,1,0,0,1,1,2
AR(4) Salamanca,1,30,2,1,—,,—,∇^3 θ̂+1.0000 LR-0.000,cancela,θ̂+0.9902 LR0.059,cancelada,sin par,0,,1,0,0,1,1,2
AR(4) Salamanca,1,31,0,1,SF,raíz,—,∇^1 θ̂+0.0731 LR10.880,genuina,—,,coinciden,1,ruido blanco (Q): p mínimo = 0.0000,0,0,0,2,2,1
AR(4) Salamanca,1,31,1,1,SF,estac.,—,∇^2 θ̂+0.9619 LR2.236,genuina,θ̂+0.0731 LR10.880,genuina,discrepan,1,ruido blanco (Q): p mínimo = 0.0122,0,0,0,2,2,1
AR(4) Salamanca,1,31,2,1,SFsob,estac.,—,∇^3 θ̂+1.0000 LR-0.000,cancela,θ̂-0.6613 LR0.721,cancelada,sin par,1,ruido blanco (Q): p mínimo = 0.0127,0,0,1,2,2,1
AR(4) Salamanca,1,32,0,1,SF,raíz,—,∇^1 θ̂+0.1263 LR10.330,genuina,—,,coinciden,0,,0,0,0,1,2,2
AR(4) Salamanca,1,32,1,1,SF,estac.,—,∇^2 θ̂+1.0000 LR-0.000,cancela,θ̂+0.1263 LR10.330,genuina,coinciden,0,,1,0,0,1,2,2
AR(4) Salamanca,1,32,2,1,SFsob,estac.,—,∇^3 θ̂+1.0000 LR0.000,cancela,θ̂-0.9790 LR0.267,cancelada,sin par,0,,1,0,1,1,2,2
AR(4) Salamanca,1,33,0,1,SF,raíz,—,∇^1 θ̂-0.2726 LR1.243,cancela,—,,—,0,,0,0,1,1,1,1
AR(4) Salamanca,1,33,1,1,SF,estac.,—,∇^2 θ̂+1.0000 LR0.000,cancela,θ̂-0.2726 LR1.243,cancelada,coinciden,0,,1,0,1,1,1,1
AR(4) Salamanca,1,33,2,1,—,,—,∇^3 θ̂+1.0000 LR0.000,cancela,θ̂+1.0000 LR0.000,cancelada,sin par,0,,1,0,0,1,1,1
AR(4) Salamanca,1,34,0,1,SF,raíz,—,∇^1 θ̂+0.6434 LR2.365,genuina,—,,coinciden,0,,0,0,0,1,2,2
AR(4) Salamanca,1,34,1,1,SF,estac.,—,∇^2 θ̂+0.8401 LR1.999,genuina,θ̂+0.6434 LR2.365,genuina,discrepan,0,,0,0,0,1,2,2
AR(4) Salamanca,1,34,2,1,—,,—,∇^3 θ̂+1.0000 LR0.000,cancela,θ̂+0.8401 LR1.999,genuina,sin par,0,,1,0,0,1,2,2
AR(4) Salamanca,1,35,0,1,SF,raíz,—,∇^1 θ̂+0.2754 LR5.366,genuina,—,,coinciden,1,ruido blanco (Q): p mínimo = 0.0156,0,0,0,1,2,2
AR(4) Salamanca,1,35,1,1,SF,estac.,—,∇^2 θ̂+0.8788 LR-1.346,cancela,θ̂+0.2754 LR5.366,genuina,coinciden,0,,1,1,0,1,2,2
AR(4) Salamanca,1,35,2,1,—,,—,∇^3 θ̂+1.0000 LR-0.000,cancela,θ̂+0.8788 LR-1.346,cancelada,sin par,1,ruido blanco (Q): p mínimo = 0.0127,0,1,0,1,2,2
AR(4) Salamanca,1,36,0,1,—,,—,∇^1 θ̂+0.2461 LR5.396,,—,,sin par,1,ruido blanco (Q): p mínimo = 0.0018,0,0,0,0,0,2
AR(4) Salamanca,1,36,1,1,SF,estac.,—,∇^2 θ̂+1.0000 LR-0.000,cancela,θ̂+0.2461 LR5.396,genuina,coinciden,0,,1,0,0,0,0,2
AR(4) Salamanca,1,36,2,1,—,,—,∇^3 θ̂+1.0000 LR0.000,cancela,θ̂-0.0001 LR-5.545,cancelada,sin par,0,,1,1,1,0,0,2
AR(4) Salamanca,1,37,0,1,SF,raíz,—,∇^1 θ̂-0.3140 LR-inf,cancela,—,,—,0,,0,1,1,1,2,1
AR(4) Salamanca,1,37,1,1,SF,raíz,—,∇^2 θ̂+0.9836 LR0.311,cancela,θ̂-0.3140 LR36.692,genuina,discrepan,0,,0,0,1,1,2,1
AR(4) Salamanca,1,37,2,1,SF,estac.,—,∇^3 θ̂+1.0000 LR-0.000,cancela,θ̂-0.0505 LR-2.417,cancelada,coinciden,0,,1,1,1,1,2,1
AR(4) Salamanca,1,38,0,1,SF,raíz,—,∇^1 θ̂+0.6022 LR13.961,genuina,—,,coinciden,1,ruido blanco (Q): p mínimo = 0.0029; estacionalidad en los r,0,0,0,2,2,2
AR(4) Salamanca,1,38,1,1,SF,raíz,—,∇^2 θ̂+0.7392 LR2.399,genuina,θ̂+0.6022 LR13.961,genuina,coinciden,1,estacionalidad en los residuos (p = 0.0126),0,0,0,2,2,2
AR(4) Salamanca,1,38,2,1,—,,—,∇^3 θ̂+1.0000 LR-0.000,cancela,θ̂-0.0001 LR-3.363,cancelada,sin par,1,estacionalidad en los residuos (p = 0.0116),0,1,1,2,2,2
AR(4) Salamanca,1,39,0,1,SF,raíz,—,∇^1 θ̂+0.9192 LR-0.221,cancela,—,,discrepan,0,,0,1,0,1,1,1
AR(4) Salamanca,1,39,1,1,SF,estac.,—,∇^2 θ̂+1.0000 LR-0.000,cancela,θ̂+0.9192 LR-0.221,cancelada,coinciden,0,,1,1,0,1,1,1
AR(4) Salamanca,1,39,2,1,—,,—,∇^3 θ̂+1.0000 LR-0.000,cancela,θ̂-0.7700 LR-7.169,cancelada,sin par,1,estacionalidad en los residuos (p = 0.0356),0,1,1,1,1,1
AR(4) Salamanca,1,40,0,1,SF,raíz,—,∇^1 θ̂+0.3514 LR12.109,genuina,—,,coinciden,0,,0,0,0,1,1,2
AR(4) Salamanca,1,40,1,1,SF,estac.,—,∇^2 θ̂+1.0000 LR-0.000,cancela,θ̂+0.3514 LR-inf,cancelada,coinciden,0,,1,1,0,1,1,2
AR(4) Salamanca,1,40,2,1,—,,—,∇^3 θ̂+1.0000 LR0.000,cancela,θ̂+0.5056 LR-4.958,cancelada,sin par,0,,1,1,0,1,1,2
AR(4) Salamanca,1,41,0,1,SF,raíz,—,∇^1 θ̂+0.3906 LR49.389,genuina,—,,coinciden,0,,0,0,0,1,2,2
AR(4) Salamanca,1,41,1,1,SF,estac.,—,∇^2 θ̂+0.0001 LR-3.801,cancela,θ̂+0.3906 LR-inf,cancelada,coinciden,0,,1,1,0,1,2,2
AR(4) Salamanca,1,41,2,1,SFsob,estac.,—,∇^3 θ̂+1.0000 LR0.000,cancela,θ̂-0.5681 LR-3.541,cancelada,sin par,0,,1,1,1,1,2,2
AR(4) Salamanca,1,42,0,1,SF,raíz,—,∇^1 θ̂+0.0001 LR44.988,genuina,—,,coinciden,1,ruido blanco (Q): p mínimo = 0.0000; media residual distinta,0,0,0,1,1,2
AR(4) Salamanca,1,42,1,1,SF,estac.,—,∇^2 θ̂+0.9396 LR0.476,cancela,θ̂-0.0342 LR23.768,genuina,coinciden,0,,1,0,1,1,1,2
AR(4) Salamanca,1,42,2,1,—,,—,∇^3 θ̂+1.0000 LR0.000,cancela,θ̂+0.9396 LR0.476,cancelada,sin par,0,,1,0,0,1,1,2
AR(4) Salamanca,1,43,0,1,SF,raíz,—,∇^1 θ̂+1.0000 LR0.000,cancela,—,,discrepan,0,,0,0,0,1,1,1
AR(4) Salamanca,1,43,1,1,SF,estac.,—,∇^2 θ̂+1.0000 LR-0.000,cancela,θ̂+0.0237 LR0.087,cancelada,coinciden,0,,1,0,0,1,1,1
AR(4) Salamanca,1,43,2,1,SFsob,estac.,—,∇^3 θ̂+1.0000 LR-0.000,cancela,θ̂-0.2745 LR-12.668,cancelada,sin par,0,,1,1,1,1,1,1
AR(4) Salamanca,1,46,0,1,SF,raíz,—,∇^1 θ̂+0.7162 LR3.109,genuina,—,,coinciden,0,,0,0,0,1,2,2
AR(4) Salamanca,1,46,1,1,SF,estac.,—,∇^2 θ̂+0.9291 LR2.839,genuina,θ̂+0.7163 LR3.109,genuina,discrepan,0,,0,0,0,1,2,2
AR(4) Salamanca,1,46,2,1,SFsob,estac.,—,∇^3 θ̂+1.0000 LR-0.000,cancela,θ̂-0.2358 LR-0.436,cancelada,sin par,0,,1,1,1,1,2,2
AR(4) Salamanca,1,44,0,1,SF,raíz,—,∇^1 θ̂-0.1897 LR2.303,genuina,—,,—,0,,0,0,1,1,1,2
AR(4) Salamanca,1,44,1,1,SF,estac.,—,∇^2 θ̂+1.0000 LR-0.000,cancela,θ̂-0.1897 LR2.303,genuina,coinciden,0,,1,0,1,1,1,2
AR(4) Salamanca,1,44,2,1,—,,—,∇^3 θ̂+1.0000 LR0.000,cancela,θ̂+1.0000 LR-0.000,cancelada,sin par,0,,1,0,0,1,1,2
AR(4) Salamanca,1,45,0,1,SF,raíz,—,∇^1 θ̂+0.7904 LR-inf,cancela,—,,discrepan,0,,0,1,0,1,2,1
AR(4) Salamanca,1,45,1,1,SF,estac.,—,∇^2 θ̂+0.9012 LR5.158,genuina,θ̂+0.7904 LR9.931,genuina,discrepan,0,,0,0,0,1,2,1
AR(4) Salamanca,1,45,2,1,—,,—,∇^3 θ̂+1.0000 LR-0.000,cancela,θ̂+0.9012 LR5.158,genuina,sin par,0,,1,0,0,1,2,1
AR(4) Salamanca,1,47,0,1,—,,—,∇^1 θ̂+0.1831 LR5.521,,—,,sin par,0,,0,0,0,1,1,1
AR(4) Salamanca,1,47,1,1,SF,estac.,—,∇^2 θ̂+1.0000 LR0.000,cancela,θ̂+0.1831 LR5.521,genuina,coinciden,0,,1,0,0,1,1,1
AR(4) Salamanca,1,47,2,1,SFsob,estac.,—,∇^3 θ̂+1.0000 LR-0.000,cancela,θ̂-0.4212 LR-1.985,cancelada,sin par,0,,1,1,1,1,1,1
AR(4) Salamanca,1,48,0,1,SF,raíz,—,∇^1 θ̂-0.0434 LR13.982,genuina,—,,—,0,,0,0,1,1,1,2
AR(4) Salamanca,1,48,1,1,SF,estac.,—,∇^2 θ̂+1.0000 LR-0.000,cancela,θ̂-0.0434 LR13.982,genuina,coinciden,0,,1,0,1,1,1,2
AR(4) Salamanca,1,48,2,1,—,,—,∇^3 θ̂+1.0000 LR0.000,cancela,θ̂-0.2620 LR-6.531,cancelada,sin par,0,,1,1,1,1,1,2
IMA θ.75 Salamanca,2,0,1,1,—,,sí,∇^2 θ̂+0.7460 LR100.542,,θ̂-0.5073 LR1548.207,genuina,sin par,1,ruido blanco (Q): p mínimo = 0.0000; media residual distinta,0,0,1,1,1,2
IMA θ.75 Salamanca,2,0,2,1,—,,sí,∇^3 θ̂+1.0000 LR-0.000,cancela,θ̂+0.7460 LR100.542,genuina,sin par,0,,1,0,0,1,1,2
AR(4) Salamanca,1,49,0,1,SF,raíz,—,∇^1 θ̂+0.5718 LR-inf,cancela,—,,discrepan,1,ruido blanco (Q): p mínimo = 0.0025,0,1,0,2,2,2
AR(4) Salamanca,1,49,1,1,SF,estac.,—,∇^2 θ̂+0.7298 LR3.219,genuina,θ̂+0.5718 LR-inf,cancelada,discrepan,0,,0,1,0,2,2,2
AR(4) Salamanca,1,49,2,1,—,,—,∇^3 θ̂+1.0000 LR0.000,cancela,θ̂+0.7298 LR3.219,genuina,sin par,0,,1,0,0,2,2,2
IMA θ.75 Salamanca,2,2,1,1,—,,sí,∇^2 θ̂+0.7730 LR141.689,,θ̂-0.4334 LR1533.168,genuina,sin par,1,ruido blanco (Q): p mínimo = 0.0000; media residual distinta,0,0,1,2,2,2
IMA θ.75 Salamanca,2,2,2,1,—,,sí,∇^3 θ̂+1.0000 LR-0.000,cancela,θ̂+0.7730 LR141.689,genuina,sin par,0,,1,0,0,2,2,2
IMA θ.75 Salamanca,2,1,1,1,—,,sí,∇^2 θ̂+0.8352 LR14.915,,θ̂-0.3732 LR1512.919,genuina,sin par,1,ruido blanco (Q): p mínimo = 0.0036; media residual distinta,0,0,1,1,2,1
IMA θ.75 Salamanca,2,1,2,1,—,,sí,∇^3 θ̂+1.0000 LR0.000,cancela,θ̂+0.8352 LR14.915,genuina,sin par,0,,1,0,0,1,2,1
IMA θ.75 Salamanca,2,3,1,1,—,,sí,∇^2 θ̂+0.8000 LR164.963,,θ̂-0.6526 LR1708.333,genuina,sin par,1,ruido blanco (Q): p mínimo = 0.0000; media residual distinta,0,0,1,1,2,0
IMA θ.75 Salamanca,2,3,2,1,—,,sí,∇^3 θ̂+1.0000 LR0.000,cancela,θ̂+0.8000 LR164.963,genuina,sin par,1,estacionalidad en los residuos (p = 0.0115),0,0,0,1,2,0
IMA θ.75 Salamanca,2,4,1,1,—,,sí,∇^2 θ̂+0.8543 LR159.959,,θ̂-0.5489 LR1616.283,genuina,sin par,1,ruido blanco (Q): p mínimo = 0.0000; media residual distinta,0,0,1,2,2,1
IMA θ.75 Salamanca,2,4,2,1,—,,sí,∇^3 θ̂+1.0000 LR-0.000,cancela,θ̂+0.8543 LR159.959,genuina,sin par,0,,1,0,0,2,2,1
IMA θ.75 Salamanca,2,5,1,1,—,,sí,∇^2 θ̂+0.8371 LR54.813,,θ̂-0.4650 LR1526.595,genuina,sin par,1,ruido blanco (Q): p mínimo = 0.0000; media residual distinta,0,0,1,2,2,2
IMA θ.75 Salamanca,2,5,2,1,—,,sí,∇^3 θ̂+1.0000 LR0.000,cancela,θ̂+0.8371 LR54.813,genuina,sin par,0,,1,0,0,2,2,2
IMA θ.75 Salamanca,2,6,1,1,—,,sí,∇^2 θ̂+0.7206 LR86.610,,θ̂-0.2757 LR1050.840,genuina,sin par,1,ruido blanco (Q): p mínimo = 0.0000,0,0,1,1,2,2
IMA θ.75 Salamanca,2,6,2,1,—,,sí,∇^3 θ̂+1.0000 LR-0.000,cancela,θ̂+0.7206 LR86.610,genuina,sin par,0,,1,0,0,1,2,2
IMA θ.75 Salamanca,2,7,1,1,—,,sí,∇^2 θ̂+0.8452 LR17.227,,θ̂-0.5540 LR1666.793,genuina,sin par,1,ruido blanco (Q): p mínimo = 0.0000; media residual distinta,0,0,1,1,1,1
IMA θ.75 Salamanca,2,7,2,1,—,,sí,∇^3 θ̂+1.0000 LR0.000,cancela,θ̂+0.8452 LR17.227,genuina,sin par,0,,1,0,0,1,1,1
IMA θ.75 Salamanca,2,8,1,1,—,,sí,∇^2 θ̂+0.8184 LR75.313,,θ̂-0.4150 LR1525.624,genuina,sin par,1,ruido blanco (Q): p mínimo = 0.0000; media residual distinta,0,0,1,2,2,2
IMA θ.75 Salamanca,2,8,2,1,—,,sí,∇^3 θ̂+1.0000 LR0.000,cancela,θ̂+0.8184 LR75.313,genuina,sin par,1,estacionalidad en los residuos (p = 0.0270),0,0,0,2,2,2
IMA θ.75 Salamanca,2,11,1,1,—,,sí,∇^2 θ̂+0.8041 LR84.807,,θ̂-0.5001 LR1509.650,genuina,sin par,1,ruido blanco (Q): p mínimo = 0.0000; media residual distinta,0,0,1,2,2,2
IMA θ.75 Salamanca,2,11,2,1,—,,sí,∇^3 θ̂+1.0000 LR-0.000,cancela,θ̂+0.8041 LR84.807,genuina,sin par,0,,1,0,0,2,2,2
IMA θ.75 Salamanca,2,9,1,1,—,,sí,∇^2 θ̂+0.7595 LR249.681,,θ̂-0.7867 LR1795.311,genuina,sin par,1,ruido blanco (Q): p mínimo = 0.0000; media residual distinta,0,0,1,2,2,0
IMA θ.75 Salamanca,2,9,2,1,—,,sí,∇^3 θ̂+1.0000 LR-0.000,cancela,θ̂+0.7595 LR249.681,genuina,sin par,0,,1,0,0,2,2,0
IMA θ.75 Salamanca,2,10,1,1,—,,sí,∇^2 θ̂+0.7546 LR169.100,,θ̂-0.4694 LR1465.918,genuina,sin par,1,ruido blanco (Q): p mínimo = 0.0000; media residual distinta,0,0,1,1,2,2
IMA θ.75 Salamanca,2,10,2,1,—,,sí,∇^3 θ̂+1.0000 LR-0.000,cancela,θ̂+0.7546 LR169.100,genuina,sin par,0,,1,0,0,1,2,2
IMA θ.75 Salamanca,2,13,1,1,—,,sí,∇^2 θ̂+0.7063 LR233.985,,θ̂-0.7029 LR1778.915,genuina,sin par,1,ruido blanco (Q): p mínimo = 0.0000; media residual distinta,0,0,1,2,2,2
IMA θ.75 Salamanca,2,13,2,1,—,,sí,∇^3 θ̂+1.0000 LR-0.000,cancela,θ̂+0.7063 LR233.985,genuina,sin par,0,,1,0,0,2,2,2
IMA θ.75 Salamanca,2,12,1,1,—,,sí,∇^2 θ̂+0.7026 LR123.566,,θ̂-0.4336 LR1227.341,genuina,sin par,1,ruido blanco (Q): p mínimo = 0.0000; media residual distinta,0,0,1,2,2,2
IMA θ.75 Salamanca,2,12,2,1,—,,sí,∇^3 θ̂+1.0000 LR0.000,cancela,θ̂+0.7026 LR123.566,genuina,sin par,0,,1,0,0,2,2,2
IMA θ.75 Salamanca,2,15,1,1,—,,sí,∇^2 θ̂+0.6959 LR161.298,,θ̂-0.6925 LR1765.856,genuina,sin par,1,ruido blanco (Q): p mínimo = 0.0000; media residual distinta,0,0,1,1,2,2
IMA θ.75 Salamanca,2,15,2,1,—,,sí,∇^3 θ̂+1.0000 LR-0.000,cancela,θ̂+0.6959 LR161.298,genuina,sin par,0,,1,0,0,1,2,2
IMA θ.75 Salamanca,2,14,1,1,—,,sí,∇^2 θ̂+0.7291 LR320.265,,θ̂-0.6994 LR1609.964,genuina,sin par,1,ruido blanco (Q): p mínimo = 0.0000; media residual distinta,0,0,1,2,2,2
IMA θ.75 Salamanca,2,14,2,1,—,,sí,∇^3 θ̂+1.0000 LR-0.000,cancela,θ̂+0.7291 LR320.265,genuina,sin par,0,,1,0,0,2,2,2
IMA θ.75 Salamanca,2,18,1,1,—,,sí,∇^2 θ̂+0.7162 LR126.816,,θ̂-0.6767 LR1767.160,genuina,sin par,1,ruido blanco (Q): p mínimo = 0.0000; media residual distinta,0,0,1,1,2,0
IMA θ.75 Salamanca,2,18,2,1,—,,sí,∇^3 θ̂+1.0000 LR0.000,cancela,θ̂+0.7162 LR126.816,genuina,sin par,0,,1,0,0,1,2,0
IMA θ.75 Salamanca,2,16,1,1,—,,sí,∇^2 θ̂+0.7730 LR104.561,,θ̂-0.5968 LR1578.555,genuina,sin par,1,ruido blanco (Q): p mínimo = 0.0000; media residual distinta,0,0,1,1,2,2
IMA θ.75 Salamanca,2,16,2,1,—,,sí,∇^3 θ̂+1.0000 LR-0.000,cancela,θ̂+0.7730 LR104.561,genuina,sin par,0,,1,0,0,1,2,2
IMA θ.75 Salamanca,2,17,1,1,—,,sí,∇^2 θ̂+0.8318 LR15.978,,θ̂-0.1494 LR727.085,genuina,sin par,0,,0,0,1,1,1,1
IMA θ.75 Salamanca,2,17,2,1,—,,sí,∇^3 θ̂+1.0000 LR0.000,cancela,θ̂+0.8318 LR15.978,genuina,sin par,0,,1,0,0,1,1,1
IMA θ.75 Salamanca,2,19,1,1,—,,sí,∇^2 θ̂+0.6790 LR105.813,,θ̂-0.4655 LR1493.488,genuina,sin par,1,ruido blanco (Q): p mínimo = 0.0000; media residual distinta,0,0,1,1,2,2
IMA θ.75 Salamanca,2,19,2,1,—,,sí,∇^3 θ̂+1.0000 LR0.000,cancela,θ̂+0.6790 LR105.813,genuina,sin par,0,,1,0,0,1,2,2
IMA θ.75 Salamanca,2,21,1,1,—,,sí,∇^2 θ̂+0.7491 LR103.552,,θ̂-0.4766 LR1538.792,genuina,sin par,1,ruido blanco (Q): p mínimo = 0.0000; media residual distinta,0,0,1,2,2,1
IMA θ.75 Salamanca,2,21,2,1,—,,sí,∇^3 θ̂+1.0000 LR0.000,cancela,θ̂+0.7491 LR103.552,genuina,sin par,0,,1,0,0,2,2,1
IMA θ.75 Salamanca,2,20,1,1,—,,sí,∇^2 θ̂+0.7786 LR276.281,,θ̂-0.7245 LR1786.589,genuina,sin par,1,ruido blanco (Q): p mínimo = 0.0000; media residual distinta,0,0,1,1,2,0
IMA θ.75 Salamanca,2,20,2,1,—,,sí,∇^3 θ̂+1.0000 LR-0.000,cancela,θ̂+0.7786 LR276.281,genuina,sin par,0,,1,0,0,1,2,0
IMA θ.75 Salamanca,2,22,1,1,—,,sí,∇^2 θ̂+0.6765 LR248.978,,θ̂-0.5498 LR1554.253,genuina,sin par,1,ruido blanco (Q): p mínimo = 0.0000; media residual distinta,0,0,1,2,2,2
IMA θ.75 Salamanca,2,22,2,1,—,,sí,∇^3 θ̂+1.0000 LR0.000,cancela,θ̂+0.6765 LR248.978,genuina,sin par,1,"normalidad (JB): 31.336, p = 0.0000",0,0,0,2,2,2
IMA θ.75 Salamanca,2,23,1,1,—,,sí,∇^2 θ̂+0.8483 LR22.912,,θ̂-0.3744 LR1567.014,genuina,sin par,1,ruido blanco (Q): p mínimo = 0.0000; media residual distinta,0,0,1,1,2,1
IMA θ.75 Salamanca,2,23,2,1,—,,sí,∇^3 θ̂+1.0000 LR0.000,cancela,θ̂+0.8483 LR22.912,genuina,sin par,0,,1,0,0,1,2,1
IMA θ.75 Salamanca,2,24,1,1,—,,sí,∇^2 θ̂+0.7517 LR264.082,,θ̂-0.5718 LR1408.745,genuina,sin par,1,ruido blanco (Q): p mínimo = 0.0000; media residual distinta,0,0,1,2,2,2
IMA θ.75 Salamanca,2,24,2,1,—,,sí,∇^3 θ̂+1.0000 LR0.000,cancela,θ̂+0.7517 LR264.082,genuina,sin par,0,,1,0,0,2,2,2
IMA θ.75 Salamanca,2,26,1,1,—,,sí,∇^2 θ̂+0.6628 LR313.589,,θ̂-0.6334 LR1440.590,genuina,sin par,1,ruido blanco (Q): p mínimo = 0.0000,0,0,1,2,2,2
IMA θ.75 Salamanca,2,26,2,1,—,,sí,∇^3 θ̂+1.0000 LR0.000,cancela,θ̂+0.6628 LR313.589,genuina,sin par,0,,1,0,0,2,2,2
IMA θ.75 Salamanca,2,25,1,1,—,,sí,∇^2 θ̂+0.7806 LR67.850,,θ̂-0.3886 LR1287.004,genuina,sin par,1,ruido blanco (Q): p mínimo = 0.0000; media residual distinta,0,0,1,1,1,2
IMA θ.75 Salamanca,2,25,2,1,—,,sí,∇^3 θ̂+1.0000 LR-0.000,cancela,θ̂+0.7806 LR67.850,genuina,sin par,1,"normalidad (JB): 21.142, p = 0.0000; estacionalidad en los r",0,0,0,1,1,2
IMA θ.75 Salamanca,2,27,1,1,—,,sí,∇^2 θ̂+0.7368 LR50.815,,θ̂-0.3153 LR1510.599,genuina,sin par,1,ruido blanco (Q): p mínimo = 0.0000; media residual distinta,0,0,1,1,2,1
IMA θ.75 Salamanca,2,27,2,1,—,,sí,∇^3 θ̂+1.0000 LR0.000,cancela,θ̂+0.7368 LR50.815,genuina,sin par,0,,1,0,0,1,2,1
IMA θ.75 Salamanca,2,28,1,1,—,,sí,∇^2 θ̂+0.7674 LR306.982,,θ̂-0.6822 LR1696.767,genuina,sin par,1,ruido blanco (Q): p mínimo = 0.0000; media residual distinta,0,0,1,2,2,2
IMA θ.75 Salamanca,2,28,2,1,—,,sí,∇^3 θ̂+1.0000 LR0.000,cancela,θ̂+0.7674 LR306.982,genuina,sin par,0,,1,0,0,2,2,2
IMA θ.75 Salamanca,2,29,1,1,—,,sí,∇^2 θ̂+0.7080 LR193.682,,θ̂-0.5901 LR1706.606,genuina,sin par,1,ruido blanco (Q): p mínimo = 0.0000; media residual distinta,0,0,1,1,2,2
IMA θ.75 Salamanca,2,29,2,1,—,,sí,∇^3 θ̂+1.0000 LR0.000,cancela,θ̂+0.7080 LR193.682,genuina,sin par,0,,1,0,0,1,2,2
IMA θ.75 Salamanca,2,30,1,1,—,,sí,∇^2 θ̂+0.7648 LR258.086,,θ̂-0.6096 LR1575.490,genuina,sin par,1,ruido blanco (Q): p mínimo = 0.0000; media residual distinta,0,0,1,2,2,2
IMA θ.75 Salamanca,2,30,2,1,—,,sí,∇^3 θ̂+1.0000 LR0.000,cancela,θ̂+0.7648 LR258.086,genuina,sin par,0,,1,0,0,2,2,2
IMA θ.75 Salamanca,2,31,1,1,—,,sí,∇^2 θ̂+0.7560 LR171.431,,θ̂-0.6375 LR1708.988,genuina,sin par,1,ruido blanco (Q): p mínimo = 0.0000; media residual distinta,0,0,1,2,2,2
IMA θ.75 Salamanca,2,31,2,1,—,,sí,∇^3 θ̂+1.0000 LR0.000,cancela,θ̂+0.7560 LR171.431,genuina,sin par,0,,1,0,0,2,2,2
IMA θ.75 Salamanca,2,32,1,1,—,,sí,∇^2 θ̂+0.7647 LR376.909,,θ̂-0.8102 LR1778.714,genuina,sin par,1,ruido blanco (Q): p mínimo = 0.0000; media residual distinta,0,0,1,2,2,1
IMA θ.75 Salamanca,2,32,2,1,—,,sí,∇^3 θ̂+1.0000 LR-0.000,cancela,θ̂+0.7647 LR376.909,genuina,sin par,1,media residual distinta de cero: t = +2.23,0,0,0,2,2,1
IMA θ.75 Salamanca,2,34,1,1,—,,sí,∇^2 θ̂+0.7890 LR124.042,,θ̂-0.6320 LR1699.176,genuina,sin par,1,ruido blanco (Q): p mínimo = 0.0000; media residual distinta,0,0,1,2,2,2
IMA θ.75 Salamanca,2,34,2,1,—,,sí,∇^3 θ̂+1.0000 LR0.000,cancela,θ̂+0.7890 LR124.042,genuina,sin par,0,,1,0,0,2,2,2
IMA θ.75 Salamanca,2,33,1,1,—,,sí,∇^2 θ̂+0.7386 LR54.775,,θ̂-0.4835 LR1640.462,genuina,sin par,1,ruido blanco (Q): p mínimo = 0.0000; media residual distinta,0,0,1,1,2,1
IMA θ.75 Salamanca,2,33,2,1,—,,sí,∇^3 θ̂+1.0000 LR-0.000,cancela,θ̂+0.7386 LR54.775,genuina,sin par,0,,1,0,0,1,2,1
IMA θ.75 Salamanca,2,35,1,1,—,,sí,∇^2 θ̂+0.8177 LR150.150,,θ̂-0.5335 LR1697.825,genuina,sin par,1,ruido blanco (Q): p mínimo = 0.0000; media residual distinta,0,0,1,2,2,2
IMA θ.75 Salamanca,2,35,2,1,—,,sí,∇^3 θ̂+1.0000 LR0.000,cancela,θ̂+0.8177 LR150.150,genuina,sin par,0,,1,0,0,2,2,2
IMA θ.75 Salamanca,2,36,1,1,—,,sí,∇^2 θ̂+0.7547 LR152.778,,θ̂-0.4487 LR1400.951,genuina,sin par,1,ruido blanco (Q): p mínimo = 0.0000; media residual distinta,0,0,1,2,2,2
IMA θ.75 Salamanca,2,36,2,1,—,,sí,∇^3 θ̂+1.0000 LR0.000,cancela,θ̂+0.7547 LR152.778,genuina,sin par,0,,1,0,0,2,2,2
IMA θ.75 Salamanca,2,37,1,1,—,,sí,∇^2 θ̂+0.7306 LR272.078,,θ̂-0.5573 LR1308.704,genuina,sin par,1,ruido blanco (Q): p mínimo = 0.0000,0,0,1,2,2,2
IMA θ.75 Salamanca,2,37,2,1,—,,sí,∇^3 θ̂+1.0000 LR-0.000,cancela,θ̂+0.7306 LR272.078,genuina,sin par,1,ruido blanco (Q): p mínimo = 0.0231,0,0,0,2,2,2
IMA θ.75 Salamanca,2,38,1,1,—,,sí,∇^2 θ̂+0.7877 LR51.787,,θ̂-0.4752 LR1588.495,genuina,sin par,1,ruido blanco (Q): p mínimo = 0.0000; media residual distinta,0,0,1,1,2,1
IMA θ.75 Salamanca,2,38,2,1,—,,sí,∇^3 θ̂+1.0000 LR-0.000,cancela,θ̂+0.7877 LR51.787,genuina,sin par,0,,1,0,0,1,2,1
IMA θ.75 Salamanca,2,39,1,1,—,,sí,∇^2 θ̂+0.6505 LR429.542,,θ̂-0.7979 LR1813.338,genuina,sin par,1,"ruido blanco (Q): p mínimo = 0.0000; normalidad (JB): 8.668,",0,0,1,2,2,2
IMA θ.75 Salamanca,2,39,2,1,—,,sí,∇^3 θ̂+1.0000 LR-0.000,cancela,θ̂+0.6505 LR429.542,genuina,sin par,0,,1,0,0,2,2,2
IMA θ.75 Salamanca,2,40,1,1,—,,sí,∇^2 θ̂+0.7271 LR194.300,,θ̂-0.6533 LR1648.016,genuina,sin par,1,ruido blanco (Q): p mínimo = 0.0000; media residual distinta,0,0,1,2,2,2
IMA θ.75 Salamanca,2,40,2,1,—,,sí,∇^3 θ̂+1.0000 LR-0.000,cancela,θ̂+0.7271 LR194.300,genuina,sin par,0,,1,0,0,2,2,2
IMA θ.75 Salamanca,2,41,1,1,—,,sí,∇^2 θ̂+0.8691 LR107.047,,θ̂-0.2983 LR1123.185,genuina,sin par,1,ruido blanco (Q): p mínimo = 0.0000,0,0,1,2,2,2
IMA θ.75 Salamanca,2,41,2,1,—,,sí,∇^3 θ̂+1.0000 LR-0.000,cancela,θ̂+0.8691 LR107.047,genuina,sin par,0,,1,0,0,2,2,2
IMA θ.75 Salamanca,2,42,1,1,—,,sí,∇^2 θ̂+0.6740 LR104.231,,θ̂-0.4191 LR1377.000,genuina,sin par,1,ruido blanco (Q): p mínimo = 0.0000; media residual distinta,0,0,1,1,1,2
IMA θ.75 Salamanca,2,42,2,1,—,,sí,∇^3 θ̂+1.0000 LR-0.000,cancela,θ̂+0.6740 LR104.231,genuina,sin par,0,,1,0,0,1,1,2
IMA θ.75 Salamanca,2,43,1,1,—,,sí,∇^2 θ̂+0.7770 LR128.808,,θ̂-0.4766 LR1424.375,genuina,sin par,1,ruido blanco (Q): p mínimo = 0.0000; media residual distinta,0,0,1,2,2,2
IMA θ.75 Salamanca,2,43,2,1,—,,sí,∇^3 θ̂+1.0000 LR-0.000,cancela,θ̂+0.7770 LR128.808,genuina,sin par,0,,1,0,0,2,2,2
IMA θ.75 Salamanca,2,45,1,1,—,,sí,∇^2 θ̂+0.7740 LR91.009,,θ̂-0.3811 LR1280.485,genuina,sin par,1,ruido blanco (Q): p mínimo = 0.0000,0,0,1,2,2,2
IMA θ.75 Salamanca,2,45,2,1,—,,sí,∇^3 θ̂+1.0000 LR0.000,cancela,θ̂+0.7740 LR91.009,genuina,sin par,0,,1,0,0,2,2,2
IMA θ.75 Salamanca,2,44,1,1,—,,sí,∇^2 θ̂+0.7518 LR61.889,,θ̂-0.4279 LR1429.397,genuina,sin par,1,ruido blanco (Q): p mínimo = 0.0000; media residual distinta,0,0,1,1,2,1
IMA θ.75 Salamanca,2,44,2,1,—,,sí,∇^3 θ̂+1.0000 LR0.000,cancela,θ̂+0.7518 LR61.889,genuina,sin par,0,,1,0,0,1,2,1
IMA θ.75 Salamanca,2,46,1,1,—,,sí,∇^2 θ̂+0.7725 LR212.719,,θ̂-0.6961 LR1799.642,genuina,sin par,1,ruido blanco (Q): p mínimo = 0.0000; media residual distinta,0,0,1,2,2,2
IMA θ.75 Salamanca,2,46,2,1,—,,sí,∇^3 θ̂+1.0000 LR0.000,cancela,θ̂+0.7725 LR212.719,genuina,sin par,0,,1,0,0,2,2,2
IMA θ.75 Salamanca,2,47,1,1,—,,sí,∇^2 θ̂+0.7220 LR159.768,,θ̂-0.4596 LR1411.359,genuina,sin par,1,ruido blanco (Q): p mínimo = 0.0000; media residual distinta,0,0,1,2,2,1
IMA θ.75 Salamanca,2,47,2,1,—,,sí,∇^3 θ̂+1.0000 LR0.000,cancela,θ̂+0.7220 LR159.768,genuina,sin par,1,estacionalidad en los residuos (p = 0.0123),0,0,0,2,2,1
IMA θ.75 Salamanca,2,49,1,1,—,,sí,∇^2 θ̂+0.7549 LR157.863,,θ̂-0.6359 LR1666.300,genuina,sin par,1,"ruido blanco (Q): p mínimo = 0.0000; normalidad (JB): 8.901,",0,0,1,2,2,1
IMA θ.75 Salamanca,2,49,2,1,—,,sí,∇^3 θ̂+1.0000 LR-0.000,cancela,θ̂+0.7549 LR157.863,genuina,sin par,0,,1,0,0,2,2,1
IMA θ.75 Salamanca,2,48,1,1,—,,sí,∇^2 θ̂+0.7531 LR234.282,,θ̂-0.6466 LR1708.641,genuina,sin par,1,ruido blanco (Q): p mínimo = 0.0000; media residual distinta,0,0,1,2,2,2
IMA θ.75 Salamanca,2,48,2,1,—,,sí,∇^3 θ̂+1.0000 LR-0.000,cancela,θ̂+0.7531 LR234.282,genuina,sin par,1,"ruido blanco (Q): p mínimo = 0.0013; normalidad (JB): 5.996,",0,0,0,2,2,2
AR(7) Villaverde,1,0,0,1,SF,raíz,—,∇^1 θ̂+1.0000 LR-0.000,cancela,—,,discrepan,1,"normalidad (JB): 36.402, p = 0.0000",0,0,0,1,1,1
AR(7) Villaverde,1,0,1,1,SF,estac.,—,∇^2 θ̂+1.0000 LR0.000,cancela,θ̂-0.5816 LR11.985,genuina,coinciden,1,"normalidad (JB): 17.670, p = 0.0001",0,0,1,1,1,1
AR(7) Villaverde,1,0,2,1,SF,estac.,—,∇^3 θ̂+1.0000 LR0.000,cancela,θ̂-0.6261 LR-10.803,cancelada,coinciden,1,"normalidad (JB): 9.066, p = 0.0107",0,1,1,1,1,1
AR(7) Villaverde,1,1,0,1,SF,raíz,—,∇^1 θ̂-0.0931 LR-inf,cancela,—,,—,0,,0,1,1,1,2,1
AR(7) Villaverde,1,1,1,1,SF,estac.,—,∇^2 θ̂+0.9925 LR0.021,cancela,θ̂-0.0931 LR-inf,cancelada,coinciden,0,,1,1,1,1,2,1
AR(7) Villaverde,1,1,2,1,—,,—,∇^3 θ̂+1.0000 LR-0.000,cancela,θ̂-0.3412 LR-9.081,cancelada,sin par,0,,1,1,1,1,2,1
AR(7) Villaverde,1,2,0,1,SF,raíz,—,∇^1 θ̂-0.1734 LR9.169,genuina,—,,—,0,,0,0,1,1,2,1
AR(7) Villaverde,1,2,1,1,SF,estac.,—,∇^2 θ̂+0.9701 LR0.948,cancela,θ̂-0.1734 LR-inf,cancelada,coinciden,0,,1,1,1,1,2,1
AR(7) Villaverde,1,2,2,1,—,,—,∇^3 θ̂+1.0000 LR-0.000,cancela,θ̂+0.9701 LR0.948,cancelada,sin par,0,,1,0,0,1,2,1
AR(7) Villaverde,1,3,0,1,SF,raíz,—,∇^1 θ̂+0.6073 LR10.098,genuina,—,,coinciden,0,,0,0,0,0,1,1
AR(7) Villaverde,1,3,1,1,SF,estac.,—,∇^2 θ̂+0.6899 LR2.676,genuina,θ̂+0.6073 LR10.098,genuina,discrepan,0,,0,0,0,0,1,1
AR(7) Villaverde,1,3,2,1,—,,—,∇^3 θ̂+1.0000 LR0.000,cancela,θ̂-0.0001 LR-2.896,cancelada,sin par,0,,1,1,1,0,1,1
AR(7) Villaverde,1,4,0,1,SF,raíz,—,∇^1 θ̂+0.9740 LR0.833,cancela,—,,discrepan,1,"ruido blanco (Q): p mínimo = 0.0006; normalidad (JB): 7.004,",0,0,0,0,1,0
AR(7) Villaverde,1,4,1,1,SF,estac.,—,∇^2 θ̂+1.0000 LR0.000,cancela,θ̂+0.9740 LR0.833,cancelada,coinciden,1,"normalidad (JB): 9.412, p = 0.0090",0,0,0,0,1,0
AR(7) Villaverde,1,4,2,1,SF,estac.,—,∇^3 θ̂+1.0000 LR0.000,cancela,θ̂+0.5632 LR-5.023,cancelada,coinciden,0,,1,1,0,0,1,0
AR(7) Villaverde,1,6,0,1,—,,—,∇^1 θ̂+1.0000 LR0.000,cancela,—,,sin par,0,,1,0,0,0,2,1
AR(7) Villaverde,1,6,1,1,SF,estac.,—,∇^2 θ̂+0.6363 LR-4.102,cancela,θ̂-0.2083 LR8.234,genuina,coinciden,0,,1,1,1,0,2,1
AR(7) Villaverde,1,6,2,1,SF,estac.,—,∇^3 θ̂+1.0000 LR-0.000,cancela,θ̂-0.0355 LR-3.980,cancelada,coinciden,0,,1,1,1,0,2,1
AR(7) Villaverde,1,5,0,1,SF,raíz,—,∇^1 θ̂+0.6864 LR21.621,genuina,—,,coinciden,1,media residual distinta de cero: t = -2.11,0,0,0,1,1,1
AR(7) Villaverde,1,5,1,1,SF,estac.,—,∇^2 θ̂+0.7611 LR4.388,genuina,θ̂+0.6864 LR-inf,cancelada,discrepan,0,,0,1,0,1,1,1
AR(7) Villaverde,1,5,2,1,—,,—,∇^3 θ̂+1.0000 LR0.000,cancela,θ̂-0.0001 LR-4.241,cancelada,sin par,0,,1,1,1,1,1,1
AR(7) Villaverde,1,7,0,1,SF,raíz,—,∇^1 θ̂+0.2249 LR-inf,cancela,—,,discrepan,1,ruido blanco (Q): p mínimo = 0.0000; media residual distinta,0,1,0,2,2,1
AR(7) Villaverde,1,7,1,1,SF,raíz,—,∇^2 θ̂+0.9594 LR2.697,genuina,θ̂+0.2249 LR-inf,cancelada,coinciden,0,,0,1,0,2,2,1
AR(7) Villaverde,1,7,2,1,—,,—,∇^3 θ̂+1.0000 LR0.000,cancela,θ̂-0.2824 LR1.657,cancelada,sin par,0,,1,0,1,2,2,1
AR(7) Villaverde,1,8,0,1,SF,raíz,—,∇^1 θ̂-0.1858 LR35.312,genuina,—,,—,0,,0,0,1,1,2,1
AR(7) Villaverde,1,8,1,1,SF,estac.,—,∇^2 θ̂+0.9651 LR0.552,cancela,θ̂-0.1858 LR-inf,cancelada,coinciden,0,,1,1,1,1,2,1
AR(7) Villaverde,1,8,2,1,SF,estac.,—,∇^3 θ̂+1.0000 LR-0.000,cancela,θ̂-0.2592 LR-6.818,cancelada,coinciden,0,,1,1,1,1,2,1
AR(7) Villaverde,1,9,0,1,SF,raíz,—,∇^1 θ̂+1.0000 LR0.000,cancela,—,,discrepan,0,,0,0,0,1,1,2
AR(7) Villaverde,1,9,1,1,SF,estac.,—,∇^2 θ̂+0.0001 LR-3.718,cancela,θ̂+0.1279 LR2.020,genuina,coinciden,0,,1,1,0,1,1,2
AR(7) Villaverde,1,9,2,1,—,,—,∇^3 θ̂+1.0000 LR0.000,cancela,θ̂-0.6385 LR-1.543,cancelada,sin par,0,,1,1,1,1,1,2
AR(7) Villaverde,1,10,0,1,SF,raíz,—,∇^1 θ̂+0.8578 LR-inf,cancela,—,,discrepan,1,media residual distinta de cero: t = +2.70,0,1,0,1,2,1
AR(7) Villaverde,1,10,1,1,SF,estac.,—,∇^2 θ̂+0.8681 LR6.995,genuina,θ̂+0.8578 LR24.033,genuina,discrepan,1,media residual distinta de cero: t = +2.30,0,0,0,1,2,1
AR(7) Villaverde,1,10,2,1,—,,—,∇^3 θ̂+1.0000 LR-0.000,cancela,θ̂+0.8681 LR6.995,genuina,sin par,0,,1,0,0,1,2,1
AR(7) Villaverde,1,11,0,1,SF,raíz,—,∇^1 θ̂-0.0134 LR17.819,genuina,—,,—,1,ruido blanco (Q): p mínimo = 0.0003,0,0,1,1,1,1
AR(7) Villaverde,1,11,1,1,SF,estac.,—,∇^2 θ̂+1.0000 LR-0.000,cancela,θ̂-0.0134 LR17.819,genuina,coinciden,0,,1,0,1,1,1,1
AR(7) Villaverde,1,11,2,1,—,,—,∇^3 θ̂+1.0000 LR-0.000,cancela,θ̂-0.5861 LR-7.112,cancelada,sin par,0,,1,1,1,1,1,1
AR(7) Villaverde,1,12,0,1,SF,raíz,—,∇^1 θ̂+0.9053 LR-0.551,cancela,—,,discrepan,0,,0,1,0,1,1,1
AR(7) Villaverde,1,12,1,1,SF,estac.,—,∇^2 θ̂+1.0000 LR-0.000,cancela,θ̂-0.0197 LR1.560,cancelada,coinciden,0,,1,0,1,1,1,1
AR(7) Villaverde,1,12,2,1,—,,—,∇^3 θ̂+1.0000 LR-0.000,cancela,θ̂-0.6330 LR-9.157,cancelada,sin par,0,,1,1,1,1,1,1
AR(7) Villaverde,1,13,0,1,SF,raíz,—,∇^1 θ̂-0.1944 LR20.825,genuina,—,,—,1,ruido blanco (Q): p mínimo = 0.0002,0,0,1,1,1,1
AR(7) Villaverde,1,13,1,1,SF,estac.,—,∇^2 θ̂+1.0000 LR-0.000,cancela,θ̂-0.1944 LR20.825,genuina,coinciden,0,,1,0,1,1,1,1
AR(7) Villaverde,1,13,2,1,SF,estac.,—,∇^3 θ̂+1.0000 LR-0.000,cancela,θ̂-0.0406 LR-8.429,cancelada,coinciden,0,,1,1,1,1,1,1
AR(7) Villaverde,1,14,0,1,SF,raíz,—,∇^1 θ̂+0.0338 LR14.397,genuina,—,,coinciden,0,,0,0,0,1,2,1
AR(7) Villaverde,1,14,1,1,SF,estac.,—,∇^2 θ̂+0.9836 LR0.341,cancela,θ̂+0.0338 LR14.397,genuina,coinciden,0,,1,0,0,1,2,1
AR(7) Villaverde,1,14,2,1,—,,—,∇^3 θ̂+1.0000 LR-0.000,cancela,θ̂-0.5163 LR-5.551,cancelada,sin par,0,,1,1,1,1,2,1
AR(7) Villaverde,1,15,0,1,SF,raíz,—,∇^1 θ̂+0.9443 LR-inf,cancela,—,,discrepan,1,estacionalidad en los residuos (p = 0.0464),0,1,0,1,1,1
AR(7) Villaverde,1,15,1,1,SF,estac.,—,∇^2 θ̂+1.0000 LR-0.000,cancela,θ̂-0.5639 LR10.757,genuina,coinciden,1,estacionalidad en los residuos (p = 0.0459),0,0,1,1,1,1
AR(7) Villaverde,1,15,2,1,SF,estac.,—,∇^3 θ̂+1.0000 LR-0.000,cancela,θ̂-0.5507 LR-6.432,cancelada,coinciden,0,,1,1,1,1,1,1
AR(7) Villaverde,1,16,0,1,SF,raíz,—,∇^1 θ̂+0.2755 LR13.762,genuina,—,,coinciden,0,,0,0,0,1,2,1
AR(7) Villaverde,1,16,1,1,SF,estac.,—,∇^2 θ̂+0.9496 LR0.246,cancela,θ̂+0.2755 LR13.762,genuina,coinciden,0,,1,0,0,1,2,1
AR(7) Villaverde,1,16,2,1,—,,—,∇^3 θ̂+1.0000 LR0.000,cancela,θ̂-0.0001 LR-4.777,cancelada,sin par,0,,1,1,1,1,2,1
AR(7) Villaverde,1,17,0,1,SF,raíz,—,∇^1 θ̂-0.2965 LR4.401,genuina,—,,—,0,,0,0,1,1,1,1
AR(7) Villaverde,1,17,1,1,SF,estac.,—,∇^2 θ̂+0.9936 LR0.019,cancela,θ̂-0.2965 LR4.401,genuina,coinciden,0,,1,0,1,1,1,1
AR(7) Villaverde,1,17,2,1,SF,estac.,—,∇^3 θ̂+1.0000 LR0.000,cancela,θ̂-0.0962 LR-9.563,cancelada,coinciden,0,,1,1,1,1,1,1
AR(7) Villaverde,1,18,0,1,SF,raíz,—,∇^1 θ̂-0.4524 LR22.518,genuina,—,,—,1,ruido blanco (Q): p mínimo = 0.0001,0,0,1,1,1,1
AR(7) Villaverde,1,18,1,1,SF,estac.,—,∇^2 θ̂+1.0000 LR0.000,cancela,θ̂-0.4524 LR22.518,genuina,coinciden,0,,1,0,1,1,1,1
AR(7) Villaverde,1,18,2,1,SF,estac.,—,∇^3 θ̂+1.0000 LR-0.000,cancela,θ̂-0.1738 LR0.612,cancelada,coinciden,0,,1,0,1,1,1,1
AR(7) Villaverde,1,19,0,1,SF,raíz,—,∇^1 θ̂-0.1474 LR2.995,genuina,—,,—,0,,0,0,1,1,1,1
AR(7) Villaverde,1,19,1,1,SF,estac.,—,∇^2 θ̂+1.0000 LR-0.000,cancela,θ̂-0.1474 LR2.995,genuina,coinciden,0,,1,0,1,1,1,1
AR(7) Villaverde,1,19,2,1,—,,—,∇^3 θ̂+1.0000 LR0.000,cancela,θ̂-0.3034 LR-4.884,cancelada,sin par,0,,1,1,1,1,1,1
AR(7) Villaverde,1,21,0,1,SF,raíz,—,∇^1 θ̂-0.5007 LR11.882,genuina,—,,—,0,,0,0,1,1,1,1
AR(7) Villaverde,1,21,1,1,SF,estac.,—,∇^2 θ̂+0.9871 LR0.023,cancela,θ̂-0.5007 LR11.882,genuina,coinciden,1,estacionalidad en los residuos (p = 0.0229),0,0,1,1,1,1
AR(7) Villaverde,1,21,2,1,SF,estac.,—,∇^3 θ̂+1.0000 LR-0.000,cancela,θ̂-0.7692 LR-4.559,cancelada,coinciden,1,estacionalidad en los residuos (p = 0.0154),0,1,1,1,1,1
AR(7) Villaverde,1,20,0,1,SF,raíz,—,∇^1 θ̂+0.9486 LR0.516,cancela,—,,discrepan,1,ruido blanco (Q): p mínimo = 0.0040,0,0,0,1,1,1
AR(7) Villaverde,1,20,1,1,SF,estac.,—,∇^2 θ̂+1.0000 LR0.000,cancela,θ̂-0.1663 LR-inf,cancelada,coinciden,0,,1,1,1,1,1,1
AR(7) Villaverde,1,20,2,1,SF,estac.,—,∇^3 θ̂+1.0000 LR-0.000,cancela,θ̂-0.0001 LR-9.011,cancelada,coinciden,0,,1,1,1,1,1,1
AR(7) Villaverde,1,22,0,1,SF,raíz,—,∇^1 θ̂+0.1835 LR11.586,genuina,—,,coinciden,0,,0,0,0,1,2,1
AR(7) Villaverde,1,22,1,1,SF,estac.,—,∇^2 θ̂+0.5401 LR-2.617,cancela,θ̂+0.1835 LR11.586,genuina,coinciden,0,,1,1,0,1,2,1
AR(7) Villaverde,1,22,2,1,—,,—,∇^3 θ̂+1.0000 LR0.000,cancela,θ̂-0.0001 LR-3.465,cancelada,sin par,0,,1,1,1,1,2,1
AR(7) Villaverde,1,23,0,1,—,,—,∇^1 θ̂+0.0001 LR11.323,,—,,sin par,1,ruido blanco (Q): p mínimo = 0.0030,0,0,0,2,2,1
AR(7) Villaverde,1,23,1,1,SF,raíz,—,∇^2 θ̂+0.0001 LR-1.003,cancela,θ̂-0.3764 LR13.747,genuina,discrepan,0,,0,1,1,2,2,1
AR(7) Villaverde,1,23,2,1,SF,estac.,—,∇^3 θ̂+1.0000 LR0.000,cancela,θ̂-0.3055 LR-0.691,cancelada,coinciden,0,,1,1,1,2,2,1
AR(7) Villaverde,1,24,0,1,SF,raíz,—,∇^1 θ̂+0.4584 LR13.681,genuina,—,,coinciden,1,"ruido blanco (Q): p mínimo = 0.0176; normalidad (JB): 9.900,",0,0,0,1,2,1
AR(7) Villaverde,1,24,1,1,SF,estac.,—,∇^2 θ̂+0.9207 LR2.262,genuina,θ̂+0.4584 LR13.680,genuina,discrepan,0,,0,0,0,1,2,1
AR(7) Villaverde,1,24,2,1,—,,—,∇^3 θ̂+1.0000 LR-0.000,cancela,θ̂+0.9207 LR2.262,genuina,sin par,0,,1,0,0,1,2,1
AR(7) Villaverde,1,25,0,1,SF,raíz,—,∇^1 θ̂-0.2571 LR-inf,cancela,—,,—,1,ruido blanco (Q): p mínimo = 0.0011; normalidad (JB): 10.161,0,1,1,1,2,1
AR(7) Villaverde,1,25,1,1,SF,estac.,—,∇^2 θ̂+1.0000 LR-0.000,cancela,θ̂-0.2571 LR-inf,cancelada,coinciden,1,"normalidad (JB): 8.803, p = 0.0123",0,1,1,1,2,1
AR(7) Villaverde,1,25,2,1,SF,estac.,—,∇^3 θ̂+1.0000 LR0.000,cancela,θ̂-0.2316 LR-5.617,cancelada,coinciden,1,"normalidad (JB): 10.031, p = 0.0066",0,1,1,1,2,1
AR(7) Villaverde,1,26,0,1,SF,raíz,—,∇^1 θ̂-0.9327 LR12.723,genuina,—,,—,1,ruido blanco (Q): p mínimo = 0.0190,0,0,1,1,1,1
AR(7) Villaverde,1,26,1,1,SF,estac.,—,∇^2 θ̂+1.0000 LR-0.000,cancela,θ̂-0.9327 LR12.723,genuina,coinciden,0,,1,0,1,1,1,1
AR(7) Villaverde,1,26,2,1,—,,—,∇^3 θ̂+1.0000 LR0.000,cancela,θ̂-0.9561 LR0.309,cancelada,sin par,0,,1,0,1,1,1,1
AR(7) Villaverde,1,27,0,1,SF,raíz,—,∇^1 θ̂+0.5362 LR6.367,genuina,—,,coinciden,1,"normalidad (JB): 6.571, p = 0.0374; media residual distinta ",0,0,0,1,1,1
AR(7) Villaverde,1,27,1,1,SF,estac.,—,∇^2 θ̂+0.9849 LR0.321,cancela,θ̂+0.5362 LR-inf,cancelada,coinciden,1,media residual distinta de cero: t = -2.32,0,1,0,1,1,1
AR(7) Villaverde,1,27,2,1,—,,—,∇^3 θ̂+1.0000 LR-0.000,cancela,θ̂+0.9849 LR0.321,cancelada,sin par,0,,1,0,0,1,1,1
AR(7) Villaverde,1,28,0,1,SF,raíz,—,∇^1 θ̂+0.9593 LR1.047,cancela,—,,discrepan,0,,0,0,0,1,2,1
AR(7) Villaverde,1,28,1,1,SF,estac.,—,∇^2 θ̂+0.9720 LR2.266,genuina,θ̂-1.0000 LR6.269,genuina,discrepan,0,,0,0,1,1,2,1
AR(7) Villaverde,1,28,2,1,—,,—,∇^3 θ̂+1.0000 LR-0.000,cancela,θ̂+0.9720 LR2.266,genuina,sin par,0,,1,0,0,1,2,1
AR(7) Villaverde,1,29,0,1,—,,—,∇^1 θ̂+1.0000 LR0.000,cancela,—,,sin par,1,"normalidad (JB): 11.770, p = 0.0028",0,0,0,1,1,2
AR(7) Villaverde,1,29,1,1,SF,estac.,—,∇^2 θ̂+1.0000 LR-0.000,cancela,θ̂-0.2916 LR6.670,genuina,coinciden,1,"normalidad (JB): 15.303, p = 0.0005",0,0,1,1,1,2
AR(7) Villaverde,1,29,2,1,SF,estac.,—,∇^3 θ̂+1.0000 LR0.000,cancela,θ̂-0.1112 LR-4.044,cancelada,coinciden,1,"normalidad (JB): 8.784, p = 0.0124",0,1,1,1,1,2
AR(7) Villaverde,1,30,0,1,SF,raíz,—,∇^1 θ̂+0.1410 LR13.663,genuina,—,,coinciden,1,ruido blanco (Q): p mínimo = 0.0000; media residual distinta,0,0,0,1,1,1
AR(7) Villaverde,1,30,1,1,SF,estac.,—,∇^2 θ̂+0.9937 LR0.015,cancela,θ̂+0.1410 LR-inf,cancelada,coinciden,0,,1,1,0,1,1,1
AR(7) Villaverde,1,30,2,1,—,,—,∇^3 θ̂+1.0000 LR-0.000,cancela,θ̂-0.7688 LR-4.978,cancelada,sin par,0,,1,1,1,1,1,1
AR(7) Villaverde,1,31,0,1,SF,raíz,—,∇^1 θ̂-0.2001 LR17.701,genuina,—,,—,1,ruido blanco (Q): p mínimo = 0.0001,0,0,1,1,1,1
AR(7) Villaverde,1,31,1,1,SF,estac.,—,∇^2 θ̂+0.2117 LR-5.214,cancela,θ̂-0.2001 LR17.701,genuina,coinciden,1,"normalidad (JB): 7.878, p = 0.0195",0,1,1,1,1,1
AR(7) Villaverde,1,31,2,1,SF,estac.,—,∇^3 θ̂+1.0000 LR-0.000,cancela,θ̂-0.0001 LR-5.269,cancelada,coinciden,1,"normalidad (JB): 7.575, p = 0.0226",0,1,1,1,1,1
AR(7) Villaverde,1,32,0,1,SF,raíz,—,∇^1 θ̂+0.0981 LR12.363,genuina,—,,coinciden,0,,0,0,0,1,1,1
AR(7) Villaverde,1,32,1,1,SF,estac.,—,∇^2 θ̂+1.0000 LR-0.000,cancela,θ̂+0.0981 LR-inf,cancelada,coinciden,0,,1,1,0,1,1,1
AR(7) Villaverde,1,32,2,1,—,,—,∇^3 θ̂+1.0000 LR0.000,cancela,θ̂-0.6089 LR-6.490,cancelada,sin par,0,,1,1,1,1,1,1
AR(7) Villaverde,1,33,0,1,SF,raíz,—,∇^1 θ̂+0.9854 LR0.041,cancela,—,,discrepan,0,,0,0,0,1,1,1
AR(7) Villaverde,1,33,1,1,SF,estac.,—,∇^2 θ̂+1.0000 LR-0.000,cancela,θ̂-0.0950 LR3.513,genuina,coinciden,0,,1,0,1,1,1,1
AR(7) Villaverde,1,33,2,1,—,,—,∇^3 θ̂+1.0000 LR-0.000,cancela,θ̂-0.0001 LR-6.760,cancelada,sin par,0,,1,1,1,1,1,1
AR(7) Villaverde,1,34,0,1,SF,raíz,—,∇^1 θ̂+0.0520 LR12.496,genuina,—,,coinciden,1,media residual distinta de cero: t = -2.52,0,0,0,1,1,1
AR(7) Villaverde,1,34,1,1,SF,estac.,—,∇^2 θ̂+1.0000 LR-0.000,cancela,θ̂+0.0520 LR12.493,genuina,coinciden,1,media residual distinta de cero: t = -2.03,0,0,0,1,1,1
AR(7) Villaverde,1,34,2,1,—,,—,∇^3 θ̂+1.0000 LR0.000,cancela,θ̂+0.0073 LR-13.752,cancelada,sin par,0,,1,1,0,1,1,1
AR(7) Villaverde,1,35,0,1,SF,raíz,—,∇^1 θ̂+0.9363 LR-0.295,cancela,—,,discrepan,1,ruido blanco (Q): p mínimo = 0.0000,0,1,0,1,1,1
AR(7) Villaverde,1,35,1,1,SF,estac.,—,∇^2 θ̂+1.0000 LR-0.000,cancela,θ̂-0.0766 LR13.332,genuina,coinciden,1,ruido blanco (Q): p mínimo = 0.0016,0,0,1,1,1,1
AR(7) Villaverde,1,35,2,1,SF,estac.,—,∇^3 θ̂+1.0000 LR-0.000,cancela,θ̂-0.6125 LR-3.638,cancelada,coinciden,1,ruido blanco (Q): p mínimo = 0.0018,0,1,1,1,1,1
AR(7) Villaverde,1,36,0,1,SF,raíz,—,∇^1 θ̂-0.4861 LR20.935,genuina,—,,—,0,,0,0,1,1,1,1
AR(7) Villaverde,1,36,1,1,SF,estac.,—,∇^2 θ̂+1.0000 LR-0.000,cancela,θ̂-0.4861 LR-inf,cancelada,coinciden,0,,1,1,1,1,1,1
AR(7) Villaverde,1,36,2,1,SF,estac.,—,∇^3 θ̂+1.0000 LR0.000,cancela,θ̂-0.9356 LR-5.011,cancelada,coinciden,0,,1,1,1,1,1,1
AR(7) Villaverde,1,37,0,1,SF,raíz,—,∇^1 θ̂-0.2104 LR-inf,cancela,—,,—,0,,0,1,1,1,1,1
AR(7) Villaverde,1,37,1,1,SF,estac.,—,∇^2 θ̂+1.0000 LR-0.000,cancela,θ̂-0.2104 LR-inf,cancelada,coinciden,0,,1,1,1,1,1,1
AR(7) Villaverde,1,37,2,1,SF,estac.,—,∇^3 θ̂+1.0000 LR0.000,cancela,θ̂-0.0001 LR-7.337,cancelada,coinciden,0,,1,1,1,1,1,1
AR(7) Villaverde,1,38,0,1,SF,raíz,—,∇^1 θ̂-0.2187 LR30.161,genuina,—,,—,1,ruido blanco (Q): p mínimo = 0.0001,0,0,1,1,1,1
AR(7) Villaverde,1,38,1,1,SF,estac.,—,∇^2 θ̂+1.0000 LR-0.000,cancela,θ̂-0.2187 LR-inf,cancelada,coinciden,0,,1,1,1,1,1,1
AR(7) Villaverde,1,38,2,1,SF,estac.,—,∇^3 θ̂+1.0000 LR-0.000,cancela,θ̂-0.9568 LR-8.072,cancelada,coinciden,0,,1,1,1,1,1,1
AR(7) Villaverde,1,39,0,1,SF,raíz,—,∇^1 θ̂+0.3898 LR2.215,genuina,—,,coinciden,1,estacionalidad en los residuos (p = 0.0332),0,0,0,1,2,1
AR(7) Villaverde,1,39,1,1,SF,estac.,—,∇^2 θ̂+0.4621 LR-3.171,cancela,θ̂+0.3898 LR2.215,genuina,coinciden,1,estacionalidad en los residuos (p = 0.0323),0,1,0,1,2,1
AR(7) Villaverde,1,39,2,1,—,,—,∇^3 θ̂+1.0000 LR-0.000,cancela,θ̂-0.0001 LR-4.574,cancelada,sin par,1,estacionalidad en los residuos (p = 0.0253),0,1,1,1,2,1
AR(7) Villaverde,1,40,0,1,SF,raíz,—,∇^1 θ̂-0.1474 LR4.016,genuina,—,,—,1,"ruido blanco (Q): p mínimo = 0.0151; normalidad (JB): 7.728,",0,0,1,1,0,1
AR(7) Villaverde,1,40,1,1,SF,estac.,—,∇^2 θ̂+1.0000 LR0.000,cancela,θ̂-0.1474 LR4.016,genuina,coinciden,0,,1,0,1,1,0,1
AR(7) Villaverde,1,40,2,1,—,,—,∇^3 θ̂+1.0000 LR-0.000,cancela,θ̂+1.0000 LR-0.000,cancelada,sin par,1,ruido blanco (Q): p mínimo = 0.0219,0,0,0,1,0,1
AR(7) Villaverde,1,41,0,1,SF,raíz,—,∇^1 θ̂+0.1169 LR11.160,genuina,—,,coinciden,0,,0,0,0,1,1,1
AR(7) Villaverde,1,41,1,1,SF,estac.,—,∇^2 θ̂+1.0000 LR-0.000,cancela,θ̂+0.1169 LR11.160,genuina,coinciden,0,,1,0,0,1,1,1
AR(7) Villaverde,1,41,2,1,—,,—,∇^3 θ̂+1.0000 LR-0.000,cancela,θ̂-0.0001 LR-4.383,cancelada,sin par,0,,1,1,1,1,1,1
AR(7) Villaverde,1,42,0,1,SF,raíz,—,∇^1 θ̂-0.1549 LR7.798,genuina,—,,—,0,,0,0,1,1,1,1
AR(7) Villaverde,1,42,1,1,SF,estac.,—,∇^2 θ̂+1.0000 LR0.000,cancela,θ̂-0.1549 LR7.798,genuina,coinciden,0,,1,0,1,1,1,1
AR(7) Villaverde,1,42,2,1,—,,—,∇^3 θ̂+1.0000 LR-0.000,cancela,θ̂-0.0001 LR-7.410,cancelada,sin par,0,,1,1,1,1,1,1
AR(7) Villaverde,1,43,0,1,SF,raíz,—,∇^1 θ̂-0.1156 LR-inf,cancela,—,,—,0,,0,1,1,1,1,1
AR(7) Villaverde,1,43,1,1,SF,estac.,—,∇^2 θ̂+1.0000 LR-0.000,cancela,θ̂-0.1156 LR-inf,cancelada,coinciden,0,,1,1,1,1,1,1
AR(7) Villaverde,1,43,2,1,—,,—,∇^3 θ̂+1.0000 LR-0.000,cancela,θ̂-0.0001 LR-9.499,cancelada,sin par,0,,1,1,1,1,1,1
AR(7) Villaverde,1,44,0,1,SF,raíz,—,∇^1 θ̂-0.1583 LR7.344,genuina,—,,—,0,,0,0,1,1,1,1
AR(7) Villaverde,1,44,1,1,SF,estac.,—,∇^2 θ̂+1.0000 LR-0.000,cancela,θ̂-0.1583 LR7.344,genuina,coinciden,0,,1,0,1,1,1,1
AR(7) Villaverde,1,44,2,1,—,,—,∇^3 θ̂+1.0000 LR0.000,cancela,θ̂+1.0000 LR-0.000,cancelada,sin par,0,,1,0,0,1,1,1
AR(7) Villaverde,1,45,0,1,SF,raíz,—,∇^1 θ̂-0.1485 LR20.427,genuina,—,,—,1,ruido blanco (Q): p mínimo = 0.0002,0,0,1,1,1,1
AR(7) Villaverde,1,45,1,1,SF,estac.,—,∇^2 θ̂+1.0000 LR0.000,cancela,θ̂-0.1485 LR20.435,genuina,coinciden,0,,1,0,1,1,1,1
AR(7) Villaverde,1,45,2,1,SF,estac.,—,∇^3 θ̂+1.0000 LR0.000,cancela,θ̂-0.2671 LR-5.257,cancelada,coinciden,0,,1,1,1,1,1,1
AR(7) Villaverde,1,46,0,1,SF,raíz,—,∇^1 θ̂+0.0696 LR14.326,genuina,—,,coinciden,1,ruido blanco (Q): p mínimo = 0.0005,0,0,0,1,1,1
AR(7) Villaverde,1,46,1,1,SF,estac.,—,∇^2 θ̂+1.0000 LR-0.000,cancela,θ̂+0.0696 LR14.326,genuina,coinciden,0,,1,0,0,1,1,1
AR(7) Villaverde,1,46,2,1,—,,—,∇^3 θ̂+1.0000 LR0.000,cancela,θ̂-0.2600 LR-4.769,cancelada,sin par,0,,1,1,1,1,1,1
AR(7) Villaverde,1,47,0,1,—,,—,∇^1 θ̂+0.0280 LR18.162,,—,,sin par,1,ruido blanco (Q): p mínimo = 0.0000,0,0,0,1,1,2
AR(7) Villaverde,1,47,1,1,SF,raíz,—,∇^2 θ̂+0.5727 LR-2.218,cancela,θ̂+0.0280 LR18.896,genuina,discrepan,0,,0,1,0,1,1,2
AR(7) Villaverde,1,47,2,1,—,,—,∇^3 θ̂+1.0000 LR0.000,cancela,θ̂-0.7309 LR0.297,cancelada,sin par,0,,1,0,1,1,1,2
AR(7) Villaverde,1,49,0,1,SF,raíz,—,∇^1 θ̂+0.4822 LR-inf,cancela,—,,discrepan,1,ruido blanco (Q): p mínimo = 0.0001; media residual distinta,0,1,0,1,1,1
AR(7) Villaverde,1,49,1,1,SF,estac.,—,∇^2 θ̂+0.6979 LR0.513,cancela,θ̂+0.4822 LR45.615,genuina,coinciden,0,,1,0,0,1,1,1
AR(7) Villaverde,1,49,2,1,—,,—,∇^3 θ̂+1.0000 LR0.000,cancela,θ̂-0.0001 LR0.269,cancelada,sin par,0,,1,0,1,1,1,1
AR(7) Villaverde,1,48,0,1,SF,raíz,—,∇^1 θ̂-0.4714 LR5.669,genuina,—,,—,0,,0,0,1,1,1,1
AR(7) Villaverde,1,48,1,1,SF,estac.,—,∇^2 θ̂+1.0000 LR-0.000,cancela,θ̂-0.4714 LR5.669,genuina,coinciden,0,,1,0,1,1,1,1
AR(7) Villaverde,1,48,2,1,SF,estac.,—,∇^3 θ̂+1.0000 LR-0.000,cancela,θ̂-0.5858 LR-4.978,cancelada,coinciden,0,,1,1,1,1,1,1
